Date/Time,Min (count/min),Max (count/min),Avg (count/min),Source
2024-03-30 11:27:15,159,159,159,Davinder’s Apple Watch
2024-03-30 11:27:21,158,158,158,Davinder’s Apple Watch
2024-03-30 11:27:23,158,158,158,Davinder’s Apple Watch
2024-03-30 11:27:29,155,155,155,Davinder’s Apple Watch
2024-03-30 11:27:36,151,151,151,Davinder’s Apple Watch
2024-03-30 11:27:40,150,150,150,Davinder’s Apple Watch
2024-03-30 11:27:42,149,149,149,Davinder’s Apple Watch
2024-03-30 11:27:47,145,145,145,Davinder’s Apple Watch
2024-03-30 11:27:56,141,141,141,Davinder’s Apple Watch
2024-03-30 11:27:58,140,140,140,Davinder’s Apple Watch
2024-03-30 11:28:03,139,139,139,Davinder’s Apple Watch
2024-03-30 11:28:11,138,138,138,Davinder’s Apple Watch
2024-03-30 11:28:14,136,136,136,Davinder’s Apple Watch
2024-03-30 11:28:18,137,137,137,Davinder’s Apple Watch
2024-03-30 11:28:22,136,136,136,Davinder’s Apple Watch
2024-03-30 11:28:29,132,132,132,Davinder’s Apple Watch
2024-03-30 11:28:35,133,133,133,Davinder’s Apple Watch
2024-03-30 11:28:41,137,137,137,Davinder’s Apple Watch
2024-03-30 11:28:46,136,136,136,Davinder’s Apple Watch
2024-03-30 11:28:49,136,136,136,Davinder’s Apple Watch
2024-03-30 11:28:53,135,135,135,Davinder’s Apple Watch
2024-03-30 11:28:59,136,136,136,Davinder’s Apple Watch
2024-03-30 11:29:04,134,134,134,Davinder’s Apple Watch
