,Date/Time,Min (count/min),Max (count/min),Avg (count/min),Source,Track Description
0,2024-04-14 15:17:22,95,95,95,Davinder’s Apple Watch,"DJ Rashad, DJ Spinn & Taso - Roll Up That Loud"
1,2024-04-14 15:17:26,97,97,97,Davinder’s Apple Watch,"DJ Rashad, DJ Spinn & Taso - Roll Up That Loud"
2,2024-04-14 15:17:32,100,100,100,Davinder’s Apple Watch,"DJ Rashad, DJ Spinn & Taso - Roll Up That Loud"
3,2024-04-14 15:17:41,102,102,102,Davinder’s Apple Watch,"DJ Rashad, DJ Spinn & Taso - Roll Up That Loud"
4,2024-04-14 15:17:51,107,107,107,Davinder’s Apple Watch,"DJ Rashad, DJ Spinn & Taso - Roll Up That Loud"
5,2024-04-14 15:17:56,110,110,110,Davinder’s Apple Watch,"DJ Rashad, DJ Spinn & Taso - Roll Up That Loud"
6,2024-04-14 15:17:58,111,111,111,Davinder’s Apple Watch,"DJ Rashad, DJ Spinn & Taso - Roll Up That Loud"
7,2024-04-14 15:18:02,114,114,114,Davinder’s Apple Watch,"DJ Rashad, DJ Spinn & Taso - Roll Up That Loud"
8,2024-04-14 15:18:09,119,119,119,Davinder’s Apple Watch,"DJ Rashad, DJ Spinn & Taso - Roll Up That Loud"
9,2024-04-14 15:18:12,122,122,122,Davinder’s Apple Watch,"DJ Rashad, DJ Spinn & Taso - Roll Up That Loud"
10,2024-04-14 15:18:17,126,126,126,Davinder’s Apple Watch,"DJ Rashad, DJ Spinn & Taso - Roll Up That Loud"
11,2024-04-14 15:18:24,132,132,132,Davinder’s Apple Watch,"DJ Rashad, DJ Spinn & Taso - Roll Up That Loud"
12,2024-04-14 15:18:29,135,135,135,Davinder’s Apple Watch,"DJ Rashad, DJ Spinn & Taso - Roll Up That Loud"
13,2024-04-14 15:18:35,135,135,135,Davinder’s Apple Watch,"DJ Rashad, DJ Spinn & Taso - Roll Up That Loud"
14,2024-04-14 15:18:41,139,139,139,Davinder’s Apple Watch,"DJ Rashad, DJ Spinn & Taso - Roll Up That Loud"
15,2024-04-14 15:18:46,139,139,139,Davinder’s Apple Watch,"DJ Rashad, DJ Spinn & Taso - Roll Up That Loud"
16,2024-04-14 15:18:50,141,141,141,Davinder’s Apple Watch,"DJ Rashad, DJ Spinn & Taso - Roll Up That Loud"
17,2024-04-14 15:18:54,141,141,141,Davinder’s Apple Watch,"DJ Rashad, DJ Spinn & Taso - Roll Up That Loud"
18,2024-04-14 15:19:01,140,140,140,Davinder’s Apple Watch,"DJ Rashad, DJ Manny & DJ Spinn - Let's Roll Out"
19,2024-04-14 15:19:05,140,140,140,Davinder’s Apple Watch,DJ Rashad & DJ Earl - Wear Her Pussy Out
20,2024-04-14 15:19:11,139,139,139,Davinder’s Apple Watch,
21,2024-04-14 15:19:13,139,139,139,Davinder’s Apple Watch,"DJ Rashad, Tripletrain & DJ Spinn - Pass That"
22,2024-04-14 15:19:21,138,138,138,Davinder’s Apple Watch,
23,2024-04-14 15:19:26,136,136,136,Davinder’s Apple Watch,"DJ Rashad, DJ Spinn & DJ Paypal - Do You Wanna Be Mine"
24,2024-04-14 15:19:27,137,137,137,Davinder’s Apple Watch,"DJ Rashad, DJ Spinn & DJ Paypal - Do You Wanna Be Mine"
25,2024-04-14 15:19:36,134,134,134,Davinder’s Apple Watch,"DJ Rashad, DJ Spinn & DJ Paypal - Do You Wanna Be Mine"
26,2024-04-14 15:19:39,134,134,134,Davinder’s Apple Watch,"DJ Rashad, DJ Spinn & DJ Paypal - Do You Wanna Be Mine"
27,2024-04-14 15:19:43,134,134,134,Davinder’s Apple Watch,DJ Rashad - Everybody (feat. Freshmoon)
28,2024-04-14 15:19:51,134,134,134,Davinder’s Apple Watch,DJ Rashad - Everybody (feat. Freshmoon)
29,2024-04-14 15:19:54,132,132,132,Davinder’s Apple Watch,DJ Rashad - Everybody (feat. Freshmoon)
30,2024-04-14 15:20:01,131,131,131,Davinder’s Apple Watch,DJ Rashad - Everybody (feat. Freshmoon)
31,2024-04-14 15:20:02,132,132,132,Davinder’s Apple Watch,DJ Rashad - Everybody (feat. Freshmoon)
32,2024-04-14 15:20:10,132,132,132,Davinder’s Apple Watch,DJ Rashad - Everybody (feat. Freshmoon)
33,2024-04-14 15:20:16,132,132,132,Davinder’s Apple Watch,DJ Rashad - Everybody (feat. Freshmoon)
34,2024-04-14 15:20:18,133,133,133,Davinder’s Apple Watch,DJ Rashad - Everybody (feat. Freshmoon)
35,2024-04-14 15:20:22,133,133,133,Davinder’s Apple Watch,DJ Rashad - Everybody (feat. Freshmoon)
36,2024-04-14 15:20:31,137,137,137,Davinder’s Apple Watch,DJ Rashad - Everybody (feat. Freshmoon)
37,2024-04-14 15:20:35,138,138,138,Davinder’s Apple Watch,DJ Rashad - Everybody (feat. Freshmoon)
38,2024-04-14 15:20:39,141,141,141,Davinder’s Apple Watch,DJ Rashad - Everybody (feat. Freshmoon)
39,2024-04-14 15:20:44,141,141,141,Davinder’s Apple Watch,DJ Rashad - Everybody (feat. Freshmoon)
40,2024-04-14 15:20:51,140,140,140,Davinder’s Apple Watch,DJ Rashad - Everybody (feat. Freshmoon)
41,2024-04-14 15:20:55,140,140,140,Davinder’s Apple Watch,DJ Rashad - Everybody (feat. Freshmoon)
42,2024-04-14 15:21:01,142,142,142,Davinder’s Apple Watch,DJ Rashad - Everybody (feat. Freshmoon)
43,2024-04-14 15:21:07,139,139,139,Davinder’s Apple Watch,DJ Rashad - Everybody (feat. Freshmoon)
44,2024-04-14 15:21:12,138,138,138,Davinder’s Apple Watch,DJ Rashad - Everybody (feat. Freshmoon)
45,2024-04-14 15:21:16,137,137,137,Davinder’s Apple Watch,DJ Rashad - Everybody (feat. Freshmoon)
46,2024-04-14 15:21:20,138,138,138,Davinder’s Apple Watch,DJ Rashad - Everybody (feat. Freshmoon)
47,2024-04-14 15:21:23,137,137,137,Davinder’s Apple Watch,DJ Rashad - Everybody (feat. Freshmoon)
48,2024-04-14 15:21:31,136,136,136,Davinder’s Apple Watch,DJ Rashad - Everybody (feat. Freshmoon)
49,2024-04-14 15:21:37,136,136,136,Davinder’s Apple Watch,DJ Rashad - Everybody (feat. Freshmoon)
50,2024-04-14 15:21:40,136,136,136,Davinder’s Apple Watch,DJ Rashad - Everybody (feat. Freshmoon)
51,2024-04-14 15:21:43,136,136,136,Davinder’s Apple Watch,DJ Rashad - Everybody (feat. Freshmoon)
52,2024-04-14 15:21:49,137,137,137,Davinder’s Apple Watch,DJ Rashad - Everybody (feat. Freshmoon)
53,2024-04-14 15:21:55,137,137,137,Davinder’s Apple Watch,DJ Rashad - Everybody (feat. Freshmoon)
54,2024-04-14 15:21:58,137,137,137,Davinder’s Apple Watch,DJ Rashad - Everybody (feat. Freshmoon)
55,2024-04-14 15:22:05,138,138,138,Davinder’s Apple Watch,DJ Rashad - Everybody (feat. Freshmoon)
56,2024-04-14 15:22:10,140,140,140,Davinder’s Apple Watch,DJ Rashad - Everybody (feat. Freshmoon)
57,2024-04-14 15:22:17,142,142,142,Davinder’s Apple Watch,DJ Rashad - Everybody (feat. Freshmoon)
58,2024-04-14 15:22:22,140,140,140,Davinder’s Apple Watch,DJ Rashad - Everybody (feat. Freshmoon)
59,2024-04-14 15:22:24,139,139,139,Davinder’s Apple Watch,DJ Rashad - Everybody (feat. Freshmoon)
60,2024-04-14 15:22:28,139,139,139,Davinder’s Apple Watch,DJ Rashad - Everybody (feat. Freshmoon)
61,2024-04-14 15:22:35,138,138,138,Davinder’s Apple Watch,DJ Rashad - Everybody (feat. Freshmoon)
62,2024-04-14 15:22:39,137,137,137,Davinder’s Apple Watch,DJ Rashad - Everybody (feat. Freshmoon)
63,2024-04-14 15:22:47,140,140,140,Davinder’s Apple Watch,DJ Rashad - Everybody (feat. Freshmoon)
64,2024-04-14 15:22:51,140,140,140,Davinder’s Apple Watch,DJ Rashad - Everybody (feat. Freshmoon)
65,2024-04-14 15:22:55,140,140,140,Davinder’s Apple Watch,DJ Rashad - Everybody (feat. Freshmoon)
66,2024-04-14 15:23:00,140,140,140,Davinder’s Apple Watch,DJ Rashad - Way I Feel (feat. DJ Manny)
67,2024-04-14 15:23:03,140,140,140,Davinder’s Apple Watch,DJ Rashad - Way I Feel (feat. DJ Manny)
68,2024-04-14 15:23:08,141,141,141,Davinder’s Apple Watch,DJ Rashad - Way I Feel (feat. DJ Manny)
69,2024-04-14 15:23:17,141,141,141,Davinder’s Apple Watch,DJ Rashad - Way I Feel (feat. DJ Manny)
70,2024-04-14 15:23:18,140,140,140,Davinder’s Apple Watch,DJ Rashad - Way I Feel (feat. DJ Manny)
71,2024-04-14 15:23:27,140,140,140,Davinder’s Apple Watch,DJ Rashad - Way I Feel (feat. DJ Manny)
72,2024-04-14 15:23:32,140,140,140,Davinder’s Apple Watch,DJ Rashad - Way I Feel (feat. DJ Manny)
73,2024-04-14 15:23:33,140,140,140,Davinder’s Apple Watch,DJ Rashad - Way I Feel (feat. DJ Manny)
74,2024-04-14 15:23:39,143,143,143,Davinder’s Apple Watch,DJ Rashad - Way I Feel (feat. DJ Manny)
75,2024-04-14 15:23:43,145,145,145,Davinder’s Apple Watch,DJ Rashad - Way I Feel (feat. DJ Manny)
76,2024-04-14 15:23:49,146,146,146,Davinder’s Apple Watch,DJ Rashad - Way I Feel (feat. DJ Manny)
77,2024-04-14 15:23:53,143,143,143,Davinder’s Apple Watch,DJ Rashad - Way I Feel (feat. DJ Manny)
78,2024-04-14 15:23:58,141,141,141,Davinder’s Apple Watch,DJ Rashad - Way I Feel (feat. DJ Manny)
79,2024-04-14 15:24:07,139,139,139,Davinder’s Apple Watch,DJ Rashad - Way I Feel (feat. DJ Manny)
80,2024-04-14 15:24:10,139,139,139,Davinder’s Apple Watch,DJ Rashad - Way I Feel (feat. DJ Manny)
81,2024-04-14 15:24:16,139,139,139,Davinder’s Apple Watch,DJ Rashad - Way I Feel (feat. DJ Manny)
82,2024-04-14 15:24:21,140,140,140,Davinder’s Apple Watch,DJ Rashad - Way I Feel (feat. DJ Manny)
83,2024-04-14 15:24:23,140,140,140,Davinder’s Apple Watch,DJ Rashad - Way I Feel (feat. DJ Manny)
84,2024-04-14 15:24:31,144,144,144,Davinder’s Apple Watch,DJ Rashad - Way I Feel (feat. DJ Manny)
85,2024-04-14 15:24:35,145,145,145,Davinder’s Apple Watch,DJ Rashad - Way I Feel (feat. DJ Manny)
86,2024-04-14 15:24:42,145,145,145,Davinder’s Apple Watch,DJ Rashad - Way I Feel (feat. DJ Manny)
87,2024-04-14 15:24:43,145,145,145,Davinder’s Apple Watch,DJ Rashad - Way I Feel (feat. DJ Manny)
88,2024-04-14 15:24:51,147,147,147,Davinder’s Apple Watch,DJ Rashad - Way I Feel (feat. DJ Manny)
89,2024-04-14 15:24:56,148,148,148,Davinder’s Apple Watch,DJ Rashad - Way I Feel (feat. DJ Manny)
90,2024-04-14 15:25:01,146,146,146,Davinder’s Apple Watch,DJ Rashad - Way I Feel (feat. DJ Manny)
91,2024-04-14 15:25:05,145,145,145,Davinder’s Apple Watch,DJ Rashad - Way I Feel (feat. DJ Manny)
92,2024-04-14 15:25:21,141,141,141,Davinder’s Apple Watch,DJ Rashad - Way I Feel (feat. DJ Manny)
93,2024-04-14 15:25:25,141,141,141,Davinder’s Apple Watch,DJ Rashad & DJ Tre - Yeah We Do This
94,2024-04-14 15:25:28,141,141,141,Davinder’s Apple Watch,DJ Rashad & DJ Tre - Yeah We Do This
95,2024-04-14 15:25:34,140,140,140,Davinder’s Apple Watch,DJ Rashad & DJ Tre - Yeah We Do This
96,2024-04-14 15:25:38,138,138,138,Davinder’s Apple Watch,DJ Rashad & DJ Tre - Yeah We Do This
97,2024-04-14 15:25:46,141,141,141,Davinder’s Apple Watch,DJ Rashad & DJ Tre - Yeah We Do This
98,2024-04-14 15:25:49,141,141,141,Davinder’s Apple Watch,DJ Rashad & DJ Tre - Yeah We Do This
99,2024-04-14 15:25:54,139,139,139,Davinder’s Apple Watch,DJ Rashad & DJ Tre - Yeah We Do This
100,2024-04-14 15:26:02,135,135,135,Davinder’s Apple Watch,DJ Rashad & DJ Tre - Yeah We Do This
101,2024-04-14 15:26:05,135,135,135,Davinder’s Apple Watch,DJ Rashad & DJ Tre - Yeah We Do This
102,2024-04-14 15:26:09,135,135,135,Davinder’s Apple Watch,DJ Rashad & DJ Tre - Yeah We Do This
103,2024-04-14 15:26:13,135,135,135,Davinder’s Apple Watch,DJ Rashad & DJ Tre - Yeah We Do This
104,2024-04-14 15:26:18,136,136,136,Davinder’s Apple Watch,DJ Rashad & DJ Tre - Yeah We Do This
105,2024-04-14 15:26:26,137,137,137,Davinder’s Apple Watch,DJ Rashad & DJ Tre - Yeah We Do This
106,2024-04-14 15:26:29,138,138,138,Davinder’s Apple Watch,DJ Rashad & DJ Tre - Yeah We Do This
107,2024-04-14 15:26:35,137,137,137,Davinder’s Apple Watch,DJ Rashad & DJ Tre - Yeah We Do This
108,2024-04-14 15:26:42,138,138,138,Davinder’s Apple Watch,DJ Rashad & DJ Tre - Yeah We Do This
109,2024-04-14 15:26:43,137,137,137,Davinder’s Apple Watch,DJ Rashad & DJ Tre - Yeah We Do This
110,2024-04-14 15:26:48,136,136,136,Davinder’s Apple Watch,DJ Rashad & DJ Tre - Yeah We Do This
111,2024-04-14 15:26:57,133,133,133,Davinder’s Apple Watch,DJ Rashad - Rollin'
112,2024-04-14 15:26:58,132,132,132,Davinder’s Apple Watch,DJ Rashad - Rollin'
113,2024-04-14 15:27:06,130,130,130,Davinder’s Apple Watch,DJ Rashad - K Swiss
114,2024-04-14 15:27:09,131,131,131,Davinder’s Apple Watch,DJ Rashad - K Swiss
115,2024-04-14 15:27:17,127,127,127,Davinder’s Apple Watch,DJ Rashad - K Swiss
116,2024-04-14 15:27:22,127,127,127,Davinder’s Apple Watch,
117,2024-04-14 15:27:24,128,128,128,Davinder’s Apple Watch,DJ Rashad - CCP2 (feat. DJ Spinn)
118,2024-04-14 15:27:33,131,131,131,Davinder’s Apple Watch,DJ Rashad - CCP2 (feat. DJ Spinn)
119,2024-04-14 15:27:35,130,130,130,Davinder’s Apple Watch,DJ Rashad - CCP2 (feat. DJ Spinn)
120,2024-04-14 15:27:39,129,129,129,Davinder’s Apple Watch,DJ Rashad - CCP2 (feat. DJ Spinn)
121,2024-04-14 15:27:44,128,128,128,Davinder’s Apple Watch,DJ Rashad - CCP2 (feat. DJ Spinn)
122,2024-04-14 15:27:53,129,129,129,Davinder’s Apple Watch,DJ Rashad - CCP2 (feat. DJ Spinn)
123,2024-04-14 15:27:56,130,130,130,Davinder’s Apple Watch,DJ Rashad - CCP2 (feat. DJ Spinn)
124,2024-04-14 15:28:01,130,130,130,Davinder’s Apple Watch,DJ Rashad - CCP2 (feat. DJ Spinn)
125,2024-04-14 15:28:05,131,131,131,Davinder’s Apple Watch,DJ Rashad - CCP2 (feat. DJ Spinn)
126,2024-04-14 15:28:12,134,134,134,Davinder’s Apple Watch,DJ Rashad - CCP2 (feat. DJ Spinn)
127,2024-04-14 15:28:18,133,133,133,Davinder’s Apple Watch,DJ Rashad - CCP2 (feat. DJ Spinn)
128,2024-04-14 15:28:19,133,133,133,Davinder’s Apple Watch,DJ Rashad - CCP2 (feat. DJ Spinn)
129,2024-04-14 15:28:28,135,135,135,Davinder’s Apple Watch,DJ Rashad - CCP2 (feat. DJ Spinn)
130,2024-04-14 15:28:32,137,137,137,Davinder’s Apple Watch,DJ Rashad - CCP2 (feat. DJ Spinn)
131,2024-04-14 15:28:37,137,137,137,Davinder’s Apple Watch,DJ Rashad - CCP2 (feat. DJ Spinn)
132,2024-04-14 15:28:40,138,138,138,Davinder’s Apple Watch,DJ Rashad - CCP2 (feat. DJ Spinn)
133,2024-04-14 15:28:48,138,138,138,Davinder’s Apple Watch,DJ Rashad - CCP2 (feat. DJ Spinn)
134,2024-04-14 15:28:49,138,138,138,Davinder’s Apple Watch,DJ Rashad - CCP2 (feat. DJ Spinn)
135,2024-04-14 15:28:58,134,134,134,Davinder’s Apple Watch,DJ Rashad - CCP2 (feat. DJ Spinn)
136,2024-04-14 15:29:03,134,134,134,Davinder’s Apple Watch,DJ Rashad - CCP2 (feat. DJ Spinn)
137,2024-04-14 15:29:04,134,134,134,Davinder’s Apple Watch,DJ Rashad - CCP2 (feat. DJ Spinn)
138,2024-04-14 15:29:11,138,138,138,Davinder’s Apple Watch,DJ Rashad - CCP2 (feat. DJ Spinn)
139,2024-04-14 15:29:17,141,141,141,Davinder’s Apple Watch,DJ Rashad - CCP2 (feat. DJ Spinn)
140,2024-04-14 15:29:21,142,142,142,Davinder’s Apple Watch,DJ Rashad - CCP2 (feat. DJ Spinn)
141,2024-04-14 15:29:24,143,143,143,Davinder’s Apple Watch,DJ Rashad - CCP2 (feat. DJ Spinn)
142,2024-04-14 15:29:33,145,145,145,Davinder’s Apple Watch,DJ Rashad - CCP2 (feat. DJ Spinn)
143,2024-04-14 15:29:38,145,145,145,Davinder’s Apple Watch,DJ Rashad - CCP2 (feat. DJ Spinn)
144,2024-04-14 15:29:41,144,144,144,Davinder’s Apple Watch,DJ Rashad - CCP2 (feat. DJ Spinn)
145,2024-04-14 15:29:48,141,141,141,Davinder’s Apple Watch,DJ Rashad - CCP2 (feat. DJ Spinn)
146,2024-04-14 15:29:52,142,142,142,Davinder’s Apple Watch,DJ Rashad - CCP2 (feat. DJ Spinn)
147,2024-04-14 15:29:54,141,141,141,Davinder’s Apple Watch,DJ Rashad - CCP2 (feat. DJ Spinn)
148,2024-04-14 15:30:01,141,141,141,Davinder’s Apple Watch,DJ Rashad - CCP2 (feat. DJ Spinn)
149,2024-04-14 15:30:05,141,141,141,Davinder’s Apple Watch,DJ Rashad - CCP2 (feat. DJ Spinn)
150,2024-04-14 15:30:13,141,141,141,Davinder’s Apple Watch,DJ Rashad & Traxman - Lost Worlds
151,2024-04-14 15:30:18,142,142,142,Davinder’s Apple Watch,DJ Rashad & Traxman - Lost Worlds
152,2024-04-14 15:30:22,141,141,141,Davinder’s Apple Watch,DJ Rashad & Traxman - Lost Worlds
153,2024-04-14 15:30:28,142,142,142,Davinder’s Apple Watch,DJ Rashad & Traxman - Lost Worlds
154,2024-04-14 15:30:29,142,142,142,Davinder’s Apple Watch,DJ Rashad & Traxman - Lost Worlds
155,2024-04-14 15:30:38,144,144,144,Davinder’s Apple Watch,DJ Rashad & Traxman - Lost Worlds
156,2024-04-14 15:30:43,143,143,143,Davinder’s Apple Watch,DJ Rashad & Traxman - Lost Worlds
157,2024-04-14 15:30:47,142,142,142,Davinder’s Apple Watch,DJ Rashad & Traxman - Lost Worlds
158,2024-04-14 15:30:53,140,140,140,Davinder’s Apple Watch,DJ Rashad & Traxman - Lost Worlds
159,2024-04-14 15:30:54,140,140,140,Davinder’s Apple Watch,DJ Rashad & Traxman - Lost Worlds
160,2024-04-14 15:31:03,137,137,137,Davinder’s Apple Watch,DJ Rashad & Traxman - Lost Worlds
161,2024-04-14 15:31:07,137,137,137,Davinder’s Apple Watch,DJ Rashad & Traxman - Lost Worlds
162,2024-04-14 15:31:12,136,136,136,Davinder’s Apple Watch,DJ Rashad & Traxman - Lost Worlds
163,2024-04-14 15:31:17,134,134,134,Davinder’s Apple Watch,Mr. Oizo - Nuque
164,2024-04-14 15:31:22,133,133,133,Davinder’s Apple Watch,Mr. Oizo - Nuque
165,2024-04-14 15:31:24,133,133,133,Davinder’s Apple Watch,Mr. Oizo - Nuque
166,2024-04-14 15:31:29,133,133,133,Davinder’s Apple Watch,Mr. Oizo - Nuque
167,2024-04-14 15:31:37,135,135,135,Davinder’s Apple Watch,Mr. Oizo - Nuque
168,2024-04-14 15:31:41,136,136,136,Davinder’s Apple Watch,Mr. Oizo - Nuque
169,2024-04-14 15:31:48,137,137,137,Davinder’s Apple Watch,Mr. Oizo - Nuque
170,2024-04-14 15:31:52,136,136,136,Davinder’s Apple Watch,Mr. Oizo - Nuque
171,2024-04-14 15:31:54,136,136,136,Davinder’s Apple Watch,Mr. Oizo - Nuque
172,2024-04-14 15:32:02,138,138,138,Davinder’s Apple Watch,Mr. Oizo - Nuque
173,2024-04-14 15:32:06,139,139,139,Davinder’s Apple Watch,Mr. Oizo - Nuque
174,2024-04-14 15:32:13,141,141,141,Davinder’s Apple Watch,Mr. Oizo - Nuque
175,2024-04-14 15:32:14,141,141,141,Davinder’s Apple Watch,Mr. Oizo - Nuque
176,2024-04-14 15:32:19,139,139,139,Davinder’s Apple Watch,Mr. Oizo - Nuque
177,2024-04-14 15:32:24,140,140,140,Davinder’s Apple Watch,Mr. Oizo - Nuque
178,2024-04-14 15:32:31,140,140,140,Davinder’s Apple Watch,Mr. Oizo - Nuque
179,2024-04-14 15:32:35,140,140,140,Davinder’s Apple Watch,Mr. Oizo - Nuque
180,2024-04-14 15:32:40,141,141,141,Davinder’s Apple Watch,Mr. Oizo - Nuque
181,2024-04-14 15:32:45,141,141,141,Davinder’s Apple Watch,Mr. Oizo - Nuque
182,2024-04-14 15:32:53,140,140,140,Davinder’s Apple Watch,Mr. Oizo - Nuque
183,2024-04-14 15:32:56,141,141,141,Davinder’s Apple Watch,Mr. Oizo - Nuque
184,2024-04-14 15:33:03,141,141,141,Davinder’s Apple Watch,Mr. Oizo - Nuque
185,2024-04-14 15:33:05,141,141,141,Davinder’s Apple Watch,Mr. Oizo - Nuque
186,2024-04-14 15:33:13,141,141,141,Davinder’s Apple Watch,Mr. Oizo - Nuque
187,2024-04-14 15:33:15,142,142,142,Davinder’s Apple Watch,Mr. Oizo - Nuque
188,2024-04-14 15:33:19,143,143,143,Davinder’s Apple Watch,Mr. Oizo - Nuque
189,2024-04-14 15:33:26,145,145,145,Davinder’s Apple Watch,Mr. Oizo - Nuque
190,2024-04-14 15:33:31,146,146,146,Davinder’s Apple Watch,Mr. Oizo - Nuque
191,2024-04-14 15:33:34,146,146,146,Davinder’s Apple Watch,Mr. Oizo - Nuque
192,2024-04-14 15:33:41,149,149,149,Davinder’s Apple Watch,Mr. Oizo - Nuque
193,2024-04-14 15:33:48,149,149,149,Davinder’s Apple Watch,Mr. Oizo - Nuque
194,2024-04-14 15:33:52,149,149,149,Davinder’s Apple Watch,Justice - New Lands
195,2024-04-14 15:33:58,149,149,149,Davinder’s Apple Watch,Justice - New Lands
196,2024-04-14 15:33:59,149,149,149,Davinder’s Apple Watch,Justice - New Lands
197,2024-04-14 15:34:08,148,148,148,Davinder’s Apple Watch,Justice - New Lands
198,2024-04-14 15:34:12,146,146,146,Davinder’s Apple Watch,Justice - New Lands
199,2024-04-14 15:34:14,145,145,145,Davinder’s Apple Watch,Justice - New Lands
200,2024-04-14 15:34:21,141,141,141,Davinder’s Apple Watch,Justice - New Lands
201,2024-04-14 15:34:24,139,139,139,Davinder’s Apple Watch,Justice - New Lands
202,2024-04-14 15:34:30,139,139,139,Davinder’s Apple Watch,Justice - New Lands
203,2024-04-14 15:34:37,141,141,141,Davinder’s Apple Watch,Mr. Oizo - WC
204,2024-04-14 15:34:43,140,140,140,Davinder’s Apple Watch,Mr. Oizo - WC
205,2024-04-14 15:34:45,140,140,140,Davinder’s Apple Watch,Mr. Oizo - WC
206,2024-04-14 15:34:51,140,140,140,Davinder’s Apple Watch,Mr. Oizo - WC
207,2024-04-14 15:34:55,140,140,140,Davinder’s Apple Watch,Mr. Oizo - WC
208,2024-04-14 15:34:59,139,139,139,Davinder’s Apple Watch,Mr. Oizo - WC
209,2024-04-14 15:35:08,139,139,139,Davinder’s Apple Watch,Mr. Oizo - WC
210,2024-04-14 15:35:13,140,140,140,Davinder’s Apple Watch,Mr. Oizo - WC
211,2024-04-14 15:35:15,139,139,139,Davinder’s Apple Watch,Mr. Oizo - WC
212,2024-04-14 15:35:22,138,138,138,Davinder’s Apple Watch,Mr. Oizo - WC
213,2024-04-14 15:35:28,137,137,137,Davinder’s Apple Watch,Mr. Oizo - WC
214,2024-04-14 15:35:32,136,136,136,Davinder’s Apple Watch,Mr. Oizo - WC
215,2024-04-14 15:35:37,137,137,137,Davinder’s Apple Watch,Mr. Oizo - WC
216,2024-04-14 15:35:42,137,137,137,Davinder’s Apple Watch,Mr. Oizo - WC
217,2024-04-14 15:35:45,138,138,138,Davinder’s Apple Watch,Mr. Oizo - WC
218,2024-04-14 15:35:53,138,138,138,Davinder’s Apple Watch,Mr. Oizo - WC
219,2024-04-14 15:35:55,138,138,138,Davinder’s Apple Watch,Mr. Oizo - WC
220,2024-04-14 15:36:01,138,138,138,Davinder’s Apple Watch,Mr. Oizo - WC
221,2024-04-14 15:36:08,137,137,137,Davinder’s Apple Watch,Mr. Oizo - WC
222,2024-04-14 15:36:13,138,138,138,Davinder’s Apple Watch,Mr. Oizo - WC
223,2024-04-14 15:36:18,137,137,137,Davinder’s Apple Watch,Mr. Oizo - WC
224,2024-04-14 15:36:23,137,137,137,Davinder’s Apple Watch,Mr. Oizo - WC
225,2024-04-14 15:36:28,137,137,137,Davinder’s Apple Watch,Mr. Oizo - WC
226,2024-04-14 15:36:30,137,137,137,Davinder’s Apple Watch,Mr. Oizo - WC
227,2024-04-14 15:36:35,138,138,138,Davinder’s Apple Watch,Mr. Oizo - WC
228,2024-04-14 15:36:39,137,137,137,Davinder’s Apple Watch,Mr. Oizo - WC
229,2024-04-14 15:36:46,138,138,138,Davinder’s Apple Watch,Mr. Oizo - WC
230,2024-04-14 15:36:50,139,139,139,Davinder’s Apple Watch,Mr. Oizo - WC
231,2024-04-14 15:36:58,141,141,141,Davinder’s Apple Watch,Mr. Oizo - WC
232,2024-04-14 15:37:00,141,141,141,Davinder’s Apple Watch,Mr. Oizo - WC
233,2024-04-14 15:37:06,141,141,141,Davinder’s Apple Watch,DJ Mehdi - Lucky Girl (feat. Fafi)
234,2024-04-14 15:37:09,142,142,142,Davinder’s Apple Watch,DJ Mehdi - Lucky Girl (feat. Fafi)
235,2024-04-14 15:37:15,144,144,144,Davinder’s Apple Watch,DJ Mehdi - Lucky Girl (feat. Fafi)
236,2024-04-14 15:37:21,144,144,144,Davinder’s Apple Watch,DJ Mehdi - Lucky Girl (feat. Fafi)
237,2024-04-14 15:37:24,144,144,144,Davinder’s Apple Watch,DJ Mehdi - Lucky Girl (feat. Fafi)
238,2024-04-14 15:37:33,143,143,143,Davinder’s Apple Watch,Mr. Oizo - WC
239,2024-04-14 15:37:34,142,142,142,Davinder’s Apple Watch,Mad Rey - Joe Da Zin (feat. Jwles)
240,2024-04-14 15:37:43,143,143,143,Davinder’s Apple Watch,Mr. Oizo - Dolce Vita (feat. Phra)
241,2024-04-14 15:37:44,142,142,142,Davinder’s Apple Watch,Mr. Oizo - Dolce Vita (feat. Phra)
242,2024-04-14 15:37:51,141,141,141,Davinder’s Apple Watch,Mr. Oizo - Dolce Vita (feat. Phra)
243,2024-04-14 15:37:57,140,140,140,Davinder’s Apple Watch,Mr. Oizo - Dolce Vita (feat. Phra)
244,2024-04-14 15:38:01,140,140,140,Davinder’s Apple Watch,Mr. Oizo - Dolce Vita (feat. Phra)
245,2024-04-14 15:38:04,139,139,139,Davinder’s Apple Watch,Mr. Oizo - Dolce Vita (feat. Phra)
246,2024-04-14 15:38:11,138,138,138,Davinder’s Apple Watch,Mr. Oizo - Dolce Vita (feat. Phra)
247,2024-04-14 15:38:18,132,132,132,Davinder’s Apple Watch,Mr. Oizo - Dolce Vita (feat. Phra)
248,2024-04-14 15:38:23,130,130,130,Davinder’s Apple Watch,Mr. Oizo - Dolce Vita (feat. Phra)
249,2024-04-14 15:38:28,130,130,130,Davinder’s Apple Watch,Mr. Oizo - Dolce Vita (feat. Phra)
250,2024-04-14 15:38:32,131,131,131,Davinder’s Apple Watch,Mr. Oizo - Dolce Vita (feat. Phra)
251,2024-04-14 15:38:36,131,131,131,Davinder’s Apple Watch,Mr. Oizo - Dolce Vita (feat. Phra)
252,2024-04-14 15:38:40,132,132,132,Davinder’s Apple Watch,Mr. Oizo - Dolce Vita (feat. Phra)
253,2024-04-14 15:38:48,136,136,136,Davinder’s Apple Watch,Mr. Oizo - Dolce Vita (feat. Phra)
254,2024-04-14 15:38:50,136,136,136,Davinder’s Apple Watch,Mr. Oizo - Dolce Vita (feat. Phra)
255,2024-04-14 15:38:58,133,133,133,Davinder’s Apple Watch,Mr. Oizo - Dolce Vita (feat. Phra)
256,2024-04-14 15:39:01,134,134,134,Davinder’s Apple Watch,Mr. Oizo - Dolce Vita (feat. Phra)
257,2024-04-14 15:39:08,137,137,137,Davinder’s Apple Watch,Mr. Oizo - Dolce Vita (feat. Phra)
258,2024-04-14 15:39:09,137,137,137,Davinder’s Apple Watch,Mr. Oizo - Dolce Vita (feat. Phra)
259,2024-04-14 15:39:18,135,135,135,Davinder’s Apple Watch,Mr. Oizo - Dolce Vita (feat. Phra)
260,2024-04-14 15:39:21,135,135,135,Davinder’s Apple Watch,Mr. Oizo - Dolce Vita (feat. Phra)
261,2024-04-14 15:39:25,136,136,136,Davinder’s Apple Watch,Mr. Oizo - Dolce Vita (feat. Phra)
262,2024-04-14 15:39:32,136,136,136,Davinder’s Apple Watch,Mr. Oizo - Dolce Vita (feat. Phra)
263,2024-04-14 15:39:34,137,137,137,Davinder’s Apple Watch,Mr. Oizo - Dolce Vita (feat. Phra)
264,2024-04-14 15:39:40,135,135,135,Davinder’s Apple Watch,Mr. Oizo - Dolce Vita (feat. Phra)
265,2024-04-14 15:39:47,135,135,135,Davinder’s Apple Watch,Mr. Oizo - Dolce Vita (feat. Phra)
266,2024-04-14 15:39:53,132,132,132,Davinder’s Apple Watch,Mr. Oizo - Dolce Vita (feat. Phra)
267,2024-04-14 15:39:54,132,132,132,Davinder’s Apple Watch,Mr. Oizo - Dolce Vita (feat. Phra)
268,2024-04-14 15:39:59,134,134,134,Davinder’s Apple Watch,Mr. Oizo - Dolce Vita (feat. Phra)
269,2024-04-14 15:40:05,138,138,138,Davinder’s Apple Watch,Mr. Oizo - Dolce Vita (feat. Phra)
270,2024-04-14 15:40:13,139,139,139,Davinder’s Apple Watch,Mr. Oizo - Dolce Vita (feat. Phra)
271,2024-04-14 15:40:15,139,139,139,Davinder’s Apple Watch,Mr. Oizo - Dolce Vita (feat. Phra)
272,2024-04-14 15:40:19,138,138,138,Davinder’s Apple Watch,Mr. Oizo - Dolce Vita (feat. Phra)
273,2024-04-14 15:40:28,136,136,136,Davinder’s Apple Watch,Mr. Oizo - Flat Beat
274,2024-04-14 15:40:33,136,136,136,Davinder’s Apple Watch,Mr. Oizo - Flat Beat
275,2024-04-14 15:40:35,137,137,137,Davinder’s Apple Watch,Mr. Oizo - Flat Beat
276,2024-04-14 15:40:40,139,139,139,Davinder’s Apple Watch,Mr. Oizo - Flat Beat
277,2024-04-14 15:40:48,136,136,136,Davinder’s Apple Watch,Mr. Oizo - Flat Beat
278,2024-04-14 15:40:49,136,136,136,Davinder’s Apple Watch,Mr. Oizo - Flat Beat
279,2024-04-14 15:40:57,133,133,133,Davinder’s Apple Watch,Mr. Oizo - Flat Beat
280,2024-04-14 15:41:02,133,133,133,Davinder’s Apple Watch,Mr. Oizo - Flat Beat
281,2024-04-14 15:41:04,132,132,132,Davinder’s Apple Watch,Mr. Oizo - Flat Beat
282,2024-04-14 15:41:12,132,132,132,Davinder’s Apple Watch,Mr. Oizo - Flat Beat
283,2024-04-14 15:41:15,133,133,133,Davinder’s Apple Watch,Mr. Oizo - Flat Beat
284,2024-04-14 15:41:21,135,135,135,Davinder’s Apple Watch,Mr. Oizo - Flat Beat
285,2024-04-14 15:41:27,135,135,135,Davinder’s Apple Watch,Mr. Oizo - Flat Beat
286,2024-04-14 15:41:33,133,133,133,Davinder’s Apple Watch,Mr. Oizo - Flat Beat
287,2024-04-14 15:41:36,133,133,133,Davinder’s Apple Watch,Mr. Oizo - Flat Beat
288,2024-04-14 15:41:43,133,133,133,Davinder’s Apple Watch,Mr. Oizo - Flat Beat
289,2024-04-14 15:41:46,134,134,134,Davinder’s Apple Watch,Mr. Oizo - Flat Beat
290,2024-04-14 15:41:51,134,134,134,Davinder’s Apple Watch,Mr. Oizo - Flat Beat
291,2024-04-14 15:41:57,134,134,134,Davinder’s Apple Watch,Mr. Oizo - Flat Beat
292,2024-04-14 15:42:01,133,133,133,Davinder’s Apple Watch,Mr. Oizo - Flat Beat
293,2024-04-14 15:42:07,132,132,132,Davinder’s Apple Watch,Mr. Oizo - Flat Beat
294,2024-04-14 15:42:11,133,133,133,Davinder’s Apple Watch,Mr. Oizo - Flat Beat
295,2024-04-14 15:42:18,133,133,133,Davinder’s Apple Watch,Mr. Oizo - Flat Beat
296,2024-04-14 15:42:19,133,133,133,Davinder’s Apple Watch,Mr. Oizo - Flat Beat
297,2024-04-14 15:42:27,135,135,135,Davinder’s Apple Watch,Mr. Oizo - Flat Beat
298,2024-04-14 15:42:32,134,134,134,Davinder’s Apple Watch,Mr. Oizo - Flat Beat
299,2024-04-14 15:42:34,134,134,134,Davinder’s Apple Watch,Mr. Oizo - Flat Beat
300,2024-04-14 15:42:43,132,132,132,Davinder’s Apple Watch,Mr. Oizo - Flat Beat
301,2024-04-14 15:42:44,132,132,132,Davinder’s Apple Watch,Mr. Oizo - Flat Beat
302,2024-04-14 15:42:53,136,136,136,Davinder’s Apple Watch,Mr. Oizo - Flat Beat
303,2024-04-14 15:42:56,137,137,137,Davinder’s Apple Watch,Mr. Oizo - Flat Beat
304,2024-04-14 15:43:03,139,139,139,Davinder’s Apple Watch,Mr. Oizo - Flat Beat
305,2024-04-14 15:43:06,139,139,139,Davinder’s Apple Watch,Mr. Oizo - Flat Beat
306,2024-04-14 15:43:10,139,139,139,Davinder’s Apple Watch,Mr. Oizo - Flat Beat
307,2024-04-14 15:43:17,140,140,140,Davinder’s Apple Watch,Mr. Oizo - Flat Beat
308,2024-04-14 15:43:23,137,137,137,Davinder’s Apple Watch,Mr. Oizo - Flat Beat
309,2024-04-14 15:43:24,137,137,137,Davinder’s Apple Watch,Mr. Oizo - Flat Beat
310,2024-04-14 15:43:33,135,135,135,Davinder’s Apple Watch,Mr. Oizo - Flat Beat
311,2024-04-14 15:43:34,135,135,135,Davinder’s Apple Watch,Mr. Oizo - Flat Beat
312,2024-04-14 15:43:39,137,137,137,Davinder’s Apple Watch,Mr. Oizo - Flat Beat
313,2024-04-14 15:43:48,135,135,135,Davinder’s Apple Watch,Mr. Oizo - Flat Beat
314,2024-04-14 15:43:53,135,135,135,Davinder’s Apple Watch,Mr. Oizo - Flat Beat
315,2024-04-14 15:43:57,133,133,133,Davinder’s Apple Watch,Mr. Oizo - Flat Beat
316,2024-04-14 15:44:00,134,134,134,Davinder’s Apple Watch,Mr. Oizo - Flat Beat
317,2024-04-14 15:44:08,135,135,135,Davinder’s Apple Watch,Mr. Oizo - Flat Beat
318,2024-04-14 15:44:09,135,135,135,Davinder’s Apple Watch,Mr. Oizo - Flat Beat
319,2024-04-14 15:44:14,134,134,134,Davinder’s Apple Watch,Mr. Oizo - Flat Beat
320,2024-04-14 15:44:23,133,133,133,Davinder’s Apple Watch,Mr. Oizo - Flat Beat
321,2024-04-14 15:44:28,135,135,135,Davinder’s Apple Watch,Mr. Oizo - Flat Beat
322,2024-04-14 15:44:32,135,135,135,Davinder’s Apple Watch,Mr. Oizo - Flat Beat
323,2024-04-14 15:44:36,137,137,137,Davinder’s Apple Watch,Mr. Oizo - Flat Beat
324,2024-04-14 15:44:43,136,136,136,Davinder’s Apple Watch,Mr. Oizo - Flat Beat
325,2024-04-14 15:44:47,136,136,136,Davinder’s Apple Watch,Mr. Oizo - Flat Beat
326,2024-04-14 15:44:51,136,136,136,Davinder’s Apple Watch,Mr. Oizo - Flat Beat
327,2024-04-14 15:44:56,136,136,136,Davinder’s Apple Watch,Mr. Oizo - Flat Beat
328,2024-04-14 15:44:59,136,136,136,Davinder’s Apple Watch,Mr. Oizo - Flat Beat
329,2024-04-14 15:45:08,137,137,137,Davinder’s Apple Watch,Mr. Oizo - Flat Beat
330,2024-04-14 15:45:13,137,137,137,Davinder’s Apple Watch,Mr. Oizo - Flat Beat
331,2024-04-14 15:45:14,137,137,137,Davinder’s Apple Watch,Mr. Oizo - Flat Beat
332,2024-04-14 15:45:21,135,135,135,Davinder’s Apple Watch,Mr. Oizo - Flat Beat
333,2024-04-14 15:45:25,137,137,137,Davinder’s Apple Watch,Mr. Oizo - Flat Beat
334,2024-04-14 15:45:31,137,137,137,Davinder’s Apple Watch,Mr. Oizo - Flat Beat
335,2024-04-14 15:45:34,137,137,137,Davinder’s Apple Watch,Mr. Oizo - Flat Beat
336,2024-04-14 15:45:42,133,133,133,Davinder’s Apple Watch,Mr. Oizo - Flat Beat
337,2024-04-14 15:45:47,133,133,133,Davinder’s Apple Watch,DJ Mehdi - Signatune (Thomas Bangalter Edit)
338,2024-04-14 15:45:51,133,133,133,Davinder’s Apple Watch,DJ Mehdi - Signatune (Thomas Bangalter Edit)
339,2024-04-14 15:45:58,130,130,130,Davinder’s Apple Watch,DJ Mehdi - Signatune (Thomas Bangalter Edit)
340,2024-04-14 15:46:00,130,130,130,Davinder’s Apple Watch,Busy P - Pedrophilia
341,2024-04-14 15:46:07,129,129,129,Davinder’s Apple Watch,Mr. Oizo - Let the Children Techno
342,2024-04-14 15:46:10,130,130,130,Davinder’s Apple Watch,Mr. Oizo - Let the Children Techno
343,2024-04-14 15:46:17,131,131,131,Davinder’s Apple Watch,Mr. Oizo - Let the Children Techno
344,2024-04-14 15:46:22,133,133,133,Davinder’s Apple Watch,Mr. Oizo - Let the Children Techno
345,2024-04-14 15:46:28,131,131,131,Davinder’s Apple Watch,Mr. Oizo - Let the Children Techno
346,2024-04-14 15:46:33,131,131,131,Davinder’s Apple Watch,Mr. Oizo - Let the Children Techno
347,2024-04-14 15:46:34,131,131,131,Davinder’s Apple Watch,Mr. Oizo - Let the Children Techno
348,2024-04-14 15:46:41,129,129,129,Davinder’s Apple Watch,Mr. Oizo - Let the Children Techno
349,2024-04-14 15:46:46,130,130,130,Davinder’s Apple Watch,Mr. Oizo - Let the Children Techno
350,2024-04-14 15:46:51,131,131,131,Davinder’s Apple Watch,Mr. Oizo - Let the Children Techno
351,2024-04-14 15:46:58,129,129,129,Davinder’s Apple Watch,Mr. Oizo - Let the Children Techno
352,2024-04-14 15:47:01,130,130,130,Davinder’s Apple Watch,Mr. Oizo - Let the Children Techno
353,2024-04-14 15:47:05,130,130,130,Davinder’s Apple Watch,Mr. Oizo - Let the Children Techno
354,2024-04-14 15:47:09,130,130,130,Davinder’s Apple Watch,Mr. Oizo - Let the Children Techno
355,2024-04-14 15:47:14,129,129,129,Davinder’s Apple Watch,Mr. Oizo - Let the Children Techno
356,2024-04-14 15:47:21,125,125,125,Davinder’s Apple Watch,Mr. Oizo - Let the Children Techno
357,2024-04-14 15:47:24,125,125,125,Davinder’s Apple Watch,Traxman - Blow Your Whistle
358,2024-04-14 15:47:31,127,127,127,Davinder’s Apple Watch,Traxman - 2200 Acid
359,2024-04-14 15:47:35,127,127,127,Davinder’s Apple Watch,Traxman - 2200 Acid
360,2024-04-14 15:47:41,129,129,129,Davinder’s Apple Watch,Traxman - 2200 Acid
