Date/Time,Min (count/min),Max (count/min),Avg (count/min),Source
2024-04-14 15:47:45,129,129,129,Davinder’s Apple Watch
2024-04-14 15:47:52,129,129,129,Davinder’s Apple Watch
2024-04-14 15:47:57,130,130,130,Davinder’s Apple Watch
2024-04-14 15:48:03,131,131,131,Davinder’s Apple Watch
2024-04-14 15:48:05,130,130,130,Davinder’s Apple Watch
2024-04-14 15:48:12,130,130,130,Davinder’s Apple Watch
2024-04-14 15:48:15,128,128,128,Davinder’s Apple Watch
2024-04-14 15:48:24,110,110,110,Davinder’s Apple Watch
2024-04-14 15:48:29,114,114,114,Davinder’s Apple Watch
2024-04-14 15:48:34,115,115,115,Davinder’s Apple Watch
2024-04-14 15:48:39,111,111,111,Davinder’s Apple Watch
2024-04-14 15:48:42,111,111,111,Davinder’s Apple Watch
2024-04-14 15:48:48,109,109,109,Davinder’s Apple Watch
2024-04-14 15:48:54,113,113,113,Davinder’s Apple Watch
2024-04-14 15:48:58,111,111,111,Davinder’s Apple Watch
2024-04-14 15:49:00,111,111,111,Davinder’s Apple Watch
2024-04-14 15:49:06,111,111,111,Davinder’s Apple Watch
2024-04-14 15:49:14,104,104,104,Davinder’s Apple Watch
2024-04-14 15:49:19,109,109,109,Davinder’s Apple Watch
2024-04-14 15:49:24,113,113,113,Davinder’s Apple Watch
2024-04-14 15:49:28,113,113,113,Davinder’s Apple Watch
2024-04-14 15:49:31,111,111,111,Davinder’s Apple Watch
2024-04-14 15:49:35,111,111,111,Davinder’s Apple Watch
2024-04-14 15:49:41,113,113,113,Davinder’s Apple Watch
