Date/Time,Min (count/min),Max (count/min),Avg (count/min),Source
2024-03-28 18:24:32,118,118,118,Davinder’s Apple Watch
2024-03-28 18:24:35,120,120,120,Davinder’s Apple Watch
2024-03-28 18:24:39,121,121,121,Davinder’s Apple Watch
2024-03-28 18:24:45,122,122,122,Davinder’s Apple Watch
2024-03-28 18:25:12,134,134,134,Davinder’s Apple Watch
2024-03-28 18:25:13,133,133,133,Davinder’s Apple Watch
2024-03-28 18:25:20,141,141,141,Davinder’s Apple Watch
2024-03-28 18:25:25,144,144,144,Davinder’s Apple Watch
2024-03-28 18:25:32,149,149,149,Davinder’s Apple Watch
2024-03-28 18:25:37,152,152,152,Davinder’s Apple Watch
2024-03-28 18:25:40,152,152,152,Davinder’s Apple Watch
2024-03-28 18:25:43,151,151,151,Davinder’s Apple Watch
2024-03-28 18:25:52,156,156,156,Davinder’s Apple Watch
2024-03-28 18:25:57,158,158,158,Davinder’s Apple Watch
2024-03-28 18:26:02,159,159,159,Davinder’s Apple Watch
2024-03-28 18:26:03,159,159,159,Davinder’s Apple Watch
2024-03-28 18:26:09,159,159,159,Davinder’s Apple Watch
2024-03-28 18:26:17,161,161,161,Davinder’s Apple Watch
2024-03-28 18:26:32,162,162,162,Davinder’s Apple Watch
2024-03-28 18:26:36,162,162,162,Davinder’s Apple Watch
2024-03-28 18:26:38,163,163,163,Davinder’s Apple Watch
2024-03-28 18:26:43,165,165,165,Davinder’s Apple Watch
2024-03-28 18:26:50,163,163,163,Davinder’s Apple Watch
2024-03-28 18:26:54,162,162,162,Davinder’s Apple Watch
2024-03-28 18:27:02,162,162,162,Davinder’s Apple Watch
2024-03-28 18:27:06,162,162,162,Davinder’s Apple Watch
2024-03-28 18:27:12,162,162,162,Davinder’s Apple Watch
2024-03-28 18:27:15,162,162,162,Davinder’s Apple Watch
2024-03-28 18:27:18,162,162,162,Davinder’s Apple Watch
2024-03-28 18:27:23,162,162,162,Davinder’s Apple Watch
2024-03-28 18:27:31,162,162,162,Davinder’s Apple Watch
2024-03-28 18:27:33,162,162,162,Davinder’s Apple Watch
2024-03-28 18:27:38,161,161,161,Davinder’s Apple Watch
2024-03-28 18:27:43,160,160,160,Davinder’s Apple Watch
2024-03-28 18:27:52,162,162,162,Davinder’s Apple Watch
2024-03-28 18:27:54,162,162,162,Davinder’s Apple Watch
2024-03-28 18:27:58,161,161,161,Davinder’s Apple Watch
2024-03-28 18:28:07,161,161,161,Davinder’s Apple Watch
2024-03-28 18:28:12,161,161,161,Davinder’s Apple Watch
2024-03-28 18:28:13,161,161,161,Davinder’s Apple Watch
2024-03-28 18:28:21,161,161,161,Davinder’s Apple Watch
2024-03-28 18:28:29,162,162,162,Davinder’s Apple Watch
2024-03-28 18:28:34,162,162,162,Davinder’s Apple Watch
2024-03-28 18:28:42,164,164,164,Davinder’s Apple Watch
2024-03-28 18:28:57,165,165,165,Davinder’s Apple Watch
2024-03-28 18:29:02,165,165,165,Davinder’s Apple Watch
2024-03-28 18:29:06,166,166,166,Davinder’s Apple Watch
2024-03-28 18:29:10,167,167,167,Davinder’s Apple Watch
2024-03-28 18:29:17,166,166,166,Davinder’s Apple Watch
2024-03-28 18:29:30,166,166,166,Davinder’s Apple Watch
2024-03-28 18:29:33,166,166,166,Davinder’s Apple Watch
2024-03-28 18:29:42,166,166,166,Davinder’s Apple Watch
2024-03-28 18:29:43,166,166,166,Davinder’s Apple Watch
2024-03-28 18:29:48,167,167,167,Davinder’s Apple Watch
2024-03-28 18:29:56,167,167,167,Davinder’s Apple Watch
2024-03-28 18:30:02,167,167,167,Davinder’s Apple Watch
2024-03-28 18:30:06,166,166,166,Davinder’s Apple Watch
2024-03-28 18:30:13,167,167,167,Davinder’s Apple Watch
2024-03-28 18:30:17,166,166,166,Davinder’s Apple Watch
2024-03-28 18:30:23,165,165,165,Davinder’s Apple Watch
2024-03-28 18:30:24,166,166,166,Davinder’s Apple Watch
2024-03-28 18:30:29,166,166,166,Davinder’s Apple Watch
2024-03-28 18:30:38,166,166,166,Davinder’s Apple Watch
2024-03-28 18:30:42,165,165,165,Davinder’s Apple Watch
2024-03-28 18:30:45,164,164,164,Davinder’s Apple Watch
2024-03-28 18:30:53,163,163,163,Davinder’s Apple Watch
2024-03-28 18:30:56,163,163,163,Davinder’s Apple Watch
2024-03-28 18:30:59,163,163,163,Davinder’s Apple Watch
2024-03-28 18:31:08,165,165,165,Davinder’s Apple Watch
2024-03-28 18:31:13,165,165,165,Davinder’s Apple Watch
2024-03-28 18:31:14,165,165,165,Davinder’s Apple Watch
2024-03-28 18:31:21,165,165,165,Davinder’s Apple Watch
2024-03-28 18:31:26,164,164,164,Davinder’s Apple Watch
2024-03-28 18:31:29,165,165,165,Davinder’s Apple Watch
2024-03-28 18:31:38,163,163,163,Davinder’s Apple Watch
2024-03-28 18:31:43,164,164,164,Davinder’s Apple Watch
2024-03-28 18:31:46,163,163,163,Davinder’s Apple Watch
2024-03-28 18:31:52,162,162,162,Davinder’s Apple Watch
2024-03-28 18:31:56,162,162,162,Davinder’s Apple Watch
2024-03-28 18:32:03,162,162,162,Davinder’s Apple Watch
2024-03-28 18:32:07,162,162,162,Davinder’s Apple Watch
2024-03-28 18:32:11,163,163,163,Davinder’s Apple Watch
2024-03-28 18:32:18,163,163,163,Davinder’s Apple Watch
2024-03-28 18:32:19,164,164,164,Davinder’s Apple Watch
2024-03-28 18:32:25,164,164,164,Davinder’s Apple Watch
2024-03-28 18:32:32,164,164,164,Davinder’s Apple Watch
2024-03-28 18:32:35,164,164,164,Davinder’s Apple Watch
2024-03-28 18:32:39,164,164,164,Davinder’s Apple Watch
2024-03-28 18:32:44,162,162,162,Davinder’s Apple Watch
2024-03-28 18:32:49,161,161,161,Davinder’s Apple Watch
2024-03-28 18:32:56,162,162,162,Davinder’s Apple Watch
2024-03-28 18:33:02,163,163,163,Davinder’s Apple Watch
2024-03-28 18:33:08,160,160,160,Davinder’s Apple Watch
2024-03-28 18:33:13,157,157,157,Davinder’s Apple Watch
2024-03-28 18:33:18,157,157,157,Davinder’s Apple Watch
2024-03-28 18:33:19,157,157,157,Davinder’s Apple Watch
2024-03-28 18:33:28,156,156,156,Davinder’s Apple Watch
2024-03-28 18:33:29,157,157,157,Davinder’s Apple Watch
2024-03-28 18:33:35,158,158,158,Davinder’s Apple Watch
2024-03-28 18:33:43,157,157,157,Davinder’s Apple Watch
2024-03-28 18:33:45,157,157,157,Davinder’s Apple Watch
2024-03-28 18:33:49,160,160,160,Davinder’s Apple Watch
2024-03-28 18:33:55,160,160,160,Davinder’s Apple Watch
2024-03-28 18:34:03,161,161,161,Davinder’s Apple Watch
2024-03-28 18:34:04,161,161,161,Davinder’s Apple Watch
2024-03-28 18:34:13,162,162,162,Davinder’s Apple Watch
2024-03-28 18:34:15,162,162,162,Davinder’s Apple Watch
2024-03-28 18:34:23,163,163,163,Davinder’s Apple Watch
2024-03-28 18:34:24,162,162,162,Davinder’s Apple Watch
2024-03-28 18:34:30,161,161,161,Davinder’s Apple Watch
2024-03-28 18:34:38,160,160,160,Davinder’s Apple Watch
2024-03-28 18:34:42,159,159,159,Davinder’s Apple Watch
2024-03-28 18:34:46,161,161,161,Davinder’s Apple Watch
2024-03-28 18:34:52,161,161,161,Davinder’s Apple Watch
2024-03-28 18:34:57,160,160,160,Davinder’s Apple Watch
2024-03-28 18:34:59,160,160,160,Davinder’s Apple Watch
2024-03-28 18:35:07,163,163,163,Davinder’s Apple Watch
2024-03-28 18:35:10,163,163,163,Davinder’s Apple Watch
2024-03-28 18:35:17,165,165,165,Davinder’s Apple Watch
2024-03-28 18:35:20,167,167,167,Davinder’s Apple Watch
2024-03-28 18:35:41,166,166,166,Davinder’s Apple Watch
2024-03-28 18:35:44,166,166,166,Davinder’s Apple Watch
2024-03-28 18:35:50,165,165,165,Davinder’s Apple Watch
2024-03-28 18:35:56,166,166,166,Davinder’s Apple Watch
2024-03-28 18:36:00,165,165,165,Davinder’s Apple Watch
2024-03-28 18:36:21,168,168,168,Davinder’s Apple Watch
2024-03-28 18:36:26,167,167,167,Davinder’s Apple Watch
2024-03-28 18:36:32,167,167,167,Davinder’s Apple Watch
2024-03-28 18:36:38,168,168,168,Davinder’s Apple Watch
2024-03-28 18:36:45,168,168,168,Davinder’s Apple Watch
2024-03-28 18:36:49,167,167,167,Davinder’s Apple Watch
2024-03-28 18:36:54,166,166,166,Davinder’s Apple Watch
2024-03-28 18:37:03,165,165,165,Davinder’s Apple Watch
2024-03-28 18:37:05,165,165,165,Davinder’s Apple Watch
2024-03-28 18:37:23,164,164,164,Davinder’s Apple Watch
2024-03-28 18:37:28,166,166,166,Davinder’s Apple Watch
2024-03-28 18:37:48,166,166,166,Davinder’s Apple Watch
2024-03-28 18:37:49,165,165,165,Davinder’s Apple Watch
2024-03-28 18:37:54,167,167,167,Davinder’s Apple Watch
2024-03-28 18:38:03,166,166,166,Davinder’s Apple Watch
2024-03-28 18:38:08,166,166,166,Davinder’s Apple Watch
2024-03-28 18:38:13,166,166,166,Davinder’s Apple Watch
2024-03-28 18:38:14,166,166,166,Davinder’s Apple Watch
2024-03-28 18:38:33,165,165,165,Davinder’s Apple Watch
2024-03-28 18:38:37,165,165,165,Davinder’s Apple Watch
2024-03-28 18:39:10,165,165,165,Davinder’s Apple Watch
2024-03-28 18:39:23,165,165,165,Davinder’s Apple Watch
2024-03-28 18:39:26,166,166,166,Davinder’s Apple Watch
2024-03-28 18:39:32,164,164,164,Davinder’s Apple Watch
2024-03-28 18:40:14,164,164,164,Davinder’s Apple Watch
2024-03-28 18:40:23,165,165,165,Davinder’s Apple Watch
2024-03-28 18:40:27,166,166,166,Davinder’s Apple Watch
2024-03-28 18:40:33,165,165,165,Davinder’s Apple Watch
2024-03-28 18:40:38,164,164,164,Davinder’s Apple Watch
2024-03-28 18:40:39,165,165,165,Davinder’s Apple Watch
2024-03-28 18:40:48,167,167,167,Davinder’s Apple Watch
2024-03-28 18:40:53,167,167,167,Davinder’s Apple Watch
2024-03-28 18:40:55,166,166,166,Davinder’s Apple Watch
2024-03-28 18:41:02,165,165,165,Davinder’s Apple Watch
2024-03-28 18:41:06,165,165,165,Davinder’s Apple Watch
2024-03-28 18:41:12,163,163,163,Davinder’s Apple Watch
2024-03-28 18:41:16,163,163,163,Davinder’s Apple Watch
2024-03-28 18:41:20,163,163,163,Davinder’s Apple Watch
2024-03-28 18:41:25,163,163,163,Davinder’s Apple Watch
2024-03-28 18:41:31,163,163,163,Davinder’s Apple Watch
2024-03-28 18:41:34,163,163,163,Davinder’s Apple Watch
2024-03-28 18:41:43,163,163,163,Davinder’s Apple Watch
2024-03-28 18:41:44,164,164,164,Davinder’s Apple Watch
2024-03-28 18:41:51,164,164,164,Davinder’s Apple Watch
2024-03-28 18:41:54,165,165,165,Davinder’s Apple Watch
2024-03-28 18:42:01,165,165,165,Davinder’s Apple Watch
2024-03-28 18:42:04,164,164,164,Davinder’s Apple Watch
2024-03-28 18:42:10,163,163,163,Davinder’s Apple Watch
2024-03-28 18:42:16,165,165,165,Davinder’s Apple Watch
2024-03-28 18:42:21,166,166,166,Davinder’s Apple Watch
2024-03-28 18:42:28,165,165,165,Davinder’s Apple Watch
2024-03-28 18:42:33,164,164,164,Davinder’s Apple Watch
2024-03-28 18:42:35,165,165,165,Davinder’s Apple Watch
2024-03-28 18:42:43,167,167,167,Davinder’s Apple Watch
2024-03-28 18:42:46,167,167,167,Davinder’s Apple Watch
2024-03-28 18:42:53,168,168,168,Davinder’s Apple Watch
2024-03-28 18:42:58,168,168,168,Davinder’s Apple Watch
2024-03-28 18:43:01,167,167,167,Davinder’s Apple Watch
2024-03-28 18:43:04,166,166,166,Davinder’s Apple Watch
2024-03-28 18:43:09,165,165,165,Davinder’s Apple Watch
2024-03-28 18:43:16,164,164,164,Davinder’s Apple Watch
2024-03-28 18:43:22,162,162,162,Davinder’s Apple Watch
2024-03-28 18:43:25,162,162,162,Davinder’s Apple Watch
2024-03-28 18:43:30,161,161,161,Davinder’s Apple Watch
2024-03-28 18:43:38,158,158,158,Davinder’s Apple Watch
2024-03-28 18:43:42,157,157,157,Davinder’s Apple Watch
2024-03-28 18:43:48,158,158,158,Davinder’s Apple Watch
2024-03-28 18:43:50,159,159,159,Davinder’s Apple Watch
2024-03-28 18:43:56,160,160,160,Davinder’s Apple Watch
2024-03-28 18:44:02,161,161,161,Davinder’s Apple Watch
2024-03-28 18:44:04,162,162,162,Davinder’s Apple Watch
2024-03-28 18:44:09,163,163,163,Davinder’s Apple Watch
2024-03-28 18:44:14,162,162,162,Davinder’s Apple Watch
2024-03-28 18:44:23,159,159,159,Davinder’s Apple Watch
2024-03-28 18:44:27,159,159,159,Davinder’s Apple Watch
2024-03-28 18:44:33,157,157,157,Davinder’s Apple Watch
2024-03-28 18:44:37,157,157,157,Davinder’s Apple Watch
2024-03-28 18:44:40,156,156,156,Davinder’s Apple Watch
2024-03-28 18:44:48,158,158,158,Davinder’s Apple Watch
2024-03-28 18:44:49,158,158,158,Davinder’s Apple Watch
2024-03-28 18:44:55,157,157,157,Davinder’s Apple Watch
2024-03-28 18:45:03,157,157,157,Davinder’s Apple Watch
2024-03-28 18:45:07,157,157,157,Davinder’s Apple Watch
2024-03-28 18:45:13,157,157,157,Davinder’s Apple Watch
2024-03-28 18:45:15,158,158,158,Davinder’s Apple Watch
2024-03-28 18:45:23,157,157,157,Davinder’s Apple Watch
2024-03-28 18:45:28,154,154,154,Davinder’s Apple Watch
2024-03-28 18:45:39,154,154,154,Davinder’s Apple Watch
2024-03-28 18:45:45,152,152,152,Davinder’s Apple Watch
2024-03-28 18:45:49,151,151,151,Davinder’s Apple Watch
2024-03-28 18:45:57,151,151,151,Davinder’s Apple Watch
2024-03-28 18:46:00,151,151,151,Davinder’s Apple Watch
2024-03-28 18:46:05,151,151,151,Davinder’s Apple Watch
2024-03-28 18:46:09,152,152,152,Davinder’s Apple Watch
2024-03-28 18:46:17,152,152,152,Davinder’s Apple Watch
2024-03-28 18:46:22,152,152,152,Davinder’s Apple Watch
2024-03-28 18:46:24,152,152,152,Davinder’s Apple Watch
2024-03-28 18:46:33,148,148,148,Davinder’s Apple Watch
2024-03-28 18:46:38,149,149,149,Davinder’s Apple Watch
2024-03-28 18:46:39,149,149,149,Davinder’s Apple Watch
2024-03-28 18:46:46,148,148,148,Davinder’s Apple Watch
2024-03-28 18:46:53,148,148,148,Davinder’s Apple Watch
2024-03-28 18:46:58,148,148,148,Davinder’s Apple Watch
2024-03-28 18:47:00,150,150,150,Davinder’s Apple Watch
2024-03-28 18:47:08,152,152,152,Davinder’s Apple Watch
2024-03-28 18:47:10,152,152,152,Davinder’s Apple Watch
2024-03-28 18:47:17,151,151,151,Davinder’s Apple Watch
2024-03-28 18:47:21,150,150,150,Davinder’s Apple Watch
2024-03-28 18:47:25,150,150,150,Davinder’s Apple Watch
2024-03-28 18:47:32,149,149,149,Davinder’s Apple Watch
2024-03-28 18:47:34,149,149,149,Davinder’s Apple Watch
2024-03-28 18:47:41,149,149,149,Davinder’s Apple Watch
2024-03-28 18:47:48,149,149,149,Davinder’s Apple Watch
2024-03-28 18:47:49,149,149,149,Davinder’s Apple Watch
2024-03-28 18:47:56,149,149,149,Davinder’s Apple Watch
2024-03-28 18:48:02,149,149,149,Davinder’s Apple Watch
2024-03-28 18:48:08,149,149,149,Davinder’s Apple Watch
2024-03-28 18:48:12,149,149,149,Davinder’s Apple Watch
2024-03-28 18:48:14,149,149,149,Davinder’s Apple Watch
2024-03-28 18:48:21,146,146,146,Davinder’s Apple Watch
2024-03-28 18:48:27,147,147,147,Davinder’s Apple Watch
2024-03-28 18:48:33,148,148,148,Davinder’s Apple Watch
2024-03-28 18:48:35,149,149,149,Davinder’s Apple Watch
2024-03-28 18:48:39,151,151,151,Davinder’s Apple Watch
2024-03-28 18:48:46,153,153,153,Davinder’s Apple Watch
2024-03-28 18:48:51,154,154,154,Davinder’s Apple Watch
2024-03-28 18:48:58,150,150,150,Davinder’s Apple Watch
2024-03-28 18:49:03,150,150,150,Davinder’s Apple Watch
2024-03-28 18:49:04,150,150,150,Davinder’s Apple Watch
2024-03-28 18:49:11,152,152,152,Davinder’s Apple Watch
2024-03-28 18:49:14,154,154,154,Davinder’s Apple Watch
2024-03-28 18:49:23,152,152,152,Davinder’s Apple Watch
2024-03-28 18:49:26,153,153,153,Davinder’s Apple Watch
2024-03-28 18:49:32,153,153,153,Davinder’s Apple Watch
2024-03-28 18:49:38,152,152,152,Davinder’s Apple Watch
2024-03-28 18:49:39,152,152,152,Davinder’s Apple Watch
2024-03-28 18:49:44,151,151,151,Davinder’s Apple Watch
2024-03-28 18:49:53,150,150,150,Davinder’s Apple Watch
2024-03-28 18:49:55,150,150,150,Davinder’s Apple Watch
2024-03-28 18:49:59,149,149,149,Davinder’s Apple Watch
2024-03-28 18:50:08,148,148,148,Davinder’s Apple Watch
2024-03-28 18:50:13,150,150,150,Davinder’s Apple Watch
2024-03-28 18:50:17,150,150,150,Davinder’s Apple Watch
2024-03-28 18:50:23,151,151,151,Davinder’s Apple Watch
2024-03-28 18:50:28,151,151,151,Davinder’s Apple Watch
2024-03-28 18:50:43,149,149,149,Davinder’s Apple Watch
2024-03-28 18:50:44,149,149,149,Davinder’s Apple Watch
2024-03-28 18:50:52,151,151,151,Davinder’s Apple Watch
2024-03-28 18:50:55,151,151,151,Davinder’s Apple Watch
2024-03-28 18:50:59,153,153,153,Davinder’s Apple Watch
2024-03-28 18:51:08,152,152,152,Davinder’s Apple Watch
2024-03-28 18:51:09,152,152,152,Davinder’s Apple Watch
2024-03-28 18:51:15,149,149,149,Davinder’s Apple Watch
2024-03-28 18:51:23,149,149,149,Davinder’s Apple Watch
2024-03-28 18:51:28,148,148,148,Davinder’s Apple Watch
2024-03-28 18:51:31,147,147,147,Davinder’s Apple Watch
2024-03-28 18:51:35,147,147,147,Davinder’s Apple Watch
2024-03-28 18:51:41,144,144,144,Davinder’s Apple Watch
2024-03-28 18:51:44,145,145,145,Davinder’s Apple Watch
2024-03-28 18:51:50,146,146,146,Davinder’s Apple Watch
2024-03-28 18:51:56,147,147,147,Davinder’s Apple Watch
2024-03-28 18:52:03,147,147,147,Davinder’s Apple Watch
2024-03-28 18:52:07,148,148,148,Davinder’s Apple Watch
2024-03-28 18:52:09,148,148,148,Davinder’s Apple Watch
2024-03-28 18:52:17,149,149,149,Davinder’s Apple Watch
2024-03-28 18:52:19,149,149,149,Davinder’s Apple Watch
2024-03-28 18:52:26,148,148,148,Davinder’s Apple Watch
2024-03-28 18:52:33,149,149,149,Davinder’s Apple Watch
2024-03-28 18:52:38,150,150,150,Davinder’s Apple Watch
2024-03-28 18:52:40,151,151,151,Davinder’s Apple Watch
2024-03-28 18:52:46,152,152,152,Davinder’s Apple Watch
2024-03-28 18:52:53,153,153,153,Davinder’s Apple Watch
2024-03-28 18:52:54,154,154,154,Davinder’s Apple Watch
2024-03-28 18:53:03,157,157,157,Davinder’s Apple Watch
2024-03-28 18:53:05,157,157,157,Davinder’s Apple Watch
2024-03-28 18:53:12,156,156,156,Davinder’s Apple Watch
2024-03-28 18:53:16,155,155,155,Davinder’s Apple Watch
2024-03-28 18:53:20,155,155,155,Davinder’s Apple Watch
2024-03-28 18:53:26,154,154,154,Davinder’s Apple Watch
2024-03-28 18:53:39,154,154,154,Davinder’s Apple Watch
2024-03-28 18:53:48,152,152,152,Davinder’s Apple Watch
2024-03-28 18:53:49,151,151,151,Davinder’s Apple Watch
2024-03-28 18:53:55,148,148,148,Davinder’s Apple Watch
2024-03-28 18:54:03,148,148,148,Davinder’s Apple Watch
2024-03-28 18:54:04,149,149,149,Davinder’s Apple Watch
2024-03-28 18:54:09,149,149,149,Davinder’s Apple Watch
2024-03-28 18:54:15,149,149,149,Davinder’s Apple Watch
2024-03-28 18:54:23,149,149,149,Davinder’s Apple Watch
2024-03-28 18:54:24,149,149,149,Davinder’s Apple Watch
2024-03-28 18:54:32,149,149,149,Davinder’s Apple Watch
2024-03-28 18:54:38,149,149,149,Davinder’s Apple Watch
2024-03-28 18:54:43,149,149,149,Davinder’s Apple Watch
2024-03-28 18:54:45,148,148,148,Davinder’s Apple Watch
2024-03-28 18:54:51,150,150,150,Davinder’s Apple Watch
2024-03-28 18:54:58,149,149,149,Davinder’s Apple Watch
