Date/Time,Min (count/min),Max (count/min),Avg (count/min),Source
2024-04-10 19:37:56,155,155,155,Davinder’s Apple Watch
2024-04-10 19:37:59,152,152,152,Davinder’s Apple Watch
2024-04-10 19:38:05,150,150,150,Davinder’s Apple Watch
2024-04-10 19:38:09,148,148,148,Davinder’s Apple Watch
2024-04-10 19:38:18,134,134,134,Davinder’s Apple Watch
2024-04-10 19:38:24,133,133,133,Davinder’s Apple Watch
2024-04-10 19:38:30,132,132,132,Davinder’s Apple Watch
2024-04-10 19:38:37,131,131,131,Davinder’s Apple Watch
2024-04-10 19:38:43,132,132,132,Davinder’s Apple Watch
2024-04-10 19:38:44,132,132,132,Davinder’s Apple Watch
2024-04-10 19:38:51,132,132,132,Davinder’s Apple Watch
2024-04-10 19:38:54,134,134,134,Davinder’s Apple Watch
2024-04-10 19:39:03,124,124,124,Davinder’s Apple Watch
2024-04-10 19:39:07,126,126,126,Davinder’s Apple Watch
2024-04-10 19:39:09,127,127,127,Davinder’s Apple Watch
2024-04-10 19:39:17,125,125,125,Davinder’s Apple Watch
2024-04-10 19:39:23,124,124,124,Davinder’s Apple Watch
2024-04-10 19:39:24,124,124,124,Davinder’s Apple Watch
2024-04-10 19:39:31,126,126,126,Davinder’s Apple Watch
2024-04-10 19:39:38,122,122,122,Davinder’s Apple Watch
2024-04-10 19:39:39,123,123,123,Davinder’s Apple Watch
2024-04-10 19:39:45,126,126,126,Davinder’s Apple Watch
