Date/Time,Active Energy (kcal),Source
2024-01-07 12:05:50,0.048,Davinder’s Apple Watch
2024-01-07 12:05:51,0.065,Davinder’s Apple Watch
2024-01-07 12:05:52,0.065,Davinder’s Apple Watch
2024-01-07 12:05:53,0.065,Davinder’s Apple Watch
2024-01-07 12:05:54,0.065,Davinder’s Apple Watch
2024-01-07 12:05:55,0.155,Davinder’s Apple Watch
2024-01-07 12:05:56,0.222,Davinder’s Apple Watch
2024-01-07 12:05:57,0.223,Davinder’s Apple Watch
2024-01-07 12:05:58,0.251,Davinder’s Apple Watch
2024-01-07 12:05:59,0.252,Davinder’s Apple Watch
2024-01-07 12:06:00,0.252,Davinder’s Apple Watch
2024-01-07 12:06:01,0.252,Davinder’s Apple Watch
2024-01-07 12:06:02,0.252,Davinder’s Apple Watch
2024-01-07 12:06:03,0.252,Davinder’s Apple Watch
2024-01-07 12:06:04,0.252,Davinder’s Apple Watch
2024-01-07 12:06:05,0.252,Davinder’s Apple Watch
2024-01-07 12:06:06,0.252,Davinder’s Apple Watch
2024-01-07 12:06:07,0.252,Davinder’s Apple Watch
2024-01-07 12:06:08,0.252,Davinder’s Apple Watch
2024-01-07 12:06:09,0.252,Davinder’s Apple Watch
2024-01-07 12:06:10,0.249,Davinder’s Apple Watch
2024-01-07 12:06:11,0.222,Davinder’s Apple Watch
2024-01-07 12:06:12,0.222,Davinder’s Apple Watch
2024-01-07 12:06:13,0.237,Davinder’s Apple Watch
2024-01-07 12:06:14,0.252,Davinder’s Apple Watch
2024-01-07 12:06:15,0.252,Davinder’s Apple Watch
2024-01-07 12:06:16,0.252,Davinder’s Apple Watch
2024-01-07 12:06:17,0.252,Davinder’s Apple Watch
2024-01-07 12:06:18,0.252,Davinder’s Apple Watch
2024-01-07 12:06:19,0.252,Davinder’s Apple Watch
2024-01-07 12:06:20,0.252,Davinder’s Apple Watch
2024-01-07 12:06:21,0.252,Davinder’s Apple Watch
2024-01-07 12:06:22,0.252,Davinder’s Apple Watch
2024-01-07 12:06:23,0.252,Davinder’s Apple Watch
2024-01-07 12:06:24,0.252,Davinder’s Apple Watch
2024-01-07 12:06:25,0.252,Davinder’s Apple Watch
2024-01-07 12:06:26,0.252,Davinder’s Apple Watch
2024-01-07 12:06:27,0.252,Davinder’s Apple Watch
2024-01-07 12:06:28,0.252,Davinder’s Apple Watch
2024-01-07 12:06:29,0.252,Davinder’s Apple Watch
2024-01-07 12:06:30,0.252,Davinder’s Apple Watch
2024-01-07 12:06:31,0.252,Davinder’s Apple Watch
2024-01-07 12:06:32,0.252,Davinder’s Apple Watch
2024-01-07 12:06:33,0.252,Davinder’s Apple Watch
2024-01-07 12:06:34,0.252,Davinder’s Apple Watch
2024-01-07 12:06:35,0.252,Davinder’s Apple Watch
2024-01-07 12:06:36,0.252,Davinder’s Apple Watch
2024-01-07 12:06:37,0.252,Davinder’s Apple Watch
2024-01-07 12:06:38,0.252,Davinder’s Apple Watch
2024-01-07 12:06:39,0.252,Davinder’s Apple Watch
2024-01-07 12:06:40,0.252,Davinder’s Apple Watch
2024-01-07 12:06:41,0.252,Davinder’s Apple Watch
2024-01-07 12:06:42,0.252,Davinder’s Apple Watch
2024-01-07 12:06:43,0.252,Davinder’s Apple Watch
2024-01-07 12:06:44,0.252,Davinder’s Apple Watch
2024-01-07 12:06:45,0.252,Davinder’s Apple Watch
2024-01-07 12:06:46,0.252,Davinder’s Apple Watch
2024-01-07 12:06:47,0.252,Davinder’s Apple Watch
2024-01-07 12:06:48,0.252,Davinder’s Apple Watch
2024-01-07 12:06:49,0.252,Davinder’s Apple Watch
2024-01-07 12:06:50,0.252,Davinder’s Apple Watch
2024-01-07 12:06:51,0.252,Davinder’s Apple Watch
2024-01-07 12:06:52,0.252,Davinder’s Apple Watch
2024-01-07 12:06:53,0.252,Davinder’s Apple Watch
2024-01-07 12:06:54,0.252,Davinder’s Apple Watch
2024-01-07 12:06:55,0.252,Davinder’s Apple Watch
2024-01-07 12:06:56,0.252,Davinder’s Apple Watch
2024-01-07 12:06:57,0.252,Davinder’s Apple Watch
2024-01-07 12:06:58,0.252,Davinder’s Apple Watch
2024-01-07 12:06:59,0.25,Davinder’s Apple Watch
2024-01-07 12:07:00,0.222,Davinder’s Apple Watch
2024-01-07 12:07:01,0.222,Davinder’s Apple Watch
2024-01-07 12:07:02,0.222,Davinder’s Apple Watch
2024-01-07 12:07:03,0.222,Davinder’s Apple Watch
2024-01-07 12:07:04,0.222,Davinder’s Apple Watch
2024-01-07 12:07:05,0.222,Davinder’s Apple Watch
2024-01-07 12:07:06,0.222,Davinder’s Apple Watch
2024-01-07 12:07:07,0.225,Davinder’s Apple Watch
2024-01-07 12:07:08,0.231,Davinder’s Apple Watch
2024-01-07 12:07:09,0.231,Davinder’s Apple Watch
2024-01-07 12:07:10,0.247,Davinder’s Apple Watch
2024-01-07 12:07:11,0.252,Davinder’s Apple Watch
2024-01-07 12:07:12,0.253,Davinder’s Apple Watch
2024-01-07 12:07:13,0.259,Davinder’s Apple Watch
2024-01-07 12:07:14,0.259,Davinder’s Apple Watch
2024-01-07 12:07:15,0.259,Davinder’s Apple Watch
2024-01-07 12:07:16,0.259,Davinder’s Apple Watch
2024-01-07 12:07:17,0.257,Davinder’s Apple Watch
2024-01-07 12:07:18,0.262,Davinder’s Apple Watch
2024-01-07 12:07:19,0.259,Davinder’s Apple Watch
2024-01-07 12:07:20,0.234,Davinder’s Apple Watch
2024-01-07 12:07:21,0.201,Davinder’s Apple Watch
2024-01-07 12:07:22,0.201,Davinder’s Apple Watch
2024-01-07 12:07:23,0.252,Davinder’s Apple Watch
2024-01-07 12:07:24,0.261,Davinder’s Apple Watch
2024-01-07 12:07:25,0.245,Davinder’s Apple Watch
2024-01-07 12:07:26,0.203,Davinder’s Apple Watch
2024-01-07 12:07:27,0.203,Davinder’s Apple Watch
2024-01-07 12:07:28,0.265,Davinder’s Apple Watch
2024-01-07 12:07:29,0.293,Davinder’s Apple Watch
2024-01-07 12:07:30,0.285,Davinder’s Apple Watch
2024-01-07 12:07:31,0.221,Davinder’s Apple Watch
2024-01-07 12:07:32,0.221,Davinder’s Apple Watch
2024-01-07 12:07:33,0.239,Davinder’s Apple Watch
2024-01-07 12:07:34,0.256,Davinder’s Apple Watch
2024-01-07 12:07:35,0.256,Davinder’s Apple Watch
2024-01-07 12:07:36,0.223,Davinder’s Apple Watch
2024-01-07 12:07:37,0.221,Davinder’s Apple Watch
2024-01-07 12:07:38,0.222,Davinder’s Apple Watch
2024-01-07 12:07:39,0.224,Davinder’s Apple Watch
2024-01-07 12:07:40,0.224,Davinder’s Apple Watch
2024-01-07 12:07:41,0.224,Davinder’s Apple Watch
2024-01-07 12:07:42,0.224,Davinder’s Apple Watch
2024-01-07 12:07:43,0.23,Davinder’s Apple Watch
2024-01-07 12:07:44,0.255,Davinder’s Apple Watch
2024-01-07 12:07:45,0.255,Davinder’s Apple Watch
2024-01-07 12:07:46,0.255,Davinder’s Apple Watch
2024-01-07 12:07:47,0.255,Davinder’s Apple Watch
2024-01-07 12:07:48,0.255,Davinder’s Apple Watch
2024-01-07 12:07:49,0.255,Davinder’s Apple Watch
2024-01-07 12:07:50,0.255,Davinder’s Apple Watch
2024-01-07 12:07:51,0.257,Davinder’s Apple Watch
2024-01-07 12:07:52,0.259,Davinder’s Apple Watch
2024-01-07 12:07:53,0.259,Davinder’s Apple Watch
2024-01-07 12:07:54,0.259,Davinder’s Apple Watch
2024-01-07 12:07:55,0.259,Davinder’s Apple Watch
2024-01-07 12:07:56,0.258,Davinder’s Apple Watch
2024-01-07 12:07:57,0.255,Davinder’s Apple Watch
2024-01-07 12:07:58,0.255,Davinder’s Apple Watch
2024-01-07 12:07:59,0.254,Davinder’s Apple Watch
2024-01-07 12:08:00,0.254,Davinder’s Apple Watch
2024-01-07 12:08:01,0.254,Davinder’s Apple Watch
2024-01-07 12:08:02,0.254,Davinder’s Apple Watch
2024-01-07 12:08:03,0.254,Davinder’s Apple Watch
2024-01-07 12:08:04,0.254,Davinder’s Apple Watch
2024-01-07 12:08:05,0.253,Davinder’s Apple Watch
2024-01-07 12:08:06,0.253,Davinder’s Apple Watch
2024-01-07 12:08:07,0.252,Davinder’s Apple Watch
2024-01-07 12:08:08,0.252,Davinder’s Apple Watch
2024-01-07 12:08:09,0.252,Davinder’s Apple Watch
2024-01-07 12:08:10,0.252,Davinder’s Apple Watch
2024-01-07 12:08:11,0.252,Davinder’s Apple Watch
2024-01-07 12:08:12,0.244,Davinder’s Apple Watch
2024-01-07 12:08:13,0.242,Davinder’s Apple Watch
2024-01-07 12:08:14,0.242,Davinder’s Apple Watch
2024-01-07 12:08:15,0.242,Davinder’s Apple Watch
2024-01-07 12:08:16,0.242,Davinder’s Apple Watch
2024-01-07 12:08:17,0.223,Davinder’s Apple Watch
2024-01-07 12:08:18,0.214,Davinder’s Apple Watch
2024-01-07 12:08:19,0.216,Davinder’s Apple Watch
2024-01-07 12:08:20,0.243,Davinder’s Apple Watch
2024-01-07 12:08:21,0.243,Davinder’s Apple Watch
2024-01-07 12:08:22,0.231,Davinder’s Apple Watch
2024-01-07 12:08:23,0.22,Davinder’s Apple Watch
2024-01-07 12:08:24,0.22,Davinder’s Apple Watch
2024-01-07 12:08:25,0.247,Davinder’s Apple Watch
2024-01-07 12:08:26,0.249,Davinder’s Apple Watch
2024-01-07 12:08:27,0.252,Davinder’s Apple Watch
2024-01-07 12:08:28,0.258,Davinder’s Apple Watch
2024-01-07 12:08:29,0.258,Davinder’s Apple Watch
2024-01-07 12:08:30,0.258,Davinder’s Apple Watch
2024-01-07 12:08:31,0.258,Davinder’s Apple Watch
2024-01-07 12:08:32,0.252,Davinder’s Apple Watch
2024-01-07 12:08:33,0.227,Davinder’s Apple Watch
2024-01-07 12:08:34,0.227,Davinder’s Apple Watch
2024-01-07 12:08:35,0.227,Davinder’s Apple Watch
2024-01-07 12:08:36,0.227,Davinder’s Apple Watch
2024-01-07 12:08:37,0.228,Davinder’s Apple Watch
2024-01-07 12:08:38,0.26,Davinder’s Apple Watch
2024-01-07 12:08:39,0.26,Davinder’s Apple Watch
2024-01-07 12:08:40,0.26,Davinder’s Apple Watch
2024-01-07 12:08:41,0.26,Davinder’s Apple Watch
2024-01-07 12:08:42,0.26,Davinder’s Apple Watch
2024-01-07 12:08:43,0.26,Davinder’s Apple Watch
2024-01-07 12:08:44,0.26,Davinder’s Apple Watch
2024-01-07 12:08:45,0.251,Davinder’s Apple Watch
2024-01-07 12:08:46,0.229,Davinder’s Apple Watch
2024-01-07 12:08:47,0.229,Davinder’s Apple Watch
2024-01-07 12:08:48,0.25,Davinder’s Apple Watch
2024-01-07 12:08:49,0.259,Davinder’s Apple Watch
2024-01-07 12:08:50,0.258,Davinder’s Apple Watch
2024-01-07 12:08:51,0.252,Davinder’s Apple Watch
2024-01-07 12:08:52,0.252,Davinder’s Apple Watch
2024-01-07 12:08:53,0.252,Davinder’s Apple Watch
2024-01-07 12:08:54,0.252,Davinder’s Apple Watch
2024-01-07 12:08:55,0.252,Davinder’s Apple Watch
2024-01-07 12:08:56,0.229,Davinder’s Apple Watch
2024-01-07 12:08:57,0.229,Davinder’s Apple Watch
2024-01-07 12:08:58,0.229,Davinder’s Apple Watch
2024-01-07 12:08:59,0.229,Davinder’s Apple Watch
2024-01-07 12:09:00,0.229,Davinder’s Apple Watch
2024-01-07 12:09:01,0.254,Davinder’s Apple Watch
2024-01-07 12:09:02,0.26,Davinder’s Apple Watch
2024-01-07 12:09:03,0.26,Davinder’s Apple Watch
2024-01-07 12:09:04,0.26,Davinder’s Apple Watch
2024-01-07 12:09:05,0.26,Davinder’s Apple Watch
2024-01-07 12:09:06,0.24,Davinder’s Apple Watch
2024-01-07 12:09:07,0.229,Davinder’s Apple Watch
2024-01-07 12:09:08,0.229,Davinder’s Apple Watch
2024-01-07 12:09:09,0.229,Davinder’s Apple Watch
2024-01-07 12:09:10,0.229,Davinder’s Apple Watch
2024-01-07 12:09:11,0.229,Davinder’s Apple Watch
2024-01-07 12:09:12,0.229,Davinder’s Apple Watch
2024-01-07 12:09:13,0.229,Davinder’s Apple Watch
2024-01-07 12:09:14,0.257,Davinder’s Apple Watch
2024-01-07 12:09:15,0.26,Davinder’s Apple Watch
2024-01-07 12:09:16,0.24,Davinder’s Apple Watch
2024-01-07 12:09:17,0.197,Davinder’s Apple Watch
2024-01-07 12:09:18,0.197,Davinder’s Apple Watch
2024-01-07 12:09:19,0.244,Davinder’s Apple Watch
2024-01-07 12:09:20,0.26,Davinder’s Apple Watch
2024-01-07 12:09:21,0.25,Davinder’s Apple Watch
2024-01-07 12:09:22,0.197,Davinder’s Apple Watch
2024-01-07 12:09:23,0.197,Davinder’s Apple Watch
2024-01-07 12:09:24,0.234,Davinder’s Apple Watch
2024-01-07 12:09:25,0.26,Davinder’s Apple Watch
2024-01-07 12:09:26,0.259,Davinder’s Apple Watch
2024-01-07 12:09:27,0.261,Davinder’s Apple Watch
2024-01-07 12:09:28,0.26,Davinder’s Apple Watch
2024-01-07 12:09:29,0.26,Davinder’s Apple Watch
2024-01-07 12:09:30,0.26,Davinder’s Apple Watch
2024-01-07 12:09:31,0.26,Davinder’s Apple Watch
2024-01-07 12:09:32,0.26,Davinder’s Apple Watch
2024-01-07 12:09:33,0.26,Davinder’s Apple Watch
2024-01-07 12:09:34,0.26,Davinder’s Apple Watch
2024-01-07 12:09:35,0.259,Davinder’s Apple Watch
2024-01-07 12:09:36,0.259,Davinder’s Apple Watch
2024-01-07 12:09:37,0.238,Davinder’s Apple Watch
2024-01-07 12:09:38,0.229,Davinder’s Apple Watch
2024-01-07 12:09:39,0.232,Davinder’s Apple Watch
2024-01-07 12:09:40,0.259,Davinder’s Apple Watch
2024-01-07 12:09:41,0.259,Davinder’s Apple Watch
2024-01-07 12:09:42,0.243,Davinder’s Apple Watch
2024-01-07 12:09:43,0.229,Davinder’s Apple Watch
2024-01-07 12:09:44,0.229,Davinder’s Apple Watch
2024-01-07 12:09:45,0.258,Davinder’s Apple Watch
2024-01-07 12:09:46,0.26,Davinder’s Apple Watch
2024-01-07 12:09:47,0.249,Davinder’s Apple Watch
2024-01-07 12:09:48,0.229,Davinder’s Apple Watch
2024-01-07 12:09:49,0.229,Davinder’s Apple Watch
2024-01-07 12:09:50,0.253,Davinder’s Apple Watch
2024-01-07 12:09:51,0.26,Davinder’s Apple Watch
2024-01-07 12:09:52,0.258,Davinder’s Apple Watch
2024-01-07 12:09:53,0.252,Davinder’s Apple Watch
2024-01-07 12:09:54,0.252,Davinder’s Apple Watch
2024-01-07 12:09:55,0.252,Davinder’s Apple Watch
2024-01-07 12:09:56,0.252,Davinder’s Apple Watch
2024-01-07 12:09:57,0.251,Davinder’s Apple Watch
2024-01-07 12:09:58,0.229,Davinder’s Apple Watch
2024-01-07 12:09:59,0.229,Davinder’s Apple Watch
2024-01-07 12:10:00,0.229,Davinder’s Apple Watch
2024-01-07 12:10:01,0.229,Davinder’s Apple Watch
2024-01-07 12:10:02,0.229,Davinder’s Apple Watch
2024-01-07 12:10:03,0.256,Davinder’s Apple Watch
2024-01-07 12:10:04,0.26,Davinder’s Apple Watch
2024-01-07 12:10:05,0.26,Davinder’s Apple Watch
2024-01-07 12:10:06,0.26,Davinder’s Apple Watch
2024-01-07 12:10:07,0.26,Davinder’s Apple Watch
2024-01-07 12:10:08,0.26,Davinder’s Apple Watch
2024-01-07 12:10:09,0.26,Davinder’s Apple Watch
2024-01-07 12:10:10,0.26,Davinder’s Apple Watch
2024-01-07 12:10:11,0.26,Davinder’s Apple Watch
2024-01-07 12:10:12,0.26,Davinder’s Apple Watch
2024-01-07 12:10:13,0.26,Davinder’s Apple Watch
2024-01-07 12:10:14,0.26,Davinder’s Apple Watch
2024-01-07 12:10:15,0.26,Davinder’s Apple Watch
2024-01-07 12:10:16,0.26,Davinder’s Apple Watch
2024-01-07 12:10:17,0.26,Davinder’s Apple Watch
2024-01-07 12:10:18,0.26,Davinder’s Apple Watch
2024-01-07 12:10:19,0.259,Davinder’s Apple Watch
2024-01-07 12:10:20,0.259,Davinder’s Apple Watch
2024-01-07 12:10:21,0.234,Davinder’s Apple Watch
2024-01-07 12:10:22,0.229,Davinder’s Apple Watch
2024-01-07 12:10:23,0.236,Davinder’s Apple Watch
2024-01-07 12:10:24,0.259,Davinder’s Apple Watch
2024-01-07 12:10:25,0.259,Davinder’s Apple Watch
2024-01-07 12:10:26,0.239,Davinder’s Apple Watch
2024-01-07 12:10:27,0.229,Davinder’s Apple Watch
2024-01-07 12:10:28,0.231,Davinder’s Apple Watch
2024-01-07 12:10:29,0.26,Davinder’s Apple Watch
2024-01-07 12:10:30,0.26,Davinder’s Apple Watch
2024-01-07 12:10:31,0.244,Davinder’s Apple Watch
2024-01-07 12:10:32,0.229,Davinder’s Apple Watch
2024-01-07 12:10:33,0.229,Davinder’s Apple Watch
2024-01-07 12:10:34,0.258,Davinder’s Apple Watch
2024-01-07 12:10:35,0.26,Davinder’s Apple Watch
2024-01-07 12:10:36,0.26,Davinder’s Apple Watch
2024-01-07 12:10:37,0.259,Davinder’s Apple Watch
2024-01-07 12:10:38,0.259,Davinder’s Apple Watch
2024-01-07 12:10:39,0.259,Davinder’s Apple Watch
2024-01-07 12:10:40,0.259,Davinder’s Apple Watch
2024-01-07 12:10:41,0.259,Davinder’s Apple Watch
2024-01-07 12:10:42,0.259,Davinder’s Apple Watch
2024-01-07 12:10:43,0.259,Davinder’s Apple Watch
2024-01-07 12:10:44,0.259,Davinder’s Apple Watch
2024-01-07 12:10:45,0.259,Davinder’s Apple Watch
2024-01-07 12:10:46,0.259,Davinder’s Apple Watch
2024-01-07 12:10:47,0.229,Davinder’s Apple Watch
2024-01-07 12:10:48,0.229,Davinder’s Apple Watch
2024-01-07 12:10:49,0.242,Davinder’s Apple Watch
2024-01-07 12:10:50,0.259,Davinder’s Apple Watch
2024-01-07 12:10:51,0.259,Davinder’s Apple Watch
2024-01-07 12:10:52,0.259,Davinder’s Apple Watch
2024-01-07 12:10:53,0.259,Davinder’s Apple Watch
2024-01-07 12:10:54,0.259,Davinder’s Apple Watch
2024-01-07 12:10:55,0.259,Davinder’s Apple Watch
2024-01-07 12:10:56,0.259,Davinder’s Apple Watch
2024-01-07 12:10:57,0.259,Davinder’s Apple Watch
2024-01-07 12:10:58,0.259,Davinder’s Apple Watch
2024-01-07 12:10:59,0.259,Davinder’s Apple Watch
2024-01-07 12:11:00,0.26,Davinder’s Apple Watch
2024-01-07 12:11:01,0.26,Davinder’s Apple Watch
2024-01-07 12:11:02,0.26,Davinder’s Apple Watch
2024-01-07 12:11:03,0.26,Davinder’s Apple Watch
2024-01-07 12:11:04,0.26,Davinder’s Apple Watch
2024-01-07 12:11:05,0.259,Davinder’s Apple Watch
2024-01-07 12:11:06,0.259,Davinder’s Apple Watch
2024-01-07 12:11:07,0.254,Davinder’s Apple Watch
2024-01-07 12:11:08,0.244,Davinder’s Apple Watch
2024-01-07 12:11:09,0.244,Davinder’s Apple Watch
2024-01-07 12:11:10,0.232,Davinder’s Apple Watch
2024-01-07 12:11:11,0.229,Davinder’s Apple Watch
2024-01-07 12:11:12,0.229,Davinder’s Apple Watch
2024-01-07 12:11:13,0.229,Davinder’s Apple Watch
2024-01-07 12:11:14,0.229,Davinder’s Apple Watch
2024-01-07 12:11:15,0.249,Davinder’s Apple Watch
2024-01-07 12:11:16,0.26,Davinder’s Apple Watch
2024-01-07 12:11:17,0.26,Davinder’s Apple Watch
2024-01-07 12:11:18,0.26,Davinder’s Apple Watch
2024-01-07 12:11:19,0.26,Davinder’s Apple Watch
2024-01-07 12:11:20,0.26,Davinder’s Apple Watch
2024-01-07 12:11:21,0.259,Davinder’s Apple Watch
2024-01-07 12:11:22,0.259,Davinder’s Apple Watch
2024-01-07 12:11:23,0.259,Davinder’s Apple Watch
2024-01-07 12:11:24,0.259,Davinder’s Apple Watch
2024-01-07 12:11:25,0.249,Davinder’s Apple Watch
2024-01-07 12:11:26,0.229,Davinder’s Apple Watch
2024-01-07 12:11:27,0.229,Davinder’s Apple Watch
2024-01-07 12:11:28,0.229,Davinder’s Apple Watch
2024-01-07 12:11:29,0.229,Davinder’s Apple Watch
2024-01-07 12:11:30,0.229,Davinder’s Apple Watch
2024-01-07 12:11:31,0.229,Davinder’s Apple Watch
2024-01-07 12:11:32,0.229,Davinder’s Apple Watch
2024-01-07 12:11:33,0.247,Davinder’s Apple Watch
2024-01-07 12:11:34,0.26,Davinder’s Apple Watch
2024-01-07 12:11:35,0.26,Davinder’s Apple Watch
2024-01-07 12:11:36,0.26,Davinder’s Apple Watch
2024-01-07 12:11:37,0.26,Davinder’s Apple Watch
2024-01-07 12:11:38,0.26,Davinder’s Apple Watch
2024-01-07 12:11:39,0.26,Davinder’s Apple Watch
2024-01-07 12:11:40,0.26,Davinder’s Apple Watch
2024-01-07 12:11:41,0.26,Davinder’s Apple Watch
2024-01-07 12:11:42,0.26,Davinder’s Apple Watch
2024-01-07 12:11:43,0.26,Davinder’s Apple Watch
2024-01-07 12:11:44,0.26,Davinder’s Apple Watch
2024-01-07 12:11:45,0.26,Davinder’s Apple Watch
2024-01-07 12:11:46,0.26,Davinder’s Apple Watch
2024-01-07 12:11:47,0.26,Davinder’s Apple Watch
2024-01-07 12:11:48,0.26,Davinder’s Apple Watch
2024-01-07 12:11:49,0.26,Davinder’s Apple Watch
2024-01-07 12:11:50,0.26,Davinder’s Apple Watch
2024-01-07 12:11:51,0.26,Davinder’s Apple Watch
2024-01-07 12:11:52,0.26,Davinder’s Apple Watch
2024-01-07 12:11:53,0.26,Davinder’s Apple Watch
2024-01-07 12:11:54,0.26,Davinder’s Apple Watch
2024-01-07 12:11:55,0.26,Davinder’s Apple Watch
2024-01-07 12:11:56,0.26,Davinder’s Apple Watch
2024-01-07 12:11:57,0.26,Davinder’s Apple Watch
2024-01-07 12:11:58,0.26,Davinder’s Apple Watch
2024-01-07 12:11:59,0.235,Davinder’s Apple Watch
2024-01-07 12:12:00,0.228,Davinder’s Apple Watch
2024-01-07 12:12:01,0.228,Davinder’s Apple Watch
2024-01-07 12:12:02,0.228,Davinder’s Apple Watch
2024-01-07 12:12:03,0.228,Davinder’s Apple Watch
2024-01-07 12:12:04,0.209,Davinder’s Apple Watch
2024-01-07 12:12:05,0.197,Davinder’s Apple Watch
2024-01-07 12:12:06,0.2,Davinder’s Apple Watch
2024-01-07 12:12:07,0.26,Davinder’s Apple Watch
2024-01-07 12:12:08,0.26,Davinder’s Apple Watch
2024-01-07 12:12:09,0.231,Davinder’s Apple Watch
2024-01-07 12:12:10,0.197,Davinder’s Apple Watch
2024-01-07 12:12:11,0.197,Davinder’s Apple Watch
2024-01-07 12:12:12,0.197,Davinder’s Apple Watch
2024-01-07 12:12:13,0.197,Davinder’s Apple Watch
2024-01-07 12:12:14,0.197,Davinder’s Apple Watch
2024-01-07 12:12:15,0.197,Davinder’s Apple Watch
2024-01-07 12:12:16,0.197,Davinder’s Apple Watch
2024-01-07 12:12:17,0.197,Davinder’s Apple Watch
2024-01-07 12:12:18,0.197,Davinder’s Apple Watch
2024-01-07 12:12:19,0.206,Davinder’s Apple Watch
2024-01-07 12:12:20,0.26,Davinder’s Apple Watch
2024-01-07 12:12:21,0.26,Davinder’s Apple Watch
2024-01-07 12:12:22,0.26,Davinder’s Apple Watch
2024-01-07 12:12:23,0.26,Davinder’s Apple Watch
2024-01-07 12:12:24,0.26,Davinder’s Apple Watch
2024-01-07 12:12:25,0.26,Davinder’s Apple Watch
2024-01-07 12:12:26,0.26,Davinder’s Apple Watch
2024-01-07 12:12:27,0.257,Davinder’s Apple Watch
2024-01-07 12:12:28,0.252,Davinder’s Apple Watch
2024-01-07 12:12:29,0.252,Davinder’s Apple Watch
2024-01-07 12:12:30,0.252,Davinder’s Apple Watch
2024-01-07 12:12:31,0.252,Davinder’s Apple Watch
2024-01-07 12:12:32,0.252,Davinder’s Apple Watch
2024-01-07 12:12:33,0.252,Davinder’s Apple Watch
2024-01-07 12:12:34,0.252,Davinder’s Apple Watch
2024-01-07 12:12:35,0.252,Davinder’s Apple Watch
2024-01-07 12:12:36,0.252,Davinder’s Apple Watch
2024-01-07 12:12:37,0.252,Davinder’s Apple Watch
2024-01-07 12:12:38,0.26,Davinder’s Apple Watch
2024-01-07 12:12:39,0.26,Davinder’s Apple Watch
2024-01-07 12:12:40,0.26,Davinder’s Apple Watch
2024-01-07 12:12:41,0.26,Davinder’s Apple Watch
2024-01-07 12:12:42,0.26,Davinder’s Apple Watch
2024-01-07 12:12:43,0.26,Davinder’s Apple Watch
2024-01-07 12:12:44,0.26,Davinder’s Apple Watch
2024-01-07 12:12:45,0.239,Davinder’s Apple Watch
2024-01-07 12:12:46,0.197,Davinder’s Apple Watch
2024-01-07 12:12:47,0.197,Davinder’s Apple Watch
2024-01-07 12:12:48,0.245,Davinder’s Apple Watch
2024-01-07 12:12:49,0.26,Davinder’s Apple Watch
2024-01-07 12:12:50,0.254,Davinder’s Apple Watch
2024-01-07 12:12:51,0.228,Davinder’s Apple Watch
2024-01-07 12:12:52,0.228,Davinder’s Apple Watch
2024-01-07 12:12:53,0.228,Davinder’s Apple Watch
2024-01-07 12:12:54,0.228,Davinder’s Apple Watch
2024-01-07 12:12:55,0.228,Davinder’s Apple Watch
2024-01-07 12:12:56,0.228,Davinder’s Apple Watch
2024-01-07 12:12:57,0.228,Davinder’s Apple Watch
2024-01-07 12:12:58,0.242,Davinder’s Apple Watch
2024-01-07 12:12:59,0.26,Davinder’s Apple Watch
2024-01-07 12:13:00,0.26,Davinder’s Apple Watch
2024-01-07 12:13:01,0.26,Davinder’s Apple Watch
2024-01-07 12:13:02,0.26,Davinder’s Apple Watch
2024-01-07 12:13:03,0.251,Davinder’s Apple Watch
2024-01-07 12:13:04,0.229,Davinder’s Apple Watch
2024-01-07 12:13:05,0.229,Davinder’s Apple Watch
2024-01-07 12:13:06,0.229,Davinder’s Apple Watch
2024-01-07 12:13:07,0.229,Davinder’s Apple Watch
2024-01-07 12:13:08,0.232,Davinder’s Apple Watch
2024-01-07 12:13:09,0.26,Davinder’s Apple Watch
2024-01-07 12:13:10,0.26,Davinder’s Apple Watch
2024-01-07 12:13:11,0.26,Davinder’s Apple Watch
2024-01-07 12:13:12,0.26,Davinder’s Apple Watch
2024-01-07 12:13:13,0.26,Davinder’s Apple Watch
2024-01-07 12:13:14,0.259,Davinder’s Apple Watch
2024-01-07 12:13:15,0.259,Davinder’s Apple Watch
2024-01-07 12:13:16,0.256,Davinder’s Apple Watch
2024-01-07 12:13:17,0.252,Davinder’s Apple Watch
2024-01-07 12:13:18,0.252,Davinder’s Apple Watch
2024-01-07 12:13:19,0.252,Davinder’s Apple Watch
2024-01-07 12:13:20,0.252,Davinder’s Apple Watch
2024-01-07 12:13:21,0.252,Davinder’s Apple Watch
2024-01-07 12:13:22,0.252,Davinder’s Apple Watch
2024-01-07 12:13:23,0.252,Davinder’s Apple Watch
2024-01-07 12:13:24,0.252,Davinder’s Apple Watch
2024-01-07 12:13:25,0.252,Davinder’s Apple Watch
2024-01-07 12:13:26,0.252,Davinder’s Apple Watch
2024-01-07 12:13:27,0.26,Davinder’s Apple Watch
2024-01-07 12:13:28,0.26,Davinder’s Apple Watch
2024-01-07 12:13:29,0.26,Davinder’s Apple Watch
2024-01-07 12:13:30,0.26,Davinder’s Apple Watch
2024-01-07 12:13:31,0.26,Davinder’s Apple Watch
2024-01-07 12:13:32,0.26,Davinder’s Apple Watch
2024-01-07 12:13:33,0.26,Davinder’s Apple Watch
2024-01-07 12:13:34,0.257,Davinder’s Apple Watch
2024-01-07 12:13:35,0.252,Davinder’s Apple Watch
2024-01-07 12:13:36,0.252,Davinder’s Apple Watch
2024-01-07 12:13:37,0.252,Davinder’s Apple Watch
2024-01-07 12:13:38,0.252,Davinder’s Apple Watch
2024-01-07 12:13:39,0.252,Davinder’s Apple Watch
2024-01-07 12:13:40,0.252,Davinder’s Apple Watch
2024-01-07 12:13:41,0.252,Davinder’s Apple Watch
2024-01-07 12:13:42,0.252,Davinder’s Apple Watch
2024-01-07 12:13:43,0.252,Davinder’s Apple Watch
2024-01-07 12:13:44,0.252,Davinder’s Apple Watch
2024-01-07 12:13:45,0.259,Davinder’s Apple Watch
2024-01-07 12:13:46,0.259,Davinder’s Apple Watch
2024-01-07 12:13:47,0.259,Davinder’s Apple Watch
2024-01-07 12:13:48,0.259,Davinder’s Apple Watch
2024-01-07 12:13:49,0.259,Davinder’s Apple Watch
2024-01-07 12:13:50,0.259,Davinder’s Apple Watch
2024-01-07 12:13:51,0.259,Davinder’s Apple Watch
2024-01-07 12:13:52,0.251,Davinder’s Apple Watch
2024-01-07 12:13:53,0.228,Davinder’s Apple Watch
2024-01-07 12:13:54,0.228,Davinder’s Apple Watch
2024-01-07 12:13:55,0.228,Davinder’s Apple Watch
2024-01-07 12:13:56,0.228,Davinder’s Apple Watch
2024-01-07 12:13:57,0.231,Davinder’s Apple Watch
2024-01-07 12:13:58,0.26,Davinder’s Apple Watch
2024-01-07 12:13:59,0.26,Davinder’s Apple Watch
2024-01-07 12:14:00,0.26,Davinder’s Apple Watch
2024-01-07 12:14:01,0.26,Davinder’s Apple Watch
2024-01-07 12:14:02,0.26,Davinder’s Apple Watch
2024-01-07 12:14:03,0.26,Davinder’s Apple Watch
2024-01-07 12:14:04,0.26,Davinder’s Apple Watch
2024-01-07 12:14:05,0.237,Davinder’s Apple Watch
2024-01-07 12:14:06,0.197,Davinder’s Apple Watch
2024-01-07 12:14:07,0.197,Davinder’s Apple Watch
2024-01-07 12:14:08,0.246,Davinder’s Apple Watch
2024-01-07 12:14:09,0.26,Davinder’s Apple Watch
2024-01-07 12:14:10,0.248,Davinder’s Apple Watch
2024-01-07 12:14:11,0.197,Davinder’s Apple Watch
2024-01-07 12:14:12,0.197,Davinder’s Apple Watch
2024-01-07 12:14:13,0.236,Davinder’s Apple Watch
2024-01-07 12:14:14,0.26,Davinder’s Apple Watch
2024-01-07 12:14:15,0.259,Davinder’s Apple Watch
2024-01-07 12:14:16,0.229,Davinder’s Apple Watch
2024-01-07 12:14:17,0.229,Davinder’s Apple Watch
2024-01-07 12:14:18,0.243,Davinder’s Apple Watch
2024-01-07 12:14:19,0.26,Davinder’s Apple Watch
2024-01-07 12:14:20,0.26,Davinder’s Apple Watch
2024-01-07 12:14:21,0.259,Davinder’s Apple Watch
2024-01-07 12:14:22,0.259,Davinder’s Apple Watch
2024-01-07 12:14:23,0.259,Davinder’s Apple Watch
2024-01-07 12:14:24,0.259,Davinder’s Apple Watch
2024-01-07 12:14:25,0.259,Davinder’s Apple Watch
2024-01-07 12:14:26,0.259,Davinder’s Apple Watch
2024-01-07 12:14:27,0.259,Davinder’s Apple Watch
2024-01-07 12:14:28,0.258,Davinder’s Apple Watch
2024-01-07 12:14:29,0.252,Davinder’s Apple Watch
2024-01-07 12:14:30,0.252,Davinder’s Apple Watch
2024-01-07 12:14:31,0.252,Davinder’s Apple Watch
2024-01-07 12:14:32,0.252,Davinder’s Apple Watch
2024-01-07 12:14:33,0.252,Davinder’s Apple Watch
2024-01-07 12:14:34,0.252,Davinder’s Apple Watch
2024-01-07 12:14:35,0.252,Davinder’s Apple Watch
2024-01-07 12:14:36,0.242,Davinder’s Apple Watch
2024-01-07 12:14:37,0.229,Davinder’s Apple Watch
2024-01-07 12:14:38,0.229,Davinder’s Apple Watch
2024-01-07 12:14:39,0.229,Davinder’s Apple Watch
2024-01-07 12:14:40,0.229,Davinder’s Apple Watch
2024-01-07 12:14:41,0.229,Davinder’s Apple Watch
2024-01-07 12:14:42,0.229,Davinder’s Apple Watch
2024-01-07 12:14:43,0.229,Davinder’s Apple Watch
2024-01-07 12:14:44,0.208,Davinder’s Apple Watch
2024-01-07 12:14:45,0.197,Davinder’s Apple Watch
2024-01-07 12:14:46,0.197,Davinder’s Apple Watch
2024-01-07 12:14:47,0.197,Davinder’s Apple Watch
2024-01-07 12:14:48,0.197,Davinder’s Apple Watch
2024-01-07 12:14:49,0.197,Davinder’s Apple Watch
2024-01-07 12:14:50,0.197,Davinder’s Apple Watch
2024-01-07 12:14:51,0.197,Davinder’s Apple Watch
2024-01-07 12:14:52,0.197,Davinder’s Apple Watch
2024-01-07 12:14:53,0.197,Davinder’s Apple Watch
2024-01-07 12:14:54,0.219,Davinder’s Apple Watch
2024-01-07 12:14:55,0.26,Davinder’s Apple Watch
2024-01-07 12:14:56,0.26,Davinder’s Apple Watch
2024-01-07 12:14:57,0.26,Davinder’s Apple Watch
2024-01-07 12:14:58,0.26,Davinder’s Apple Watch
2024-01-07 12:14:59,0.26,Davinder’s Apple Watch
2024-01-07 12:15:00,0.26,Davinder’s Apple Watch
2024-01-07 12:15:01,0.26,Davinder’s Apple Watch
2024-01-07 12:15:02,0.26,Davinder’s Apple Watch
2024-01-07 12:15:03,0.26,Davinder’s Apple Watch
2024-01-07 12:15:04,0.26,Davinder’s Apple Watch
2024-01-07 12:15:05,0.252,Davinder’s Apple Watch
2024-01-07 12:15:06,0.252,Davinder’s Apple Watch
2024-01-07 12:15:07,0.252,Davinder’s Apple Watch
2024-01-07 12:15:08,0.252,Davinder’s Apple Watch
2024-01-07 12:15:09,0.252,Davinder’s Apple Watch
2024-01-07 12:15:10,0.259,Davinder’s Apple Watch
2024-01-07 12:15:11,0.26,Davinder’s Apple Watch
2024-01-07 12:15:12,0.26,Davinder’s Apple Watch
2024-01-07 12:15:13,0.26,Davinder’s Apple Watch
2024-01-07 12:15:14,0.26,Davinder’s Apple Watch
2024-01-07 12:15:15,0.26,Davinder’s Apple Watch
2024-01-07 12:15:16,0.26,Davinder’s Apple Watch
2024-01-07 12:15:17,0.259,Davinder’s Apple Watch
2024-01-07 12:15:18,0.252,Davinder’s Apple Watch
2024-01-07 12:15:19,0.252,Davinder’s Apple Watch
2024-01-07 12:15:20,0.252,Davinder’s Apple Watch
2024-01-07 12:15:21,0.252,Davinder’s Apple Watch
2024-01-07 12:15:22,0.252,Davinder’s Apple Watch
2024-01-07 12:15:23,0.252,Davinder’s Apple Watch
2024-01-07 12:15:24,0.252,Davinder’s Apple Watch
2024-01-07 12:15:25,0.243,Davinder’s Apple Watch
2024-01-07 12:15:26,0.228,Davinder’s Apple Watch
2024-01-07 12:15:27,0.228,Davinder’s Apple Watch
2024-01-07 12:15:28,0.228,Davinder’s Apple Watch
2024-01-07 12:15:29,0.228,Davinder’s Apple Watch
2024-01-07 12:15:30,0.221,Davinder’s Apple Watch
2024-01-07 12:15:31,0.197,Davinder’s Apple Watch
2024-01-07 12:15:32,0.197,Davinder’s Apple Watch
2024-01-07 12:15:33,0.238,Davinder’s Apple Watch
2024-01-07 12:15:34,0.26,Davinder’s Apple Watch
2024-01-07 12:15:35,0.26,Davinder’s Apple Watch
2024-01-07 12:15:36,0.26,Davinder’s Apple Watch
2024-01-07 12:15:37,0.26,Davinder’s Apple Watch
2024-01-07 12:15:38,0.26,Davinder’s Apple Watch
2024-01-07 12:15:39,0.26,Davinder’s Apple Watch
2024-01-07 12:15:40,0.26,Davinder’s Apple Watch
2024-01-07 12:15:41,0.26,Davinder’s Apple Watch
2024-01-07 12:15:42,0.26,Davinder’s Apple Watch
2024-01-07 12:15:43,0.24,Davinder’s Apple Watch
2024-01-07 12:15:44,0.197,Davinder’s Apple Watch
2024-01-07 12:15:45,0.197,Davinder’s Apple Watch
2024-01-07 12:15:46,0.197,Davinder’s Apple Watch
2024-01-07 12:15:47,0.197,Davinder’s Apple Watch
2024-01-07 12:15:48,0.197,Davinder’s Apple Watch
2024-01-07 12:15:49,0.197,Davinder’s Apple Watch
2024-01-07 12:15:50,0.197,Davinder’s Apple Watch
2024-01-07 12:15:51,0.197,Davinder’s Apple Watch
2024-01-07 12:15:52,0.197,Davinder’s Apple Watch
2024-01-07 12:15:53,0.197,Davinder’s Apple Watch
2024-01-07 12:15:54,0.26,Davinder’s Apple Watch
2024-01-07 12:15:55,0.26,Davinder’s Apple Watch
2024-01-07 12:15:56,0.26,Davinder’s Apple Watch
2024-01-07 12:15:57,0.26,Davinder’s Apple Watch
2024-01-07 12:15:58,0.26,Davinder’s Apple Watch
2024-01-07 12:15:59,0.26,Davinder’s Apple Watch
2024-01-07 12:16:00,0.26,Davinder’s Apple Watch
2024-01-07 12:16:01,0.26,Davinder’s Apple Watch
2024-01-07 12:16:02,0.26,Davinder’s Apple Watch
2024-01-07 12:16:03,0.26,Davinder’s Apple Watch
2024-01-07 12:16:04,0.26,Davinder’s Apple Watch
2024-01-07 12:16:05,0.26,Davinder’s Apple Watch
2024-01-07 12:16:06,0.26,Davinder’s Apple Watch
2024-01-07 12:16:07,0.26,Davinder’s Apple Watch
2024-01-07 12:16:08,0.26,Davinder’s Apple Watch
2024-01-07 12:16:09,0.26,Davinder’s Apple Watch
2024-01-07 12:16:10,0.26,Davinder’s Apple Watch
2024-01-07 12:16:11,0.26,Davinder’s Apple Watch
2024-01-07 12:16:12,0.26,Davinder’s Apple Watch
2024-01-07 12:16:13,0.26,Davinder’s Apple Watch
2024-01-07 12:16:14,0.249,Davinder’s Apple Watch
2024-01-07 12:16:15,0.229,Davinder’s Apple Watch
2024-01-07 12:16:16,0.229,Davinder’s Apple Watch
2024-01-07 12:16:17,0.229,Davinder’s Apple Watch
2024-01-07 12:16:18,0.229,Davinder’s Apple Watch
2024-01-07 12:16:19,0.235,Davinder’s Apple Watch
2024-01-07 12:16:20,0.26,Davinder’s Apple Watch
2024-01-07 12:16:21,0.26,Davinder’s Apple Watch
2024-01-07 12:16:22,0.26,Davinder’s Apple Watch
2024-01-07 12:16:23,0.26,Davinder’s Apple Watch
2024-01-07 12:16:24,0.26,Davinder’s Apple Watch
2024-01-07 12:16:25,0.26,Davinder’s Apple Watch
2024-01-07 12:16:26,0.26,Davinder’s Apple Watch
2024-01-07 12:16:27,0.27,Davinder’s Apple Watch
2024-01-07 12:16:28,0.282,Davinder’s Apple Watch
2024-01-07 12:16:29,0.282,Davinder’s Apple Watch
2024-01-07 12:16:30,0.234,Davinder’s Apple Watch
2024-01-07 12:16:31,0.228,Davinder’s Apple Watch
2024-01-07 12:16:32,0.238,Davinder’s Apple Watch
2024-01-07 12:16:33,0.26,Davinder’s Apple Watch
2024-01-07 12:16:34,0.26,Davinder’s Apple Watch
2024-01-07 12:16:35,0.254,Davinder’s Apple Watch
2024-01-07 12:16:36,0.252,Davinder’s Apple Watch
2024-01-07 12:16:37,0.253,Davinder’s Apple Watch
2024-01-07 12:16:38,0.259,Davinder’s Apple Watch
2024-01-07 12:16:39,0.259,Davinder’s Apple Watch
2024-01-07 12:16:40,0.255,Davinder’s Apple Watch
2024-01-07 12:16:41,0.252,Davinder’s Apple Watch
2024-01-07 12:16:42,0.252,Davinder’s Apple Watch
2024-01-07 12:16:43,0.259,Davinder’s Apple Watch
2024-01-07 12:16:44,0.259,Davinder’s Apple Watch
2024-01-07 12:16:45,0.247,Davinder’s Apple Watch
2024-01-07 12:16:46,0.228,Davinder’s Apple Watch
2024-01-07 12:16:47,0.228,Davinder’s Apple Watch
2024-01-07 12:16:48,0.254,Davinder’s Apple Watch
2024-01-07 12:16:49,0.259,Davinder’s Apple Watch
2024-01-07 12:16:50,0.244,Davinder’s Apple Watch
2024-01-07 12:16:51,0.197,Davinder’s Apple Watch
2024-01-07 12:16:52,0.197,Davinder’s Apple Watch
2024-01-07 12:16:53,0.239,Davinder’s Apple Watch
2024-01-07 12:16:54,0.26,Davinder’s Apple Watch
2024-01-07 12:16:55,0.255,Davinder’s Apple Watch
2024-01-07 12:16:56,0.197,Davinder’s Apple Watch
2024-01-07 12:16:57,0.197,Davinder’s Apple Watch
2024-01-07 12:16:58,0.229,Davinder’s Apple Watch
2024-01-07 12:16:59,0.26,Davinder’s Apple Watch
2024-01-07 12:17:00,0.26,Davinder’s Apple Watch
2024-01-07 12:17:01,0.259,Davinder’s Apple Watch
2024-01-07 12:17:02,0.259,Davinder’s Apple Watch
2024-01-07 12:17:03,0.259,Davinder’s Apple Watch
2024-01-07 12:17:04,0.259,Davinder’s Apple Watch
2024-01-07 12:17:05,0.259,Davinder’s Apple Watch
2024-01-07 12:17:06,0.259,Davinder’s Apple Watch
2024-01-07 12:17:07,0.259,Davinder’s Apple Watch
2024-01-07 12:17:08,0.254,Davinder’s Apple Watch
2024-01-07 12:17:09,0.229,Davinder’s Apple Watch
2024-01-07 12:17:10,0.229,Davinder’s Apple Watch
2024-01-07 12:17:11,0.229,Davinder’s Apple Watch
2024-01-07 12:17:12,0.229,Davinder’s Apple Watch
2024-01-07 12:17:13,0.229,Davinder’s Apple Watch
2024-01-07 12:17:14,0.229,Davinder’s Apple Watch
2024-01-07 12:17:15,0.229,Davinder’s Apple Watch
2024-01-07 12:17:16,0.243,Davinder’s Apple Watch
2024-01-07 12:17:17,0.26,Davinder’s Apple Watch
2024-01-07 12:17:18,0.26,Davinder’s Apple Watch
2024-01-07 12:17:19,0.26,Davinder’s Apple Watch
2024-01-07 12:17:20,0.26,Davinder’s Apple Watch
2024-01-07 12:17:21,0.26,Davinder’s Apple Watch
2024-01-07 12:17:22,0.26,Davinder’s Apple Watch
2024-01-07 12:17:23,0.26,Davinder’s Apple Watch
2024-01-07 12:17:24,0.254,Davinder’s Apple Watch
2024-01-07 12:17:25,0.252,Davinder’s Apple Watch
2024-01-07 12:17:26,0.252,Davinder’s Apple Watch
2024-01-07 12:17:27,0.252,Davinder’s Apple Watch
2024-01-07 12:17:28,0.252,Davinder’s Apple Watch
2024-01-07 12:17:29,0.252,Davinder’s Apple Watch
2024-01-07 12:17:30,0.252,Davinder’s Apple Watch
2024-01-07 12:17:31,0.252,Davinder’s Apple Watch
2024-01-07 12:17:32,0.252,Davinder’s Apple Watch
2024-01-07 12:17:33,0.252,Davinder’s Apple Watch
2024-01-07 12:17:34,0.255,Davinder’s Apple Watch
2024-01-07 12:17:35,0.259,Davinder’s Apple Watch
2024-01-07 12:17:36,0.259,Davinder’s Apple Watch
2024-01-07 12:17:37,0.259,Davinder’s Apple Watch
2024-01-07 12:17:38,0.259,Davinder’s Apple Watch
2024-01-07 12:17:39,0.259,Davinder’s Apple Watch
2024-01-07 12:17:40,0.259,Davinder’s Apple Watch
2024-01-07 12:17:41,0.259,Davinder’s Apple Watch
2024-01-07 12:17:42,0.259,Davinder’s Apple Watch
2024-01-07 12:17:43,0.259,Davinder’s Apple Watch
2024-01-07 12:17:44,0.259,Davinder’s Apple Watch
2024-01-07 12:17:45,0.26,Davinder’s Apple Watch
2024-01-07 12:17:46,0.26,Davinder’s Apple Watch
2024-01-07 12:17:47,0.26,Davinder’s Apple Watch
2024-01-07 12:17:48,0.26,Davinder’s Apple Watch
2024-01-07 12:17:49,0.26,Davinder’s Apple Watch
2024-01-07 12:17:50,0.259,Davinder’s Apple Watch
2024-01-07 12:17:51,0.259,Davinder’s Apple Watch
2024-01-07 12:17:52,0.249,Davinder’s Apple Watch
2024-01-07 12:17:53,0.229,Davinder’s Apple Watch
2024-01-07 12:17:54,0.229,Davinder’s Apple Watch
2024-01-07 12:17:55,0.229,Davinder’s Apple Watch
2024-01-07 12:17:56,0.229,Davinder’s Apple Watch
2024-01-07 12:17:57,0.229,Davinder’s Apple Watch
2024-01-07 12:17:58,0.229,Davinder’s Apple Watch
2024-01-07 12:17:59,0.229,Davinder’s Apple Watch
2024-01-07 12:18:00,0.21,Davinder’s Apple Watch
2024-01-07 12:18:01,0.197,Davinder’s Apple Watch
2024-01-07 12:18:02,0.197,Davinder’s Apple Watch
2024-01-07 12:18:03,0.261,Davinder’s Apple Watch
2024-01-07 12:18:04,0.26,Davinder’s Apple Watch
2024-01-07 12:18:05,0.26,Davinder’s Apple Watch
2024-01-07 12:18:06,0.26,Davinder’s Apple Watch
2024-01-07 12:18:07,0.26,Davinder’s Apple Watch
2024-01-07 12:18:08,0.26,Davinder’s Apple Watch
2024-01-07 12:18:09,0.26,Davinder’s Apple Watch
2024-01-07 12:18:10,0.26,Davinder’s Apple Watch
2024-01-07 12:18:11,0.26,Davinder’s Apple Watch
2024-01-07 12:18:12,0.26,Davinder’s Apple Watch
2024-01-07 12:18:13,0.26,Davinder’s Apple Watch
2024-01-07 12:18:14,0.26,Davinder’s Apple Watch
2024-01-07 12:18:15,0.26,Davinder’s Apple Watch
2024-01-07 12:18:16,0.26,Davinder’s Apple Watch
2024-01-07 12:18:17,0.26,Davinder’s Apple Watch
2024-01-07 12:18:18,0.26,Davinder’s Apple Watch
2024-01-07 12:18:19,0.259,Davinder’s Apple Watch
2024-01-07 12:18:20,0.259,Davinder’s Apple Watch
2024-01-07 12:18:21,0.23,Davinder’s Apple Watch
2024-01-07 12:18:22,0.229,Davinder’s Apple Watch
2024-01-07 12:18:23,0.24,Davinder’s Apple Watch
2024-01-07 12:18:24,0.259,Davinder’s Apple Watch
2024-01-07 12:18:25,0.259,Davinder’s Apple Watch
2024-01-07 12:18:26,0.235,Davinder’s Apple Watch
2024-01-07 12:18:27,0.229,Davinder’s Apple Watch
2024-01-07 12:18:28,0.235,Davinder’s Apple Watch
2024-01-07 12:18:29,0.26,Davinder’s Apple Watch
2024-01-07 12:18:30,0.26,Davinder’s Apple Watch
2024-01-07 12:18:31,0.24,Davinder’s Apple Watch
2024-01-07 12:18:32,0.229,Davinder’s Apple Watch
2024-01-07 12:18:33,0.23,Davinder’s Apple Watch
2024-01-07 12:18:34,0.26,Davinder’s Apple Watch
2024-01-07 12:18:35,0.26,Davinder’s Apple Watch
2024-01-07 12:18:36,0.26,Davinder’s Apple Watch
2024-01-07 12:18:37,0.259,Davinder’s Apple Watch
2024-01-07 12:18:38,0.259,Davinder’s Apple Watch
2024-01-07 12:18:39,0.259,Davinder’s Apple Watch
2024-01-07 12:18:40,0.259,Davinder’s Apple Watch
2024-01-07 12:18:41,0.259,Davinder’s Apple Watch
2024-01-07 12:18:42,0.259,Davinder’s Apple Watch
2024-01-07 12:18:43,0.259,Davinder’s Apple Watch
2024-01-07 12:18:44,0.259,Davinder’s Apple Watch
2024-01-07 12:18:45,0.259,Davinder’s Apple Watch
2024-01-07 12:18:46,0.255,Davinder’s Apple Watch
2024-01-07 12:18:47,0.229,Davinder’s Apple Watch
2024-01-07 12:18:48,0.229,Davinder’s Apple Watch
2024-01-07 12:18:49,0.246,Davinder’s Apple Watch
2024-01-07 12:18:50,0.259,Davinder’s Apple Watch
2024-01-07 12:18:51,0.259,Davinder’s Apple Watch
2024-01-07 12:18:52,0.229,Davinder’s Apple Watch
2024-01-07 12:18:53,0.229,Davinder’s Apple Watch
2024-01-07 12:18:54,0.216,Davinder’s Apple Watch
2024-01-07 12:18:55,0.197,Davinder’s Apple Watch
2024-01-07 12:18:56,0.197,Davinder’s Apple Watch
2024-01-07 12:18:57,0.197,Davinder’s Apple Watch
2024-01-07 12:18:58,0.197,Davinder’s Apple Watch
2024-01-07 12:18:59,0.205,Davinder’s Apple Watch
2024-01-07 12:19:00,0.229,Davinder’s Apple Watch
2024-01-07 12:19:01,0.229,Davinder’s Apple Watch
2024-01-07 12:19:02,0.25,Davinder’s Apple Watch
2024-01-07 12:19:03,0.26,Davinder’s Apple Watch
2024-01-07 12:19:04,0.26,Davinder’s Apple Watch
2024-01-07 12:19:05,0.259,Davinder’s Apple Watch
2024-01-07 12:19:06,0.259,Davinder’s Apple Watch
2024-01-07 12:19:07,0.259,Davinder’s Apple Watch
2024-01-07 12:19:08,0.259,Davinder’s Apple Watch
2024-01-07 12:19:09,0.259,Davinder’s Apple Watch
2024-01-07 12:19:10,0.259,Davinder’s Apple Watch
2024-01-07 12:19:11,0.259,Davinder’s Apple Watch
2024-01-07 12:19:12,0.249,Davinder’s Apple Watch
2024-01-07 12:19:13,0.229,Davinder’s Apple Watch
2024-01-07 12:19:14,0.229,Davinder’s Apple Watch
2024-01-07 12:19:15,0.252,Davinder’s Apple Watch
2024-01-07 12:19:16,0.259,Davinder’s Apple Watch
2024-01-07 12:19:17,0.259,Davinder’s Apple Watch
2024-01-07 12:19:18,0.259,Davinder’s Apple Watch
2024-01-07 12:19:19,0.259,Davinder’s Apple Watch
2024-01-07 12:19:20,0.259,Davinder’s Apple Watch
2024-01-07 12:19:21,0.259,Davinder’s Apple Watch
2024-01-07 12:19:22,0.259,Davinder’s Apple Watch
2024-01-07 12:19:23,0.259,Davinder’s Apple Watch
2024-01-07 12:19:24,0.259,Davinder’s Apple Watch
2024-01-07 12:19:25,0.246,Davinder’s Apple Watch
2024-01-07 12:19:26,0.229,Davinder’s Apple Watch
2024-01-07 12:19:27,0.229,Davinder’s Apple Watch
2024-01-07 12:19:28,0.256,Davinder’s Apple Watch
2024-01-07 12:19:29,0.26,Davinder’s Apple Watch
2024-01-07 12:19:30,0.251,Davinder’s Apple Watch
2024-01-07 12:19:31,0.229,Davinder’s Apple Watch
2024-01-07 12:19:32,0.229,Davinder’s Apple Watch
2024-01-07 12:19:33,0.251,Davinder’s Apple Watch
2024-01-07 12:19:34,0.26,Davinder’s Apple Watch
2024-01-07 12:19:35,0.252,Davinder’s Apple Watch
2024-01-07 12:19:36,0.197,Davinder’s Apple Watch
2024-01-07 12:19:37,0.197,Davinder’s Apple Watch
2024-01-07 12:19:38,0.232,Davinder’s Apple Watch
2024-01-07 12:19:39,0.26,Davinder’s Apple Watch
2024-01-07 12:19:40,0.26,Davinder’s Apple Watch
2024-01-07 12:19:41,0.23,Davinder’s Apple Watch
2024-01-07 12:19:42,0.229,Davinder’s Apple Watch
2024-01-07 12:19:43,0.229,Davinder’s Apple Watch
2024-01-07 12:19:44,0.229,Davinder’s Apple Watch
2024-01-07 12:19:45,0.229,Davinder’s Apple Watch
2024-01-07 12:19:46,0.229,Davinder’s Apple Watch
2024-01-07 12:19:47,0.229,Davinder’s Apple Watch
2024-01-07 12:19:48,0.229,Davinder’s Apple Watch
2024-01-07 12:19:49,0.229,Davinder’s Apple Watch
2024-01-07 12:19:50,0.229,Davinder’s Apple Watch
2024-01-07 12:19:51,0.229,Davinder’s Apple Watch
2024-01-07 12:19:52,0.229,Davinder’s Apple Watch
2024-01-07 12:19:53,0.229,Davinder’s Apple Watch
2024-01-07 12:19:54,0.229,Davinder’s Apple Watch
2024-01-07 12:19:55,0.229,Davinder’s Apple Watch
2024-01-07 12:19:56,0.244,Davinder’s Apple Watch
2024-01-07 12:19:57,0.259,Davinder’s Apple Watch
2024-01-07 12:19:58,0.259,Davinder’s Apple Watch
2024-01-07 12:19:59,0.259,Davinder’s Apple Watch
2024-01-07 12:20:00,0.259,Davinder’s Apple Watch
2024-01-07 12:20:01,0.249,Davinder’s Apple Watch
2024-01-07 12:20:02,0.229,Davinder’s Apple Watch
2024-01-07 12:20:03,0.229,Davinder’s Apple Watch
2024-01-07 12:20:04,0.229,Davinder’s Apple Watch
2024-01-07 12:20:05,0.229,Davinder’s Apple Watch
2024-01-07 12:20:06,0.234,Davinder’s Apple Watch
2024-01-07 12:20:07,0.26,Davinder’s Apple Watch
2024-01-07 12:20:08,0.26,Davinder’s Apple Watch
2024-01-07 12:20:09,0.26,Davinder’s Apple Watch
2024-01-07 12:20:10,0.26,Davinder’s Apple Watch
2024-01-07 12:20:11,0.259,Davinder’s Apple Watch
2024-01-07 12:20:12,0.23,Davinder’s Apple Watch
2024-01-07 12:20:13,0.229,Davinder’s Apple Watch
2024-01-07 12:20:14,0.229,Davinder’s Apple Watch
2024-01-07 12:20:15,0.229,Davinder’s Apple Watch
2024-01-07 12:20:16,0.229,Davinder’s Apple Watch
2024-01-07 12:20:17,0.255,Davinder’s Apple Watch
2024-01-07 12:20:18,0.26,Davinder’s Apple Watch
2024-01-07 12:20:19,0.26,Davinder’s Apple Watch
2024-01-07 12:20:20,0.26,Davinder’s Apple Watch
2024-01-07 12:20:21,0.26,Davinder’s Apple Watch
2024-01-07 12:20:22,0.26,Davinder’s Apple Watch
2024-01-07 12:20:23,0.259,Davinder’s Apple Watch
2024-01-07 12:20:24,0.256,Davinder’s Apple Watch
2024-01-07 12:20:25,0.229,Davinder’s Apple Watch
2024-01-07 12:20:26,0.229,Davinder’s Apple Watch
2024-01-07 12:20:27,0.245,Davinder’s Apple Watch
2024-01-07 12:20:28,0.259,Davinder’s Apple Watch
2024-01-07 12:20:29,0.259,Davinder’s Apple Watch
2024-01-07 12:20:30,0.259,Davinder’s Apple Watch
2024-01-07 12:20:31,0.259,Davinder’s Apple Watch
2024-01-07 12:20:32,0.259,Davinder’s Apple Watch
2024-01-07 12:20:33,0.259,Davinder’s Apple Watch
2024-01-07 12:20:34,0.259,Davinder’s Apple Watch
2024-01-07 12:20:35,0.259,Davinder’s Apple Watch
2024-01-07 12:20:36,0.259,Davinder’s Apple Watch
2024-01-07 12:20:37,0.253,Davinder’s Apple Watch
2024-01-07 12:20:38,0.229,Davinder’s Apple Watch
2024-01-07 12:20:39,0.229,Davinder’s Apple Watch
2024-01-07 12:20:40,0.248,Davinder’s Apple Watch
2024-01-07 12:20:41,0.259,Davinder’s Apple Watch
2024-01-07 12:20:42,0.258,Davinder’s Apple Watch
2024-01-07 12:20:43,0.229,Davinder’s Apple Watch
2024-01-07 12:20:44,0.229,Davinder’s Apple Watch
2024-01-07 12:20:45,0.243,Davinder’s Apple Watch
2024-01-07 12:20:46,0.26,Davinder’s Apple Watch
2024-01-07 12:20:47,0.26,Davinder’s Apple Watch
2024-01-07 12:20:48,0.232,Davinder’s Apple Watch
2024-01-07 12:20:49,0.229,Davinder’s Apple Watch
2024-01-07 12:20:50,0.238,Davinder’s Apple Watch
2024-01-07 12:20:51,0.26,Davinder’s Apple Watch
2024-01-07 12:20:52,0.26,Davinder’s Apple Watch
2024-01-07 12:20:53,0.237,Davinder’s Apple Watch
2024-01-07 12:20:54,0.229,Davinder’s Apple Watch
2024-01-07 12:20:55,0.233,Davinder’s Apple Watch
2024-01-07 12:20:56,0.26,Davinder’s Apple Watch
2024-01-07 12:20:57,0.26,Davinder’s Apple Watch
2024-01-07 12:20:58,0.26,Davinder’s Apple Watch
2024-01-07 12:20:59,0.26,Davinder’s Apple Watch
2024-01-07 12:21:00,0.26,Davinder’s Apple Watch
2024-01-07 12:21:01,0.26,Davinder’s Apple Watch
2024-01-07 12:21:02,0.26,Davinder’s Apple Watch
2024-01-07 12:21:03,0.26,Davinder’s Apple Watch
2024-01-07 12:21:04,0.26,Davinder’s Apple Watch
2024-01-07 12:21:05,0.26,Davinder’s Apple Watch
2024-01-07 12:21:06,0.26,Davinder’s Apple Watch
2024-01-07 12:21:07,0.26,Davinder’s Apple Watch
2024-01-07 12:21:08,0.245,Davinder’s Apple Watch
2024-01-07 12:21:09,0.197,Davinder’s Apple Watch
2024-01-07 12:21:10,0.197,Davinder’s Apple Watch
2024-01-07 12:21:11,0.239,Davinder’s Apple Watch
2024-01-07 12:21:12,0.26,Davinder’s Apple Watch
2024-01-07 12:21:13,0.255,Davinder’s Apple Watch
2024-01-07 12:21:14,0.197,Davinder’s Apple Watch
2024-01-07 12:21:15,0.197,Davinder’s Apple Watch
2024-01-07 12:21:16,0.229,Davinder’s Apple Watch
2024-01-07 12:21:17,0.26,Davinder’s Apple Watch
2024-01-07 12:21:18,0.26,Davinder’s Apple Watch
2024-01-07 12:21:19,0.202,Davinder’s Apple Watch
2024-01-07 12:21:20,0.197,Davinder’s Apple Watch
2024-01-07 12:21:21,0.219,Davinder’s Apple Watch
2024-01-07 12:21:22,0.26,Davinder’s Apple Watch
2024-01-07 12:21:23,0.26,Davinder’s Apple Watch
2024-01-07 12:21:24,0.26,Davinder’s Apple Watch
2024-01-07 12:21:25,0.26,Davinder’s Apple Watch
2024-01-07 12:21:26,0.26,Davinder’s Apple Watch
2024-01-07 12:21:27,0.26,Davinder’s Apple Watch
2024-01-07 12:21:28,0.26,Davinder’s Apple Watch
2024-01-07 12:21:29,0.241,Davinder’s Apple Watch
2024-01-07 12:21:30,0.229,Davinder’s Apple Watch
2024-01-07 12:21:31,0.229,Davinder’s Apple Watch
2024-01-07 12:21:32,0.229,Davinder’s Apple Watch
2024-01-07 12:21:33,0.229,Davinder’s Apple Watch
2024-01-07 12:21:34,0.229,Davinder’s Apple Watch
2024-01-07 12:21:35,0.229,Davinder’s Apple Watch
2024-01-07 12:21:36,0.229,Davinder’s Apple Watch
2024-01-07 12:21:37,0.229,Davinder’s Apple Watch
2024-01-07 12:21:38,0.229,Davinder’s Apple Watch
2024-01-07 12:21:39,0.22,Davinder’s Apple Watch
2024-01-07 12:21:40,0.197,Davinder’s Apple Watch
2024-01-07 12:21:41,0.197,Davinder’s Apple Watch
2024-01-07 12:21:42,0.242,Davinder’s Apple Watch
2024-01-07 12:21:43,0.26,Davinder’s Apple Watch
2024-01-07 12:21:44,0.26,Davinder’s Apple Watch
2024-01-07 12:21:45,0.26,Davinder’s Apple Watch
2024-01-07 12:21:46,0.26,Davinder’s Apple Watch
2024-01-07 12:21:47,0.26,Davinder’s Apple Watch
2024-01-07 12:21:48,0.26,Davinder’s Apple Watch
2024-01-07 12:21:49,0.26,Davinder’s Apple Watch
2024-01-07 12:21:50,0.26,Davinder’s Apple Watch
2024-01-07 12:21:51,0.26,Davinder’s Apple Watch
2024-01-07 12:21:52,0.26,Davinder’s Apple Watch
2024-01-07 12:21:53,0.26,Davinder’s Apple Watch
2024-01-07 12:21:54,0.26,Davinder’s Apple Watch
2024-01-07 12:21:55,0.26,Davinder’s Apple Watch
2024-01-07 12:21:56,0.26,Davinder’s Apple Watch
2024-01-07 12:21:57,0.26,Davinder’s Apple Watch
2024-01-07 12:21:58,0.259,Davinder’s Apple Watch
2024-01-07 12:21:59,0.259,Davinder’s Apple Watch
2024-01-07 12:22:00,0.239,Davinder’s Apple Watch
2024-01-07 12:22:01,0.229,Davinder’s Apple Watch
2024-01-07 12:22:02,0.231,Davinder’s Apple Watch
2024-01-07 12:22:03,0.259,Davinder’s Apple Watch
2024-01-07 12:22:04,0.259,Davinder’s Apple Watch
2024-01-07 12:22:05,0.26,Davinder’s Apple Watch
2024-01-07 12:22:06,0.261,Davinder’s Apple Watch
2024-01-07 12:22:07,0.261,Davinder’s Apple Watch
2024-01-07 12:22:08,0.261,Davinder’s Apple Watch
2024-01-07 12:22:09,0.261,Davinder’s Apple Watch
2024-01-07 12:22:10,0.262,Davinder’s Apple Watch
2024-01-07 12:22:11,0.263,Davinder’s Apple Watch
2024-01-07 12:22:12,0.263,Davinder’s Apple Watch
2024-01-07 12:22:13,0.245,Davinder’s Apple Watch
2024-01-07 12:22:14,0.24,Davinder’s Apple Watch
2024-01-07 12:22:15,0.24,Davinder’s Apple Watch
2024-01-07 12:22:16,0.24,Davinder’s Apple Watch
2024-01-07 12:22:17,0.24,Davinder’s Apple Watch
2024-01-07 12:22:18,0.22,Davinder’s Apple Watch
2024-01-07 12:22:19,0.207,Davinder’s Apple Watch
2024-01-07 12:22:20,0.205,Davinder’s Apple Watch
2024-01-07 12:22:21,0.209,Davinder’s Apple Watch
2024-01-07 12:22:22,0.207,Davinder’s Apple Watch
2024-01-07 12:22:23,0.207,Davinder’s Apple Watch
2024-01-07 12:22:24,0.207,Davinder’s Apple Watch
2024-01-07 12:22:25,0.207,Davinder’s Apple Watch
2024-01-07 12:22:26,0.207,Davinder’s Apple Watch
2024-01-07 12:22:27,0.207,Davinder’s Apple Watch
2024-01-07 12:22:28,0.207,Davinder’s Apple Watch
2024-01-07 12:22:29,0.207,Davinder’s Apple Watch
2024-01-07 12:22:30,0.207,Davinder’s Apple Watch
2024-01-07 12:22:31,0.252,Davinder’s Apple Watch
2024-01-07 12:22:32,0.272,Davinder’s Apple Watch
2024-01-07 12:22:33,0.265,Davinder’s Apple Watch
2024-01-07 12:22:34,0.207,Davinder’s Apple Watch
2024-01-07 12:22:35,0.207,Davinder’s Apple Watch
2024-01-07 12:22:36,0.242,Davinder’s Apple Watch
2024-01-07 12:22:37,0.272,Davinder’s Apple Watch
2024-01-07 12:22:38,0.272,Davinder’s Apple Watch
2024-01-07 12:22:39,0.268,Davinder’s Apple Watch
2024-01-07 12:22:40,0.267,Davinder’s Apple Watch
2024-01-07 12:22:41,0.267,Davinder’s Apple Watch
2024-01-07 12:22:42,0.267,Davinder’s Apple Watch
2024-01-07 12:22:43,0.267,Davinder’s Apple Watch
2024-01-07 12:22:44,0.267,Davinder’s Apple Watch
2024-01-07 12:22:45,0.267,Davinder’s Apple Watch
2024-01-07 12:22:46,0.255,Davinder’s Apple Watch
2024-01-07 12:22:47,0.207,Davinder’s Apple Watch
2024-01-07 12:22:48,0.207,Davinder’s Apple Watch
2024-01-07 12:22:49,0.245,Davinder’s Apple Watch
2024-01-07 12:22:50,0.267,Davinder’s Apple Watch
2024-01-07 12:22:51,0.264,Davinder’s Apple Watch
2024-01-07 12:22:52,0.207,Davinder’s Apple Watch
2024-01-07 12:22:53,0.207,Davinder’s Apple Watch
2024-01-07 12:22:54,0.238,Davinder’s Apple Watch
2024-01-07 12:22:55,0.272,Davinder’s Apple Watch
2024-01-07 12:22:56,0.272,Davinder’s Apple Watch
2024-01-07 12:22:57,0.214,Davinder’s Apple Watch
2024-01-07 12:22:58,0.207,Davinder’s Apple Watch
2024-01-07 12:22:59,0.227,Davinder’s Apple Watch
2024-01-07 12:23:00,0.272,Davinder’s Apple Watch
2024-01-07 12:23:01,0.272,Davinder’s Apple Watch
2024-01-07 12:23:02,0.269,Davinder’s Apple Watch
2024-01-07 12:23:03,0.267,Davinder’s Apple Watch
2024-01-07 12:23:04,0.267,Davinder’s Apple Watch
2024-01-07 12:23:05,0.267,Davinder’s Apple Watch
2024-01-07 12:23:06,0.267,Davinder’s Apple Watch
2024-01-07 12:23:07,0.267,Davinder’s Apple Watch
2024-01-07 12:23:08,0.267,Davinder’s Apple Watch
2024-01-07 12:23:09,0.267,Davinder’s Apple Watch
2024-01-07 12:23:10,0.267,Davinder’s Apple Watch
2024-01-07 12:23:11,0.267,Davinder’s Apple Watch
2024-01-07 12:23:12,0.267,Davinder’s Apple Watch
2024-01-07 12:23:13,0.267,Davinder’s Apple Watch
2024-01-07 12:23:14,0.267,Davinder’s Apple Watch
2024-01-07 12:23:15,0.266,Davinder’s Apple Watch
2024-01-07 12:23:16,0.265,Davinder’s Apple Watch
2024-01-07 12:23:17,0.25,Davinder’s Apple Watch
2024-01-07 12:23:18,0.203,Davinder’s Apple Watch
2024-01-07 12:23:19,0.203,Davinder’s Apple Watch
2024-01-07 12:23:20,0.245,Davinder’s Apple Watch
2024-01-07 12:23:21,0.265,Davinder’s Apple Watch
2024-01-07 12:23:22,0.26,Davinder’s Apple Watch
2024-01-07 12:23:23,0.206,Davinder’s Apple Watch
2024-01-07 12:23:24,0.206,Davinder’s Apple Watch
2024-01-07 12:23:25,0.239,Davinder’s Apple Watch
2024-01-07 12:23:26,0.271,Davinder’s Apple Watch
2024-01-07 12:23:27,0.271,Davinder’s Apple Watch
2024-01-07 12:23:28,0.211,Davinder’s Apple Watch
2024-01-07 12:23:29,0.206,Davinder’s Apple Watch
2024-01-07 12:23:30,0.229,Davinder’s Apple Watch
2024-01-07 12:23:31,0.271,Davinder’s Apple Watch
2024-01-07 12:23:32,0.271,Davinder’s Apple Watch
2024-01-07 12:23:33,0.268,Davinder’s Apple Watch
2024-01-07 12:23:34,0.267,Davinder’s Apple Watch
2024-01-07 12:23:35,0.267,Davinder’s Apple Watch
2024-01-07 12:23:36,0.267,Davinder’s Apple Watch
2024-01-07 12:23:37,0.267,Davinder’s Apple Watch
2024-01-07 12:23:38,0.262,Davinder’s Apple Watch
2024-01-07 12:23:39,0.259,Davinder’s Apple Watch
2024-01-07 12:23:40,0.259,Davinder’s Apple Watch
2024-01-07 12:23:41,0.238,Davinder’s Apple Watch
2024-01-07 12:23:42,0.238,Davinder’s Apple Watch
2024-01-07 12:23:43,0.247,Davinder’s Apple Watch
2024-01-07 12:23:44,0.258,Davinder’s Apple Watch
2024-01-07 12:23:45,0.258,Davinder’s Apple Watch
2024-01-07 12:23:46,0.231,Davinder’s Apple Watch
2024-01-07 12:23:47,0.228,Davinder’s Apple Watch
2024-01-07 12:23:48,0.234,Davinder’s Apple Watch
2024-01-07 12:23:49,0.251,Davinder’s Apple Watch
2024-01-07 12:23:50,0.251,Davinder’s Apple Watch
2024-01-07 12:23:51,0.231,Davinder’s Apple Watch
2024-01-07 12:23:52,0.222,Davinder’s Apple Watch
2024-01-07 12:23:53,0.226,Davinder’s Apple Watch
2024-01-07 12:23:54,0.248,Davinder’s Apple Watch
2024-01-07 12:23:55,0.248,Davinder’s Apple Watch
2024-01-07 12:23:56,0.232,Davinder’s Apple Watch
2024-01-07 12:23:57,0.219,Davinder’s Apple Watch
2024-01-07 12:23:58,0.219,Davinder’s Apple Watch
2024-01-07 12:23:59,0.217,Davinder’s Apple Watch
2024-01-07 12:24:00,0.217,Davinder’s Apple Watch
2024-01-07 12:24:01,0.217,Davinder’s Apple Watch
2024-01-07 12:24:02,0.217,Davinder’s Apple Watch
2024-01-07 12:24:03,0.217,Davinder’s Apple Watch
2024-01-07 12:24:04,0.217,Davinder’s Apple Watch
2024-01-07 12:24:05,0.217,Davinder’s Apple Watch
2024-01-07 12:24:06,0.224,Davinder’s Apple Watch
2024-01-07 12:24:07,0.248,Davinder’s Apple Watch
2024-01-07 12:24:08,0.248,Davinder’s Apple Watch
2024-01-07 12:24:09,0.248,Davinder’s Apple Watch
2024-01-07 12:24:10,0.248,Davinder’s Apple Watch
2024-01-07 12:24:11,0.249,Davinder’s Apple Watch
2024-01-07 12:24:12,0.253,Davinder’s Apple Watch
2024-01-07 12:24:13,0.253,Davinder’s Apple Watch
2024-01-07 12:24:14,0.225,Davinder’s Apple Watch
2024-01-07 12:24:15,0.197,Davinder’s Apple Watch
2024-01-07 12:24:16,0.197,Davinder’s Apple Watch
2024-01-07 12:24:17,0.252,Davinder’s Apple Watch
2024-01-07 12:24:18,0.257,Davinder’s Apple Watch
2024-01-07 12:24:19,0.248,Davinder’s Apple Watch
2024-01-07 12:24:20,0.229,Davinder’s Apple Watch
2024-01-07 12:24:21,0.229,Davinder’s Apple Watch
2024-01-07 12:24:22,0.231,Davinder’s Apple Watch
2024-01-07 12:24:23,0.231,Davinder’s Apple Watch
2024-01-07 12:24:24,0.231,Davinder’s Apple Watch
2024-01-07 12:24:25,0.231,Davinder’s Apple Watch
2024-01-07 12:24:26,0.231,Davinder’s Apple Watch
2024-01-07 12:24:27,0.252,Davinder’s Apple Watch
2024-01-07 12:24:28,0.266,Davinder’s Apple Watch
2024-01-07 12:24:29,0.263,Davinder’s Apple Watch
2024-01-07 12:24:30,0.268,Davinder’s Apple Watch
2024-01-07 12:24:31,0.266,Davinder’s Apple Watch
2024-01-07 12:24:32,0.25,Davinder’s Apple Watch
2024-01-07 12:24:33,0.228,Davinder’s Apple Watch
2024-01-07 12:24:34,0.228,Davinder’s Apple Watch
2024-01-07 12:24:35,0.228,Davinder’s Apple Watch
2024-01-07 12:24:36,0.228,Davinder’s Apple Watch
2024-01-07 12:24:37,0.228,Davinder’s Apple Watch
2024-01-07 12:24:38,0.228,Davinder’s Apple Watch
2024-01-07 12:24:39,0.228,Davinder’s Apple Watch
2024-01-07 12:24:40,0.227,Davinder’s Apple Watch
2024-01-07 12:24:41,0.227,Davinder’s Apple Watch
2024-01-07 12:24:42,0.227,Davinder’s Apple Watch
2024-01-07 12:24:43,0.227,Davinder’s Apple Watch
2024-01-07 12:24:44,0.227,Davinder’s Apple Watch
2024-01-07 12:24:45,0.227,Davinder’s Apple Watch
2024-01-07 12:24:46,0.227,Davinder’s Apple Watch
2024-01-07 12:24:47,0.227,Davinder’s Apple Watch
2024-01-07 12:24:48,0.236,Davinder’s Apple Watch
2024-01-07 12:24:49,0.236,Davinder’s Apple Watch
2024-01-07 12:24:50,0.238,Davinder’s Apple Watch
2024-01-07 12:24:51,0.242,Davinder’s Apple Watch
2024-01-07 12:24:52,0.242,Davinder’s Apple Watch
2024-01-07 12:24:53,0.242,Davinder’s Apple Watch
2024-01-07 12:24:54,0.243,Davinder’s Apple Watch
2024-01-07 12:24:55,0.243,Davinder’s Apple Watch
2024-01-07 12:24:56,0.243,Davinder’s Apple Watch
2024-01-07 12:24:57,0.243,Davinder’s Apple Watch
2024-01-07 12:24:58,0.243,Davinder’s Apple Watch
2024-01-07 12:24:59,0.243,Davinder’s Apple Watch
2024-01-07 12:25:00,0.243,Davinder’s Apple Watch
2024-01-07 12:25:01,0.247,Davinder’s Apple Watch
2024-01-07 12:25:02,0.247,Davinder’s Apple Watch
2024-01-07 12:25:03,0.247,Davinder’s Apple Watch
2024-01-07 12:25:04,0.247,Davinder’s Apple Watch
2024-01-07 12:25:05,0.247,Davinder’s Apple Watch
2024-01-07 12:25:06,0.241,Davinder’s Apple Watch
2024-01-07 12:25:07,0.241,Davinder’s Apple Watch
2024-01-07 12:25:08,0.239,Davinder’s Apple Watch
2024-01-07 12:25:09,0.235,Davinder’s Apple Watch
2024-01-07 12:25:10,0.235,Davinder’s Apple Watch
2024-01-07 12:25:11,0.235,Davinder’s Apple Watch
2024-01-07 12:25:12,0.235,Davinder’s Apple Watch
2024-01-07 12:25:13,0.235,Davinder’s Apple Watch
2024-01-07 12:25:14,0.234,Davinder’s Apple Watch
2024-01-07 12:25:15,0.234,Davinder’s Apple Watch
2024-01-07 12:25:16,0.234,Davinder’s Apple Watch
2024-01-07 12:25:17,0.233,Davinder’s Apple Watch
2024-01-07 12:25:18,0.233,Davinder’s Apple Watch
2024-01-07 12:25:19,0.231,Davinder’s Apple Watch
2024-01-07 12:25:20,0.231,Davinder’s Apple Watch
2024-01-07 12:25:21,0.231,Davinder’s Apple Watch
2024-01-07 12:25:22,0.231,Davinder’s Apple Watch
2024-01-07 12:25:23,0.231,Davinder’s Apple Watch
2024-01-07 12:25:24,0.205,Davinder’s Apple Watch
2024-01-07 12:25:25,0.199,Davinder’s Apple Watch
2024-01-07 12:25:26,0.199,Davinder’s Apple Watch
2024-01-07 12:25:27,0.199,Davinder’s Apple Watch
2024-01-07 12:25:28,0.199,Davinder’s Apple Watch
2024-01-07 12:25:29,0.199,Davinder’s Apple Watch
2024-01-07 12:25:30,0.199,Davinder’s Apple Watch
2024-01-07 12:25:31,0.2,Davinder’s Apple Watch
2024-01-07 12:25:32,0.203,Davinder’s Apple Watch
2024-01-07 12:25:33,0.203,Davinder’s Apple Watch
2024-01-07 12:25:34,0.236,Davinder’s Apple Watch
2024-01-07 12:25:35,0.268,Davinder’s Apple Watch
2024-01-07 12:25:36,0.268,Davinder’s Apple Watch
2024-01-07 12:25:37,0.268,Davinder’s Apple Watch
2024-01-07 12:25:38,0.268,Davinder’s Apple Watch
2024-01-07 12:25:39,0.266,Davinder’s Apple Watch
2024-01-07 12:25:40,0.262,Davinder’s Apple Watch
2024-01-07 12:25:41,0.262,Davinder’s Apple Watch
2024-01-07 12:25:42,0.217,Davinder’s Apple Watch
2024-01-07 12:25:43,0.203,Davinder’s Apple Watch
2024-01-07 12:25:44,0.211,Davinder’s Apple Watch
2024-01-07 12:25:45,0.243,Davinder’s Apple Watch
2024-01-07 12:25:46,0.243,Davinder’s Apple Watch
2024-01-07 12:25:47,0.243,Davinder’s Apple Watch
2024-01-07 12:25:48,0.243,Davinder’s Apple Watch
2024-01-07 12:25:49,0.243,Davinder’s Apple Watch
2024-01-07 12:25:50,0.243,Davinder’s Apple Watch
2024-01-07 12:25:51,0.243,Davinder’s Apple Watch
2024-01-07 12:25:52,0.243,Davinder’s Apple Watch
2024-01-07 12:25:53,0.243,Davinder’s Apple Watch
2024-01-07 12:25:54,0.243,Davinder’s Apple Watch
2024-01-07 12:25:55,0.063,Davinder’s Apple Watch
