Date/Time,Min (count/min),Max (count/min),Avg (count/min),Source
2024-01-07 12:05:57,146,146,146,Davinder’s Apple Watch
2024-01-07 12:06:03,152,152,152,Davinder’s Apple Watch
2024-01-07 12:06:22,159,159,159,Davinder’s Apple Watch
2024-01-07 12:06:28,160,160,160,Davinder’s Apple Watch
2024-01-07 12:06:32,162,162,162,Davinder’s Apple Watch
2024-01-07 12:06:34,162,162,162,Davinder’s Apple Watch
2024-01-07 12:06:42,163,163,163,Davinder’s Apple Watch
2024-01-07 12:07:14,154,154,154,Davinder’s Apple Watch
2024-01-07 12:07:19,155,155,155,Davinder’s Apple Watch
2024-01-07 12:07:22,156,156,156,Davinder’s Apple Watch
2024-01-07 12:07:28,156,156,156,Davinder’s Apple Watch
2024-01-07 12:07:30,156,156,156,Davinder’s Apple Watch
2024-01-07 12:07:35,157,157,157,Davinder’s Apple Watch
2024-01-07 12:07:44,155,155,155,Davinder’s Apple Watch
2024-01-07 12:07:48,154,154,154,Davinder’s Apple Watch
2024-01-07 12:07:50,154,154,154,Davinder’s Apple Watch
2024-01-07 12:07:59,151,151,151,Davinder’s Apple Watch
2024-01-07 12:08:01,153,153,153,Davinder’s Apple Watch
2024-01-07 12:08:05,153,153,153,Davinder’s Apple Watch
2024-01-07 12:08:14,154,154,154,Davinder’s Apple Watch
2024-01-07 12:08:15,154,154,154,Davinder’s Apple Watch
2024-01-07 12:08:24,154,154,154,Davinder’s Apple Watch
2024-01-07 12:08:28,154,154,154,Davinder’s Apple Watch
2024-01-07 12:08:33,158,158,158,Davinder’s Apple Watch
2024-01-07 12:08:39,159,159,159,Davinder’s Apple Watch
2024-01-07 12:08:40,159,159,159,Davinder’s Apple Watch
2024-01-07 12:08:45,161,161,161,Davinder’s Apple Watch
2024-01-07 12:08:54,162,162,162,Davinder’s Apple Watch
2024-01-07 12:08:56,161,161,161,Davinder’s Apple Watch
2024-01-07 12:09:00,159,159,159,Davinder’s Apple Watch
2024-01-07 12:09:09,160,160,160,Davinder’s Apple Watch
2024-01-07 12:09:14,159,159,159,Davinder’s Apple Watch
2024-01-07 12:09:16,158,158,158,Davinder’s Apple Watch
2024-01-07 12:09:24,162,162,162,Davinder’s Apple Watch
2024-01-07 12:09:25,162,162,162,Davinder’s Apple Watch
2024-01-07 12:09:31,163,163,163,Davinder’s Apple Watch
2024-01-07 12:09:36,161,161,161,Davinder’s Apple Watch
2024-01-07 12:09:41,160,160,160,Davinder’s Apple Watch
2024-01-07 12:09:45,162,162,162,Davinder’s Apple Watch
2024-01-07 12:09:54,162,162,162,Davinder’s Apple Watch
2024-01-07 12:09:59,162,162,162,Davinder’s Apple Watch
2024-01-07 12:10:01,162,162,162,Davinder’s Apple Watch
2024-01-07 12:10:09,163,163,163,Davinder’s Apple Watch
2024-01-07 12:10:14,164,164,164,Davinder’s Apple Watch
2024-01-07 12:10:15,164,164,164,Davinder’s Apple Watch
2024-01-07 12:10:23,164,164,164,Davinder’s Apple Watch
2024-01-07 12:10:28,165,165,165,Davinder’s Apple Watch
2024-01-07 12:10:33,166,166,166,Davinder’s Apple Watch
2024-01-07 12:10:35,165,165,165,Davinder’s Apple Watch
2024-01-07 12:10:42,169,169,169,Davinder’s Apple Watch
2024-01-07 12:10:49,167,167,167,Davinder’s Apple Watch
2024-01-07 12:10:53,165,165,165,Davinder’s Apple Watch
2024-01-07 12:10:55,164,164,164,Davinder’s Apple Watch
2024-01-07 12:11:01,164,164,164,Davinder’s Apple Watch
2024-01-07 12:11:09,164,164,164,Davinder’s Apple Watch
2024-01-07 12:11:14,165,165,165,Davinder’s Apple Watch
2024-01-07 12:11:18,165,165,165,Davinder’s Apple Watch
2024-01-07 12:11:23,166,166,166,Davinder’s Apple Watch
2024-01-07 12:11:31,164,164,164,Davinder’s Apple Watch
2024-01-07 12:11:39,165,165,165,Davinder’s Apple Watch
2024-01-07 12:11:44,166,166,166,Davinder’s Apple Watch
2024-01-07 12:11:45,166,166,166,Davinder’s Apple Watch
2024-01-07 12:11:54,168,168,168,Davinder’s Apple Watch
2024-01-07 12:11:59,165,165,165,Davinder’s Apple Watch
2024-01-07 12:12:00,164,164,164,Davinder’s Apple Watch
2024-01-07 12:12:06,163,163,163,Davinder’s Apple Watch
2024-01-07 12:12:10,164,164,164,Davinder’s Apple Watch
2024-01-07 12:12:15,162,162,162,Davinder’s Apple Watch
2024-01-07 12:12:24,163,163,163,Davinder’s Apple Watch
2024-01-07 12:12:29,166,166,166,Davinder’s Apple Watch
2024-01-07 12:12:31,167,167,167,Davinder’s Apple Watch
2024-01-07 12:12:36,168,168,168,Davinder’s Apple Watch
2024-01-07 12:12:41,168,168,168,Davinder’s Apple Watch
2024-01-07 12:12:47,168,168,168,Davinder’s Apple Watch
2024-01-07 12:12:53,168,168,168,Davinder’s Apple Watch
2024-01-07 12:12:59,168,168,168,Davinder’s Apple Watch
2024-01-07 12:13:01,169,169,169,Davinder’s Apple Watch
2024-01-07 12:13:09,169,169,169,Davinder’s Apple Watch
2024-01-07 12:13:13,169,169,169,Davinder’s Apple Watch
2024-01-07 12:13:18,169,169,169,Davinder’s Apple Watch
2024-01-07 12:13:25,170,170,170,Davinder’s Apple Watch
2024-01-07 12:13:28,169,169,169,Davinder’s Apple Watch
2024-01-07 12:13:35,168,168,168,Davinder’s Apple Watch
2024-01-07 12:13:36,168,168,168,Davinder’s Apple Watch
2024-01-07 12:13:41,168,168,168,Davinder’s Apple Watch
2024-01-07 12:13:50,168,168,168,Davinder’s Apple Watch
2024-01-07 12:13:55,168,168,168,Davinder’s Apple Watch
2024-01-07 12:13:56,168,168,168,Davinder’s Apple Watch
2024-01-07 12:14:04,168,168,168,Davinder’s Apple Watch
2024-01-07 12:14:10,171,171,171,Davinder’s Apple Watch
2024-01-07 12:14:11,171,171,171,Davinder’s Apple Watch
2024-01-07 12:14:16,171,171,171,Davinder’s Apple Watch
2024-01-07 12:14:23,170,170,170,Davinder’s Apple Watch
2024-01-07 12:14:30,170,170,170,Davinder’s Apple Watch
2024-01-07 12:14:35,169,169,169,Davinder’s Apple Watch
2024-01-07 12:14:38,170,170,170,Davinder’s Apple Watch
2024-01-07 12:14:42,171,171,171,Davinder’s Apple Watch
2024-01-07 12:14:46,169,169,169,Davinder’s Apple Watch
2024-01-07 12:14:55,169,169,169,Davinder’s Apple Watch
2024-01-07 12:14:57,169,169,169,Davinder’s Apple Watch
2024-01-07 12:15:05,169,169,169,Davinder’s Apple Watch
2024-01-07 12:15:10,170,170,170,Davinder’s Apple Watch
2024-01-07 12:15:11,171,171,171,Davinder’s Apple Watch
2024-01-07 12:15:19,173,173,173,Davinder’s Apple Watch
2024-01-07 12:15:24,173,173,173,Davinder’s Apple Watch
2024-01-07 12:15:30,171,171,171,Davinder’s Apple Watch
2024-01-07 12:15:34,171,171,171,Davinder’s Apple Watch
2024-01-07 12:15:37,171,171,171,Davinder’s Apple Watch
2024-01-07 12:15:44,173,173,173,Davinder’s Apple Watch
2024-01-07 12:15:46,172,172,172,Davinder’s Apple Watch
2024-01-07 12:15:53,172,172,172,Davinder’s Apple Watch
2024-01-07 12:16:00,170,170,170,Davinder’s Apple Watch
2024-01-07 12:16:02,170,170,170,Davinder’s Apple Watch
2024-01-07 12:16:08,170,170,170,Davinder’s Apple Watch
2024-01-07 12:16:13,170,170,170,Davinder’s Apple Watch
2024-01-07 12:16:16,170,170,170,Davinder’s Apple Watch
2024-01-07 12:16:25,170,170,170,Davinder’s Apple Watch
2024-01-07 12:16:27,170,170,170,Davinder’s Apple Watch
2024-01-07 12:16:35,171,171,171,Davinder’s Apple Watch
2024-01-07 12:16:37,171,171,171,Davinder’s Apple Watch
2024-01-07 12:16:43,170,170,170,Davinder’s Apple Watch
2024-01-07 12:16:47,170,170,170,Davinder’s Apple Watch
2024-01-07 12:16:51,170,170,170,Davinder’s Apple Watch
2024-01-07 12:16:56,169,169,169,Davinder’s Apple Watch
2024-01-07 12:17:04,167,167,167,Davinder’s Apple Watch
2024-01-07 12:17:10,164,164,164,Davinder’s Apple Watch
2024-01-07 12:17:12,165,165,165,Davinder’s Apple Watch
2024-01-07 12:17:17,166,166,166,Davinder’s Apple Watch
2024-01-07 12:17:25,168,168,168,Davinder’s Apple Watch
2024-01-07 12:17:26,167,167,167,Davinder’s Apple Watch
2024-01-07 12:17:33,169,169,169,Davinder’s Apple Watch
2024-01-07 12:17:39,168,168,168,Davinder’s Apple Watch
2024-01-07 12:17:45,168,168,168,Davinder’s Apple Watch
2024-01-07 12:17:46,168,168,168,Davinder’s Apple Watch
2024-01-07 12:17:52,168,168,168,Davinder’s Apple Watch
2024-01-07 12:18:00,170,170,170,Davinder’s Apple Watch
2024-01-07 12:18:05,167,167,167,Davinder’s Apple Watch
2024-01-07 12:18:09,167,167,167,Davinder’s Apple Watch
2024-01-07 12:18:11,167,167,167,Davinder’s Apple Watch
2024-01-07 12:18:19,164,164,164,Davinder’s Apple Watch
2024-01-07 12:18:25,162,162,162,Davinder’s Apple Watch
2024-01-07 12:18:26,162,162,162,Davinder’s Apple Watch
2024-01-07 12:18:48,166,166,166,Davinder’s Apple Watch
2024-01-07 12:18:55,168,168,168,Davinder’s Apple Watch
2024-01-07 12:19:00,170,170,170,Davinder’s Apple Watch
2024-01-07 12:19:01,170,170,170,Davinder’s Apple Watch
2024-01-07 12:19:06,171,171,171,Davinder’s Apple Watch
2024-01-07 12:19:11,171,171,171,Davinder’s Apple Watch
2024-01-07 12:19:18,170,170,170,Davinder’s Apple Watch
2024-01-07 12:19:25,169,169,169,Davinder’s Apple Watch
2024-01-07 12:19:28,166,166,166,Davinder’s Apple Watch
2024-01-07 12:19:34,166,166,166,Davinder’s Apple Watch
2024-01-07 12:19:39,169,169,169,Davinder’s Apple Watch
2024-01-07 12:19:45,168,168,168,Davinder’s Apple Watch
2024-01-07 12:19:46,168,168,168,Davinder’s Apple Watch
2024-01-07 12:19:52,164,164,164,Davinder’s Apple Watch
2024-01-07 12:19:56,165,165,165,Davinder’s Apple Watch
2024-01-07 12:20:05,165,165,165,Davinder’s Apple Watch
2024-01-07 12:20:06,164,164,164,Davinder’s Apple Watch
2024-01-07 12:20:11,165,165,165,Davinder’s Apple Watch
2024-01-07 12:20:19,165,165,165,Davinder’s Apple Watch
2024-01-07 12:20:24,165,165,165,Davinder’s Apple Watch
2024-01-07 12:20:26,166,166,166,Davinder’s Apple Watch
2024-01-07 12:20:32,168,168,168,Davinder’s Apple Watch
2024-01-07 12:20:37,168,168,168,Davinder’s Apple Watch
2024-01-07 12:20:41,167,167,167,Davinder’s Apple Watch
2024-01-07 12:20:47,166,166,166,Davinder’s Apple Watch
2024-01-07 12:20:55,165,165,165,Davinder’s Apple Watch
2024-01-07 12:20:57,164,164,164,Davinder’s Apple Watch
2024-01-07 12:21:05,166,166,166,Davinder’s Apple Watch
2024-01-07 12:21:08,167,167,167,Davinder’s Apple Watch
2024-01-07 12:21:13,169,169,169,Davinder’s Apple Watch
2024-01-07 12:21:16,169,169,169,Davinder’s Apple Watch
2024-01-07 12:21:21,168,168,168,Davinder’s Apple Watch
2024-01-07 12:21:26,166,166,166,Davinder’s Apple Watch
2024-01-07 12:21:35,168,168,168,Davinder’s Apple Watch
2024-01-07 12:21:36,168,168,168,Davinder’s Apple Watch
2024-01-07 12:21:44,166,166,166,Davinder’s Apple Watch
2024-01-07 12:21:50,161,161,161,Davinder’s Apple Watch
2024-01-07 12:21:54,160,160,160,Davinder’s Apple Watch
2024-01-07 12:21:56,159,159,159,Davinder’s Apple Watch
2024-01-07 12:22:05,155,155,155,Davinder’s Apple Watch
2024-01-07 12:22:10,156,156,156,Davinder’s Apple Watch
2024-01-07 12:22:15,157,157,157,Davinder’s Apple Watch
2024-01-07 12:22:16,157,157,157,Davinder’s Apple Watch
2024-01-07 12:22:25,163,163,163,Davinder’s Apple Watch
2024-01-07 12:22:26,162,162,162,Davinder’s Apple Watch
2024-01-07 12:22:35,157,157,157,Davinder’s Apple Watch
2024-01-07 12:22:36,157,157,157,Davinder’s Apple Watch
2024-01-07 12:22:41,158,158,158,Davinder’s Apple Watch
2024-01-07 12:22:50,159,159,159,Davinder’s Apple Watch
2024-01-07 12:22:54,159,159,159,Davinder’s Apple Watch
2024-01-07 12:22:58,158,158,158,Davinder’s Apple Watch
2024-01-07 12:23:03,157,157,157,Davinder’s Apple Watch
2024-01-07 12:23:07,156,156,156,Davinder’s Apple Watch
2024-01-07 12:23:14,157,157,157,Davinder’s Apple Watch
2024-01-07 12:23:20,156,156,156,Davinder’s Apple Watch
2024-01-07 12:23:23,156,156,156,Davinder’s Apple Watch
2024-01-07 12:23:30,155,155,155,Davinder’s Apple Watch
2024-01-07 12:23:32,155,155,155,Davinder’s Apple Watch
2024-01-07 12:23:38,152,152,152,Davinder’s Apple Watch
2024-01-07 12:23:41,152,152,152,Davinder’s Apple Watch
2024-01-07 12:23:47,149,149,149,Davinder’s Apple Watch
2024-01-07 12:23:55,148,148,148,Davinder’s Apple Watch
2024-01-07 12:23:58,149,149,149,Davinder’s Apple Watch
2024-01-07 12:24:03,152,152,152,Davinder’s Apple Watch
2024-01-07 12:24:06,152,152,152,Davinder’s Apple Watch
2024-01-07 12:24:15,154,154,154,Davinder’s Apple Watch
2024-01-07 12:24:18,156,156,156,Davinder’s Apple Watch
2024-01-07 12:24:26,158,158,158,Davinder’s Apple Watch
2024-01-07 12:24:35,157,157,157,Davinder’s Apple Watch
2024-01-07 12:24:37,156,156,156,Davinder’s Apple Watch
2024-01-07 12:24:41,153,153,153,Davinder’s Apple Watch
2024-01-07 12:24:50,155,155,155,Davinder’s Apple Watch
2024-01-07 12:24:52,153,153,153,Davinder’s Apple Watch
2024-01-07 12:24:56,151,151,151,Davinder’s Apple Watch
2024-01-07 12:25:05,149,149,149,Davinder’s Apple Watch
2024-01-07 12:25:10,148,148,148,Davinder’s Apple Watch
2024-01-07 12:25:15,148,148,148,Davinder’s Apple Watch
2024-01-07 12:25:16,148,148,148,Davinder’s Apple Watch
2024-01-07 12:25:24,147,147,147,Davinder’s Apple Watch
2024-01-07 12:25:27,147,147,147,Davinder’s Apple Watch
2024-01-07 12:25:32,147,147,147,Davinder’s Apple Watch
2024-01-07 12:25:36,149,149,149,Davinder’s Apple Watch
2024-01-07 12:25:45,147,147,147,Davinder’s Apple Watch
2024-01-07 12:25:47,148,148,148,Davinder’s Apple Watch
2024-01-07 12:25:55,150,150,150,Davinder’s Apple Watch
