,Date/Time,Min (count/min),Max (count/min),Avg (count/min),Source,Track Description
0,2024-01-31 18:21:53,108,108,108,Davinder’s Apple Watch,Davinder Holyfield - Callmenow
1,2024-01-31 18:21:58,112,112,112,Davinder’s Apple Watch,Davinder Holyfield - Callmenow
2,2024-01-31 18:22:44,142,142,142,Davinder’s Apple Watch,Davinder Holyfield - Winter 20Xx
3,2024-01-31 18:23:02,147,147,147,Davinder’s Apple Watch,Davinder Holyfield - Winter 20Xx
4,2024-01-31 18:23:03,147,147,147,Davinder’s Apple Watch,Davinder Holyfield - Winter 20Xx
5,2024-01-31 18:23:11,149,149,149,Davinder’s Apple Watch,Davinder Holyfield - Winter 20Xx
6,2024-01-31 18:23:15,148,148,148,Davinder’s Apple Watch,Davinder Holyfield - Winter 20Xx
7,2024-01-31 18:23:22,149,149,149,Davinder’s Apple Watch,Davinder Holyfield - Winter 20Xx
8,2024-01-31 18:23:27,150,150,150,Davinder’s Apple Watch,Davinder Holyfield - Winter 20Xx
9,2024-01-31 18:23:28,150,150,150,Davinder’s Apple Watch,Davinder Holyfield - Winter 20Xx
10,2024-01-31 18:23:35,151,151,151,Davinder’s Apple Watch,Davinder Holyfield - Winter 20Xx
11,2024-01-31 18:23:38,151,151,151,Davinder’s Apple Watch,Davinder Holyfield - Winter 20Xx
12,2024-01-31 18:23:47,155,155,155,Davinder’s Apple Watch,Davinder Holyfield - Winter 20Xx
13,2024-01-31 18:23:50,154,154,154,Davinder’s Apple Watch,Davinder Holyfield - Winter 20Xx
14,2024-01-31 18:23:57,153,153,153,Davinder’s Apple Watch,Davinder Holyfield - Winter 20Xx
15,2024-01-31 18:23:58,153,153,153,Davinder’s Apple Watch,Davinder Holyfield - Winter 20Xx
16,2024-01-31 18:24:24,158,158,158,Davinder’s Apple Watch,Davinder Holyfield - Winter 20Xx
17,2024-01-31 18:24:29,156,156,156,Davinder’s Apple Watch,Davinder Holyfield - Winter 20Xx
18,2024-01-31 18:24:36,156,156,156,Davinder’s Apple Watch,Davinder Holyfield - Winter 20Xx
19,2024-01-31 18:24:39,155,155,155,Davinder’s Apple Watch,Davinder Holyfield - Winter 20Xx
20,2024-01-31 18:24:46,159,159,159,Davinder’s Apple Watch,Davinder Holyfield - Winter 20Xx
21,2024-01-31 18:24:57,157,157,157,Davinder’s Apple Watch,Davinder Holyfield - ...And Then You Die a Second Time
22,2024-01-31 18:24:59,162,162,162,Davinder’s Apple Watch,Davinder Holyfield - ...And Then You Die a Second Time
23,2024-01-31 18:25:06,165,165,165,Davinder’s Apple Watch,Davinder Holyfield - ...And Then You Die a Second Time
24,2024-01-31 18:25:10,165,165,165,Davinder’s Apple Watch,Davinder Holyfield - ...And Then You Die a Second Time
25,2024-01-31 18:25:13,163,163,163,Davinder’s Apple Watch,Davinder Holyfield - ...And Then You Die a Second Time
26,2024-01-31 18:25:22,165,165,165,Davinder’s Apple Watch,Davinder Holyfield - ...And Then You Die a Second Time
27,2024-01-31 18:25:23,165,165,165,Davinder’s Apple Watch,Davinder Holyfield - ...And Then You Die a Second Time
28,2024-01-31 18:25:39,167,167,167,Davinder’s Apple Watch,Davinder Holyfield - ...And Then You Die a Second Time
29,2024-01-31 18:25:43,170,170,170,Davinder’s Apple Watch,Davinder Holyfield - ...And Then You Die a Second Time
30,2024-01-31 18:26:06,168,168,168,Davinder’s Apple Watch,Davinder Holyfield - ...And Then You Die a Second Time
31,2024-01-31 18:26:08,168,168,168,Davinder’s Apple Watch,Davinder Holyfield - ...And Then You Die a Second Time
32,2024-01-31 18:26:13,167,167,167,Davinder’s Apple Watch,Davinder Holyfield - ...And Then You Die a Second Time
33,2024-01-31 18:26:27,167,167,167,Davinder’s Apple Watch,Davinder Holyfield - ...And Then You Die a Second Time
34,2024-01-31 18:26:33,169,169,169,Davinder’s Apple Watch,Davinder Holyfield - ...And Then You Die a Second Time
35,2024-01-31 18:26:39,166,166,166,Davinder’s Apple Watch,Davinder Holyfield - ...And Then You Die a Second Time
36,2024-01-31 18:27:02,168,168,168,Davinder’s Apple Watch,Davinder Holyfield - Willoughby
37,2024-01-31 18:27:07,169,169,169,Davinder’s Apple Watch,Davinder Holyfield - Willoughby
38,2024-01-31 18:27:12,171,171,171,Davinder’s Apple Watch,Davinder Holyfield - Willoughby
39,2024-01-31 18:27:17,169,169,169,Davinder’s Apple Watch,Davinder Holyfield - Willoughby
40,2024-01-31 18:27:18,170,170,170,Davinder’s Apple Watch,Davinder Holyfield - Willoughby
41,2024-01-31 18:27:24,170,170,170,Davinder’s Apple Watch,Davinder Holyfield - Willoughby
42,2024-01-31 18:27:31,167,167,167,Davinder’s Apple Watch,Davinder Holyfield - Willoughby
43,2024-01-31 18:27:37,169,169,169,Davinder’s Apple Watch,Davinder Holyfield - Willoughby
44,2024-01-31 18:27:38,169,169,169,Davinder’s Apple Watch,Davinder Holyfield - Willoughby
45,2024-01-31 18:27:46,169,169,169,Davinder’s Apple Watch,Davinder Holyfield - Willoughby
46,2024-01-31 18:27:48,170,170,170,Davinder’s Apple Watch,Davinder Holyfield - Willoughby
47,2024-01-31 18:27:57,167,167,167,Davinder’s Apple Watch,Davinder Holyfield - Willoughby
48,2024-01-31 18:28:01,167,167,167,Davinder’s Apple Watch,Davinder Holyfield - Willoughby
49,2024-01-31 18:28:03,166,166,166,Davinder’s Apple Watch,Davinder Holyfield - Willoughby
50,2024-01-31 18:28:11,167,167,167,Davinder’s Apple Watch,Davinder Holyfield - Willoughby
51,2024-01-31 18:28:14,167,167,167,Davinder’s Apple Watch,Davinder Holyfield - Willoughby
52,2024-01-31 18:28:18,166,166,166,Davinder’s Apple Watch,Davinder Holyfield - Willoughby
53,2024-01-31 18:28:28,167,167,167,Davinder’s Apple Watch,Davinder Holyfield - Willoughby
54,2024-01-31 18:28:32,167,167,167,Davinder’s Apple Watch,Davinder Holyfield - Willoughby
55,2024-01-31 18:28:36,168,168,168,Davinder’s Apple Watch,Davinder Holyfield - Willoughby
56,2024-01-31 18:28:39,168,168,168,Davinder’s Apple Watch,Davinder Holyfield - Willoughby
57,2024-01-31 18:28:46,165,165,165,Davinder’s Apple Watch,Davinder Holyfield - Willoughby
58,2024-01-31 18:28:53,162,162,162,Davinder’s Apple Watch,Davinder Holyfield - Willoughby
59,2024-01-31 18:28:56,162,162,162,Davinder’s Apple Watch,Davinder Holyfield - Willoughby
60,2024-01-31 18:29:01,163,163,163,Davinder’s Apple Watch,Davinder Holyfield - Willoughby
61,2024-01-31 18:29:04,161,161,161,Davinder’s Apple Watch,Davinder Holyfield - Willoughby
62,2024-01-31 18:29:09,162,162,162,Davinder’s Apple Watch,
63,2024-01-31 18:29:16,161,161,161,Davinder’s Apple Watch,
64,2024-01-31 18:29:23,159,159,159,Davinder’s Apple Watch,
65,2024-01-31 18:29:24,159,159,159,Davinder’s Apple Watch,
66,2024-01-31 18:29:29,160,160,160,Davinder’s Apple Watch,
67,2024-01-31 18:29:34,161,161,161,Davinder’s Apple Watch,
68,2024-01-31 18:29:45,161,161,161,Davinder’s Apple Watch,
69,2024-01-31 18:29:53,161,161,161,Davinder’s Apple Watch,
70,2024-01-31 18:29:58,159,159,159,Davinder’s Apple Watch,
71,2024-01-31 18:30:03,158,158,158,Davinder’s Apple Watch,
72,2024-01-31 18:30:08,158,158,158,Davinder’s Apple Watch,
73,2024-01-31 18:30:10,158,158,158,Davinder’s Apple Watch,
74,2024-01-31 18:30:14,159,159,159,Davinder’s Apple Watch,
75,2024-01-31 18:30:19,159,159,159,Davinder’s Apple Watch,
76,2024-01-31 18:30:28,158,158,158,Davinder’s Apple Watch,
77,2024-01-31 18:30:31,159,159,159,Davinder’s Apple Watch,
78,2024-01-31 18:30:34,160,160,160,Davinder’s Apple Watch,
79,2024-01-31 18:30:39,159,159,159,Davinder’s Apple Watch,
80,2024-01-31 18:30:45,157,157,157,Davinder’s Apple Watch,
81,2024-01-31 18:30:49,158,158,158,Davinder’s Apple Watch,
82,2024-01-31 18:30:54,158,158,158,Davinder’s Apple Watch,
83,2024-01-31 18:31:04,159,159,159,Davinder’s Apple Watch,
84,2024-01-31 18:31:13,156,156,156,Davinder’s Apple Watch,
85,2024-01-31 18:31:18,154,154,154,Davinder’s Apple Watch,
86,2024-01-31 18:31:21,154,154,154,Davinder’s Apple Watch,
87,2024-01-31 18:31:24,154,154,154,Davinder’s Apple Watch,
88,2024-01-31 18:31:31,156,156,156,Davinder’s Apple Watch,
89,2024-01-31 18:31:36,153,153,153,Davinder’s Apple Watch,
90,2024-01-31 18:31:42,156,156,156,Davinder’s Apple Watch,
91,2024-01-31 18:31:47,155,155,155,Davinder’s Apple Watch,
92,2024-01-31 18:31:53,155,155,155,Davinder’s Apple Watch,
93,2024-01-31 18:31:54,156,156,156,Davinder’s Apple Watch,
94,2024-01-31 18:31:59,156,156,156,Davinder’s Apple Watch,
95,2024-01-31 18:32:08,157,157,157,Davinder’s Apple Watch,
96,2024-01-31 18:32:13,155,155,155,Davinder’s Apple Watch,
97,2024-01-31 18:32:16,155,155,155,Davinder’s Apple Watch,
98,2024-01-31 18:32:19,156,156,156,Davinder’s Apple Watch,
99,2024-01-31 18:32:26,155,155,155,Davinder’s Apple Watch,
100,2024-01-31 18:32:29,155,155,155,Davinder’s Apple Watch,
101,2024-01-31 18:32:38,155,155,155,Davinder’s Apple Watch,
102,2024-01-31 18:32:41,156,156,156,Davinder’s Apple Watch,
103,2024-01-31 18:32:46,158,158,158,Davinder’s Apple Watch,
104,2024-01-31 18:32:53,156,156,156,Davinder’s Apple Watch,
105,2024-01-31 18:32:54,157,157,157,Davinder’s Apple Watch,
106,2024-01-31 18:32:59,157,157,157,Davinder’s Apple Watch,
107,2024-01-31 18:33:08,160,160,160,Davinder’s Apple Watch,
108,2024-01-31 18:33:11,161,161,161,Davinder’s Apple Watch,
109,2024-01-31 18:33:14,161,161,161,Davinder’s Apple Watch,
110,2024-01-31 18:33:23,160,160,160,Davinder’s Apple Watch,
111,2024-01-31 18:33:26,160,160,160,Davinder’s Apple Watch,
112,2024-01-31 18:33:29,160,160,160,Davinder’s Apple Watch,
113,2024-01-31 18:33:34,160,160,160,Davinder’s Apple Watch,
114,2024-01-31 18:33:43,159,159,159,Davinder’s Apple Watch,
115,2024-01-31 18:33:44,159,159,159,Davinder’s Apple Watch,
116,2024-01-31 18:33:53,160,160,160,Davinder’s Apple Watch,
117,2024-01-31 18:33:58,160,160,160,Davinder’s Apple Watch,
118,2024-01-31 18:34:01,160,160,160,Davinder’s Apple Watch,
119,2024-01-31 18:34:04,160,160,160,Davinder’s Apple Watch,
120,2024-01-31 18:34:13,161,161,161,Davinder’s Apple Watch,
121,2024-01-31 18:34:14,162,162,162,Davinder’s Apple Watch,
122,2024-01-31 18:34:23,162,162,162,Davinder’s Apple Watch,
123,2024-01-31 18:34:25,163,163,163,Davinder’s Apple Watch,
124,2024-01-31 18:34:30,162,162,162,Davinder’s Apple Watch,
125,2024-01-31 18:34:34,162,162,162,Davinder’s Apple Watch,
126,2024-01-31 18:34:42,162,162,162,Davinder’s Apple Watch,
127,2024-01-31 18:34:44,162,162,162,Davinder’s Apple Watch,
128,2024-01-31 18:34:51,162,162,162,Davinder’s Apple Watch,
129,2024-01-31 18:34:58,161,161,161,Davinder’s Apple Watch,
130,2024-01-31 18:35:03,160,160,160,Davinder’s Apple Watch,
131,2024-01-31 18:35:04,160,160,160,Davinder’s Apple Watch,
132,2024-01-31 18:35:13,160,160,160,Davinder’s Apple Watch,
133,2024-01-31 18:35:18,157,157,157,Davinder’s Apple Watch,
134,2024-01-31 18:35:22,157,157,157,Davinder’s Apple Watch,
135,2024-01-31 18:35:24,158,158,158,Davinder’s Apple Watch,
136,2024-01-31 18:35:33,160,160,160,Davinder’s Apple Watch,
137,2024-01-31 18:35:36,159,159,159,Davinder’s Apple Watch,
138,2024-01-31 18:35:39,160,160,160,Davinder’s Apple Watch,
139,2024-01-31 18:35:45,161,161,161,Davinder’s Apple Watch,
140,2024-01-31 18:35:49,160,160,160,Davinder’s Apple Watch,
141,2024-01-31 18:35:56,155,155,155,Davinder’s Apple Watch,
142,2024-01-31 18:36:02,156,156,156,Davinder’s Apple Watch,
143,2024-01-31 18:36:07,155,155,155,Davinder’s Apple Watch,
144,2024-01-31 18:36:09,155,155,155,Davinder’s Apple Watch,
145,2024-01-31 18:36:17,157,157,157,Davinder’s Apple Watch,
146,2024-01-31 18:36:22,157,157,157,Davinder’s Apple Watch,
147,2024-01-31 18:36:24,158,158,158,Davinder’s Apple Watch,
148,2024-01-31 18:36:32,159,159,159,Davinder’s Apple Watch,
149,2024-01-31 18:36:36,159,159,159,Davinder’s Apple Watch,
150,2024-01-31 18:36:40,158,158,158,Davinder’s Apple Watch,
151,2024-01-31 18:36:44,158,158,158,Davinder’s Apple Watch,
152,2024-01-31 18:36:53,156,156,156,Davinder’s Apple Watch,
153,2024-01-31 18:36:56,158,158,158,Davinder’s Apple Watch,
154,2024-01-31 18:36:59,158,158,158,Davinder’s Apple Watch,
155,2024-01-31 18:37:06,160,160,160,Davinder’s Apple Watch,
156,2024-01-31 18:37:12,162,162,162,Davinder’s Apple Watch,
157,2024-01-31 18:37:18,162,162,162,Davinder’s Apple Watch,
158,2024-01-31 18:37:23,161,161,161,Davinder’s Apple Watch,
159,2024-01-31 18:37:24,162,162,162,Davinder’s Apple Watch,
160,2024-01-31 18:37:33,161,161,161,Davinder’s Apple Watch,
161,2024-01-31 18:37:35,161,161,161,Davinder’s Apple Watch,
162,2024-01-31 18:37:49,161,161,161,Davinder’s Apple Watch,
163,2024-01-31 18:37:58,162,162,162,Davinder’s Apple Watch,
164,2024-01-31 18:38:03,163,163,163,Davinder’s Apple Watch,
165,2024-01-31 18:38:08,161,161,161,Davinder’s Apple Watch,
166,2024-01-31 18:38:10,161,161,161,Davinder’s Apple Watch,
167,2024-01-31 18:38:14,161,161,161,Davinder’s Apple Watch,
168,2024-01-31 18:38:23,158,158,158,Davinder’s Apple Watch,
169,2024-01-31 18:38:24,158,158,158,Davinder’s Apple Watch,
170,2024-01-31 18:38:31,157,157,157,Davinder’s Apple Watch,
171,2024-01-31 18:38:38,154,154,154,Davinder’s Apple Watch,
172,2024-01-31 18:38:43,154,154,154,Davinder’s Apple Watch,
173,2024-01-31 18:38:44,155,155,155,Davinder’s Apple Watch,
174,2024-01-31 18:38:53,157,157,157,Davinder’s Apple Watch,
175,2024-01-31 18:38:54,157,157,157,Davinder’s Apple Watch,
176,2024-01-31 18:39:00,159,159,159,Davinder’s Apple Watch,
177,2024-01-31 18:39:04,159,159,159,Davinder’s Apple Watch,
178,2024-01-31 18:39:13,155,155,155,Davinder’s Apple Watch,
179,2024-01-31 18:39:18,156,156,156,Davinder’s Apple Watch,
180,2024-01-31 18:39:21,156,156,156,Davinder’s Apple Watch,
181,2024-01-31 18:39:24,156,156,156,Davinder’s Apple Watch,
182,2024-01-31 18:39:31,156,156,156,Davinder’s Apple Watch,
183,2024-01-31 18:39:35,156,156,156,Davinder’s Apple Watch,
184,2024-01-31 18:39:43,157,157,157,Davinder’s Apple Watch,
185,2024-01-31 18:39:45,157,157,157,Davinder’s Apple Watch,
186,2024-01-31 18:39:53,159,159,159,Davinder’s Apple Watch,
187,2024-01-31 18:39:58,159,159,159,Davinder’s Apple Watch,
188,2024-01-31 18:40:09,158,158,158,Davinder’s Apple Watch,
189,2024-01-31 18:40:18,155,155,155,Davinder’s Apple Watch,
190,2024-01-31 18:40:22,153,153,153,Davinder’s Apple Watch,
191,2024-01-31 18:40:25,152,152,152,Davinder’s Apple Watch,
192,2024-01-31 18:40:29,154,154,154,Davinder’s Apple Watch,
193,2024-01-31 18:40:38,154,154,154,Davinder’s Apple Watch,
194,2024-01-31 18:40:40,154,154,154,Davinder’s Apple Watch,
195,2024-01-31 18:40:45,152,152,152,Davinder’s Apple Watch,
196,2024-01-31 18:40:53,160,160,160,Davinder’s Apple Watch,
197,2024-01-31 18:40:58,162,162,162,Davinder’s Apple Watch,
198,2024-01-31 18:41:00,162,162,162,Davinder’s Apple Watch,
199,2024-01-31 18:41:04,161,161,161,Davinder’s Apple Watch,
200,2024-01-31 18:41:13,158,158,158,Davinder’s Apple Watch,
201,2024-01-31 18:41:15,157,157,157,Davinder’s Apple Watch,
202,2024-01-31 18:41:23,157,157,157,Davinder’s Apple Watch,
203,2024-01-31 18:41:27,157,157,157,Davinder’s Apple Watch,
204,2024-01-31 18:41:32,157,157,157,Davinder’s Apple Watch,
205,2024-01-31 18:41:35,158,158,158,Davinder’s Apple Watch,
206,2024-01-31 18:41:43,155,155,155,Davinder’s Apple Watch,
207,2024-01-31 18:41:44,156,156,156,Davinder’s Apple Watch,
208,2024-01-31 18:41:53,159,159,159,Davinder’s Apple Watch,
209,2024-01-31 18:41:58,158,158,158,Davinder’s Apple Watch,
210,2024-01-31 18:42:01,158,158,158,Davinder’s Apple Watch,
211,2024-01-31 18:42:06,159,159,159,Davinder’s Apple Watch,
212,2024-01-31 18:42:13,159,159,159,Davinder’s Apple Watch,
213,2024-01-31 18:42:15,159,159,159,Davinder’s Apple Watch,
214,2024-01-31 18:42:20,160,160,160,Davinder’s Apple Watch,
215,2024-01-31 18:42:24,160,160,160,Davinder’s Apple Watch,
216,2024-01-31 18:42:33,156,156,156,Davinder’s Apple Watch,
217,2024-01-31 18:42:37,154,154,154,Davinder’s Apple Watch,
218,2024-01-31 18:42:41,154,154,154,Davinder’s Apple Watch,
219,2024-01-31 18:42:44,155,155,155,Davinder’s Apple Watch,
220,2024-01-31 18:42:53,154,154,154,Davinder’s Apple Watch,
221,2024-01-31 18:42:55,153,153,153,Davinder’s Apple Watch,
222,2024-01-31 18:42:59,153,153,153,Davinder’s Apple Watch,
223,2024-01-31 18:43:06,154,154,154,Davinder’s Apple Watch,
224,2024-01-31 18:43:10,155,155,155,Davinder’s Apple Watch,
225,2024-01-31 18:43:15,155,155,155,Davinder’s Apple Watch,
226,2024-01-31 18:43:23,155,155,155,Davinder’s Apple Watch,
227,2024-01-31 18:43:25,155,155,155,Davinder’s Apple Watch,
228,2024-01-31 18:43:43,154,154,154,Davinder’s Apple Watch,
229,2024-01-31 18:43:46,154,154,154,Davinder’s Apple Watch,
230,2024-01-31 18:43:50,153,153,153,Davinder’s Apple Watch,
231,2024-01-31 18:43:54,153,153,153,Davinder’s Apple Watch,
232,2024-01-31 18:43:59,153,153,153,Davinder’s Apple Watch,
233,2024-01-31 18:44:08,158,158,158,Davinder’s Apple Watch,
234,2024-01-31 18:44:12,159,159,159,Davinder’s Apple Watch,
235,2024-01-31 18:44:18,160,160,160,Davinder’s Apple Watch,
236,2024-01-31 18:44:20,160,160,160,Davinder’s Apple Watch,
237,2024-01-31 18:44:27,162,162,162,Davinder’s Apple Watch,
238,2024-01-31 18:44:30,162,162,162,Davinder’s Apple Watch,
239,2024-01-31 18:44:37,162,162,162,Davinder’s Apple Watch,
240,2024-01-31 18:44:43,164,164,164,Davinder’s Apple Watch,
241,2024-01-31 18:44:48,165,165,165,Davinder’s Apple Watch,
242,2024-01-31 18:44:49,166,166,166,Davinder’s Apple Watch,
243,2024-01-31 18:44:54,166,166,166,Davinder’s Apple Watch,
244,2024-01-31 18:45:00,166,166,166,Davinder’s Apple Watch,
245,2024-01-31 18:45:08,163,163,163,Davinder’s Apple Watch,
246,2024-01-31 18:45:09,163,163,163,Davinder’s Apple Watch,
247,2024-01-31 18:45:18,160,160,160,Davinder’s Apple Watch,
248,2024-01-31 18:45:23,159,159,159,Davinder’s Apple Watch,
249,2024-01-31 18:45:25,157,157,157,Davinder’s Apple Watch,
250,2024-01-31 18:45:31,155,155,155,Davinder’s Apple Watch,
251,2024-01-31 18:45:36,154,154,154,Davinder’s Apple Watch,
252,2024-01-31 18:45:42,155,155,155,Davinder’s Apple Watch,
253,2024-01-31 18:45:46,154,154,154,Davinder’s Apple Watch,
254,2024-01-31 18:45:50,154,154,154,Davinder’s Apple Watch,
255,2024-01-31 18:45:56,154,154,154,Davinder’s Apple Watch,
256,2024-01-31 18:46:03,153,153,153,Davinder’s Apple Watch,
257,2024-01-31 18:46:05,153,153,153,Davinder’s Apple Watch,
258,2024-01-31 18:46:12,153,153,153,Davinder’s Apple Watch,
259,2024-01-31 18:46:17,156,156,156,Davinder’s Apple Watch,
260,2024-01-31 18:46:23,158,158,158,Davinder’s Apple Watch,
261,2024-01-31 18:46:24,158,158,158,Davinder’s Apple Watch,
262,2024-01-31 18:46:33,157,157,157,Davinder’s Apple Watch,
263,2024-01-31 18:46:35,157,157,157,Davinder’s Apple Watch,
264,2024-01-31 18:46:43,158,158,158,Davinder’s Apple Watch,
265,2024-01-31 18:46:44,158,158,158,Davinder’s Apple Watch,
266,2024-01-31 18:46:50,157,157,157,Davinder’s Apple Watch,
267,2024-01-31 18:46:54,157,157,157,Davinder’s Apple Watch,
268,2024-01-31 18:47:03,157,157,157,Davinder’s Apple Watch,
269,2024-01-31 18:47:08,156,156,156,Davinder’s Apple Watch,
270,2024-01-31 18:47:09,156,156,156,Davinder’s Apple Watch,
271,2024-01-31 18:47:18,153,153,153,Davinder’s Apple Watch,
272,2024-01-31 18:47:23,153,153,153,Davinder’s Apple Watch,
273,2024-01-31 18:47:26,153,153,153,Davinder’s Apple Watch,
274,2024-01-31 18:47:29,153,153,153,Davinder’s Apple Watch,
275,2024-01-31 18:47:34,154,154,154,Davinder’s Apple Watch,
276,2024-01-31 18:47:42,155,155,155,Davinder’s Apple Watch,
277,2024-01-31 18:47:46,155,155,155,Davinder’s Apple Watch,
278,2024-01-31 18:47:50,153,153,153,Davinder’s Apple Watch,
279,2024-01-31 18:47:54,155,155,155,Davinder’s Apple Watch,
280,2024-01-31 18:48:03,156,156,156,Davinder’s Apple Watch,
281,2024-01-31 18:48:08,157,157,157,Davinder’s Apple Watch,
282,2024-01-31 18:48:09,157,157,157,Davinder’s Apple Watch,
283,2024-01-31 18:48:18,161,161,161,Davinder’s Apple Watch,
284,2024-01-31 18:48:21,161,161,161,Davinder’s Apple Watch,
285,2024-01-31 18:48:28,163,163,163,Davinder’s Apple Watch,
286,2024-01-31 18:48:29,162,162,162,Davinder’s Apple Watch,
287,2024-01-31 18:48:34,162,162,162,Davinder’s Apple Watch,
288,2024-01-31 18:48:43,159,159,159,Davinder’s Apple Watch,
289,2024-01-31 18:48:44,159,159,159,Davinder’s Apple Watch,
290,2024-01-31 18:48:49,159,159,159,Davinder’s Apple Watch,
291,2024-01-31 18:48:58,157,157,157,Davinder’s Apple Watch,
292,2024-01-31 18:49:00,157,157,157,Davinder’s Apple Watch,
293,2024-01-31 18:49:09,158,158,158,Davinder’s Apple Watch,
294,2024-01-31 18:49:18,159,159,159,Davinder’s Apple Watch,
295,2024-01-31 18:49:22,160,160,160,Davinder’s Apple Watch,
296,2024-01-31 18:49:25,161,161,161,Davinder’s Apple Watch,
297,2024-01-31 18:49:33,157,157,157,Davinder’s Apple Watch,
298,2024-01-31 18:49:34,156,156,156,Davinder’s Apple Watch,
299,2024-01-31 18:49:41,156,156,156,Davinder’s Apple Watch,
300,2024-01-31 18:49:47,155,155,155,Davinder’s Apple Watch,
301,2024-01-31 18:49:49,155,155,155,Davinder’s Apple Watch,
302,2024-01-31 18:49:57,156,156,156,Davinder’s Apple Watch,
303,2024-01-31 18:49:59,156,156,156,Davinder’s Apple Watch,
304,2024-01-31 18:50:08,155,155,155,Davinder’s Apple Watch,
305,2024-01-31 18:50:12,154,154,154,Davinder’s Apple Watch,
306,2024-01-31 18:50:16,155,155,155,Davinder’s Apple Watch,
307,2024-01-31 18:50:20,156,156,156,Davinder’s Apple Watch,
308,2024-01-31 18:50:28,157,157,157,Davinder’s Apple Watch,
309,2024-01-31 18:50:33,157,157,157,Davinder’s Apple Watch,
310,2024-01-31 18:50:34,157,157,157,Davinder’s Apple Watch,
311,2024-01-31 18:50:43,158,158,158,Davinder’s Apple Watch,
312,2024-01-31 18:50:45,159,159,159,Davinder’s Apple Watch,
313,2024-01-31 18:50:50,158,158,158,Davinder’s Apple Watch,
314,2024-01-31 18:50:56,157,157,157,Davinder’s Apple Watch,
315,2024-01-31 18:51:03,157,157,157,Davinder’s Apple Watch,
316,2024-01-31 18:51:05,157,157,157,Davinder’s Apple Watch,
317,2024-01-31 18:51:09,157,157,157,Davinder’s Apple Watch,
318,2024-01-31 18:51:15,158,158,158,Davinder’s Apple Watch,
319,2024-01-31 18:51:21,158,158,158,Davinder’s Apple Watch,
320,2024-01-31 18:51:26,158,158,158,Davinder’s Apple Watch,
321,2024-01-31 18:51:33,159,159,159,Davinder’s Apple Watch,
322,2024-01-31 18:51:38,159,159,159,Davinder’s Apple Watch,
323,2024-01-31 18:51:43,159,159,159,Davinder’s Apple Watch,
324,2024-01-31 18:51:46,159,159,159,Davinder’s Apple Watch,
325,2024-01-31 18:51:51,159,159,159,Davinder’s Apple Watch,
326,2024-01-31 18:51:55,159,159,159,Davinder’s Apple Watch,
