Date/Time,Min (count/min),Max (count/min),Avg (count/min),Source
2024-01-31 18:52:03,159,159,159,Davinder’s Apple Watch
2024-01-31 18:52:07,158,158,158,Davinder’s Apple Watch
2024-01-31 18:52:13,158,158,158,Davinder’s Apple Watch
2024-01-31 18:52:17,159,159,159,Davinder’s Apple Watch
2024-01-31 18:52:22,156,156,156,Davinder’s Apple Watch
2024-01-31 18:52:25,155,155,155,Davinder’s Apple Watch
2024-01-31 18:52:30,153,153,153,Davinder’s Apple Watch
2024-01-31 18:52:38,149,149,149,Davinder’s Apple Watch
2024-01-31 18:52:40,149,149,149,Davinder’s Apple Watch
2024-01-31 18:52:45,147,147,147,Davinder’s Apple Watch
2024-01-31 18:52:54,139,139,139,Davinder’s Apple Watch
2024-01-31 18:52:57,137,137,137,Davinder’s Apple Watch
2024-01-31 18:53:03,137,137,137,Davinder’s Apple Watch
2024-01-31 18:53:17,130,130,130,Davinder’s Apple Watch
2024-01-31 18:53:23,137,137,137,Davinder’s Apple Watch
2024-01-31 18:53:40,131,131,131,Davinder’s Apple Watch
2024-01-31 18:53:48,131,131,131,Davinder’s Apple Watch
