Date/Time,Step Count (count),Source
2024-01-31 18:25:00,0.439,Davinder’s Apple Watch
2024-01-31 18:25:01,1.24,Davinder’s Apple Watch
2024-01-31 18:25:02,1.24,Davinder’s Apple Watch
2024-01-31 18:25:03,1.24,Davinder’s Apple Watch
2024-01-31 18:25:04,1.24,Davinder’s Apple Watch
2024-01-31 18:25:05,1.24,Davinder’s Apple Watch
2024-01-31 18:25:06,1.24,Davinder’s Apple Watch
2024-01-31 18:25:07,1.24,Davinder’s Apple Watch
2024-01-31 18:25:08,1.24,Davinder’s Apple Watch
2024-01-31 18:25:09,1.24,Davinder’s Apple Watch
2024-01-31 18:25:10,1.24,Davinder’s Apple Watch
2024-01-31 18:25:11,1.24,Davinder’s Apple Watch
2024-01-31 18:25:12,1.24,Davinder’s Apple Watch
2024-01-31 18:25:13,1.24,Davinder’s Apple Watch
2024-01-31 18:25:14,1.24,Davinder’s Apple Watch
2024-01-31 18:25:15,1.24,Davinder’s Apple Watch
2024-01-31 18:25:16,1.24,Davinder’s Apple Watch
2024-01-31 18:25:17,1.24,Davinder’s Apple Watch
2024-01-31 18:25:18,1.24,Davinder’s Apple Watch
2024-01-31 18:25:19,1.24,Davinder’s Apple Watch
2024-01-31 18:25:20,1.24,Davinder’s Apple Watch
2024-01-31 18:25:21,1.24,Davinder’s Apple Watch
2024-01-31 18:25:22,1.24,Davinder’s Apple Watch
2024-01-31 18:25:23,1.24,Davinder’s Apple Watch
2024-01-31 18:25:24,1.24,Davinder’s Apple Watch
2024-01-31 18:25:25,1.24,Davinder’s Apple Watch
2024-01-31 18:25:26,1.24,Davinder’s Apple Watch
2024-01-31 18:25:27,1.24,Davinder’s Apple Watch
2024-01-31 18:25:28,1.24,Davinder’s Apple Watch
2024-01-31 18:25:29,1.24,Davinder’s Apple Watch
2024-01-31 18:25:30,1.24,Davinder’s Apple Watch
2024-01-31 18:25:31,1.24,Davinder’s Apple Watch
2024-01-31 18:25:32,1.24,Davinder’s Apple Watch
2024-01-31 18:25:33,1.24,Davinder’s Apple Watch
2024-01-31 18:25:34,1.24,Davinder’s Apple Watch
2024-01-31 18:25:35,1.24,Davinder’s Apple Watch
2024-01-31 18:25:36,1.24,Davinder’s Apple Watch
2024-01-31 18:25:37,1.24,Davinder’s Apple Watch
2024-01-31 18:25:38,1.24,Davinder’s Apple Watch
2024-01-31 18:25:39,1.24,Davinder’s Apple Watch
2024-01-31 18:25:40,1.24,Davinder’s Apple Watch
2024-01-31 18:25:41,1.24,Davinder’s Apple Watch
2024-01-31 18:25:42,1.24,Davinder’s Apple Watch
2024-01-31 18:25:43,1.24,Davinder’s Apple Watch
2024-01-31 18:25:44,1.24,Davinder’s Apple Watch
2024-01-31 18:25:45,1.24,Davinder’s Apple Watch
2024-01-31 18:25:46,1.24,Davinder’s Apple Watch
2024-01-31 18:25:47,1.24,Davinder’s Apple Watch
2024-01-31 18:25:48,1.24,Davinder’s Apple Watch
2024-01-31 18:25:49,1.24,Davinder’s Apple Watch
2024-01-31 18:25:50,1.24,Davinder’s Apple Watch
2024-01-31 18:25:51,1.24,Davinder’s Apple Watch
2024-01-31 18:25:52,1.24,Davinder’s Apple Watch
2024-01-31 18:25:53,1.24,Davinder’s Apple Watch
2024-01-31 18:25:54,1.24,Davinder’s Apple Watch
2024-01-31 18:25:55,1.24,Davinder’s Apple Watch
2024-01-31 18:25:56,1.24,Davinder’s Apple Watch
2024-01-31 18:25:57,1.24,Davinder’s Apple Watch
2024-01-31 18:25:58,1.24,Davinder’s Apple Watch
2024-01-31 18:25:59,1.24,Davinder’s Apple Watch
2024-01-31 18:26:00,1.24,Davinder’s Apple Watch
2024-01-31 18:26:01,1.24,Davinder’s Apple Watch
2024-01-31 18:26:02,1.24,Davinder’s Apple Watch
2024-01-31 18:26:03,1.24,Davinder’s Apple Watch
2024-01-31 18:26:04,1.24,Davinder’s Apple Watch
2024-01-31 18:26:05,1.24,Davinder’s Apple Watch
2024-01-31 18:26:06,1.24,Davinder’s Apple Watch
2024-01-31 18:26:07,1.24,Davinder’s Apple Watch
2024-01-31 18:26:08,1.24,Davinder’s Apple Watch
2024-01-31 18:26:09,1.24,Davinder’s Apple Watch
2024-01-31 18:26:10,1.24,Davinder’s Apple Watch
2024-01-31 18:26:11,1.24,Davinder’s Apple Watch
2024-01-31 18:26:12,1.24,Davinder’s Apple Watch
2024-01-31 18:26:13,1.24,Davinder’s Apple Watch
2024-01-31 18:26:14,1.24,Davinder’s Apple Watch
2024-01-31 18:26:15,1.24,Davinder’s Apple Watch
2024-01-31 18:26:16,1.24,Davinder’s Apple Watch
2024-01-31 18:26:17,1.24,Davinder’s Apple Watch
2024-01-31 18:26:18,1.24,Davinder’s Apple Watch
2024-01-31 18:26:19,1.24,Davinder’s Apple Watch
2024-01-31 18:26:20,1.24,Davinder’s Apple Watch
2024-01-31 18:26:21,1.24,Davinder’s Apple Watch
2024-01-31 18:26:22,1.24,Davinder’s Apple Watch
2024-01-31 18:26:23,1.24,Davinder’s Apple Watch
2024-01-31 18:26:24,1.24,Davinder’s Apple Watch
2024-01-31 18:26:25,1.24,Davinder’s Apple Watch
2024-01-31 18:26:26,1.24,Davinder’s Apple Watch
2024-01-31 18:26:27,1.24,Davinder’s Apple Watch
2024-01-31 18:26:28,1.24,Davinder’s Apple Watch
2024-01-31 18:26:29,1.24,Davinder’s Apple Watch
2024-01-31 18:26:30,1.24,Davinder’s Apple Watch
2024-01-31 18:26:31,1.24,Davinder’s Apple Watch
2024-01-31 18:26:32,1.24,Davinder’s Apple Watch
2024-01-31 18:26:33,1.24,Davinder’s Apple Watch
2024-01-31 18:26:34,1.24,Davinder’s Apple Watch
2024-01-31 18:26:35,1.24,Davinder’s Apple Watch
2024-01-31 18:26:36,1.24,Davinder’s Apple Watch
2024-01-31 18:26:37,1.24,Davinder’s Apple Watch
2024-01-31 18:26:38,1.24,Davinder’s Apple Watch
2024-01-31 18:26:39,1.24,Davinder’s Apple Watch
2024-01-31 18:26:40,1.24,Davinder’s Apple Watch
2024-01-31 18:26:41,1.24,Davinder’s Apple Watch
2024-01-31 18:26:42,1.24,Davinder’s Apple Watch
2024-01-31 18:26:43,1.24,Davinder’s Apple Watch
2024-01-31 18:26:44,1.24,Davinder’s Apple Watch
2024-01-31 18:26:45,1.24,Davinder’s Apple Watch
2024-01-31 18:26:46,1.24,Davinder’s Apple Watch
2024-01-31 18:26:47,1.24,Davinder’s Apple Watch
2024-01-31 18:26:48,1.24,Davinder’s Apple Watch
2024-01-31 18:26:49,1.24,Davinder’s Apple Watch
2024-01-31 18:26:50,1.24,Davinder’s Apple Watch
2024-01-31 18:26:51,1.24,Davinder’s Apple Watch
2024-01-31 18:26:52,1.24,Davinder’s Apple Watch
2024-01-31 18:26:53,1.24,Davinder’s Apple Watch
2024-01-31 18:26:54,1.24,Davinder’s Apple Watch
2024-01-31 18:26:55,1.24,Davinder’s Apple Watch
2024-01-31 18:26:56,1.24,Davinder’s Apple Watch
2024-01-31 18:26:57,1.24,Davinder’s Apple Watch
2024-01-31 18:26:58,1.24,Davinder’s Apple Watch
2024-01-31 18:26:59,1.24,Davinder’s Apple Watch
2024-01-31 18:27:00,1.24,Davinder’s Apple Watch
2024-01-31 18:27:01,1.24,Davinder’s Apple Watch
2024-01-31 18:27:02,1.24,Davinder’s Apple Watch
2024-01-31 18:27:03,1.24,Davinder’s Apple Watch
2024-01-31 18:27:04,1.24,Davinder’s Apple Watch
2024-01-31 18:27:05,1.24,Davinder’s Apple Watch
2024-01-31 18:27:06,1.24,Davinder’s Apple Watch
2024-01-31 18:27:07,1.24,Davinder’s Apple Watch
2024-01-31 18:27:08,1.24,Davinder’s Apple Watch
2024-01-31 18:27:09,1.24,Davinder’s Apple Watch
2024-01-31 18:27:10,1.24,Davinder’s Apple Watch
2024-01-31 18:27:11,1.24,Davinder’s Apple Watch
2024-01-31 18:27:12,1.24,Davinder’s Apple Watch
2024-01-31 18:27:13,1.24,Davinder’s Apple Watch
2024-01-31 18:27:14,1.24,Davinder’s Apple Watch
2024-01-31 18:27:15,1.24,Davinder’s Apple Watch
2024-01-31 18:27:16,1.24,Davinder’s Apple Watch
2024-01-31 18:27:17,1.24,Davinder’s Apple Watch
2024-01-31 18:27:18,1.24,Davinder’s Apple Watch
2024-01-31 18:27:19,1.24,Davinder’s Apple Watch
2024-01-31 18:27:20,1.24,Davinder’s Apple Watch
2024-01-31 18:27:21,1.24,Davinder’s Apple Watch
2024-01-31 18:27:22,1.24,Davinder’s Apple Watch
2024-01-31 18:27:23,1.24,Davinder’s Apple Watch
2024-01-31 18:27:24,1.24,Davinder’s Apple Watch
2024-01-31 18:27:25,1.24,Davinder’s Apple Watch
2024-01-31 18:27:26,1.24,Davinder’s Apple Watch
2024-01-31 18:27:27,1.24,Davinder’s Apple Watch
2024-01-31 18:27:28,1.24,Davinder’s Apple Watch
2024-01-31 18:27:29,1.24,Davinder’s Apple Watch
2024-01-31 18:27:30,1.24,Davinder’s Apple Watch
2024-01-31 18:27:31,1.24,Davinder’s Apple Watch
2024-01-31 18:27:32,1.24,Davinder’s Apple Watch
2024-01-31 18:27:33,1.24,Davinder’s Apple Watch
2024-01-31 18:27:34,1.24,Davinder’s Apple Watch
2024-01-31 18:27:35,1.24,Davinder’s Apple Watch
2024-01-31 18:27:36,1.24,Davinder’s Apple Watch
2024-01-31 18:27:37,1.24,Davinder’s Apple Watch
2024-01-31 18:27:38,1.24,Davinder’s Apple Watch
2024-01-31 18:27:39,1.24,Davinder’s Apple Watch
2024-01-31 18:27:40,1.24,Davinder’s Apple Watch
2024-01-31 18:27:41,1.24,Davinder’s Apple Watch
2024-01-31 18:27:42,1.24,Davinder’s Apple Watch
2024-01-31 18:27:43,1.24,Davinder’s Apple Watch
2024-01-31 18:27:44,1.24,Davinder’s Apple Watch
2024-01-31 18:27:45,1.24,Davinder’s Apple Watch
2024-01-31 18:27:46,1.24,Davinder’s Apple Watch
2024-01-31 18:27:47,1.24,Davinder’s Apple Watch
2024-01-31 18:27:48,1.24,Davinder’s Apple Watch
2024-01-31 18:27:49,1.24,Davinder’s Apple Watch
2024-01-31 18:27:50,1.24,Davinder’s Apple Watch
2024-01-31 18:27:51,1.24,Davinder’s Apple Watch
2024-01-31 18:27:52,1.24,Davinder’s Apple Watch
2024-01-31 18:27:53,1.24,Davinder’s Apple Watch
2024-01-31 18:27:54,1.24,Davinder’s Apple Watch
2024-01-31 18:27:55,1.24,Davinder’s Apple Watch
2024-01-31 18:27:56,1.24,Davinder’s Apple Watch
2024-01-31 18:27:57,1.24,Davinder’s Apple Watch
2024-01-31 18:27:58,1.24,Davinder’s Apple Watch
2024-01-31 18:27:59,1.24,Davinder’s Apple Watch
2024-01-31 18:28:00,1.24,Davinder’s Apple Watch
2024-01-31 18:28:01,1.24,Davinder’s Apple Watch
2024-01-31 18:28:02,1.24,Davinder’s Apple Watch
2024-01-31 18:28:03,1.24,Davinder’s Apple Watch
2024-01-31 18:28:04,1.24,Davinder’s Apple Watch
2024-01-31 18:28:05,1.24,Davinder’s Apple Watch
2024-01-31 18:28:06,1.24,Davinder’s Apple Watch
2024-01-31 18:28:07,1.24,Davinder’s Apple Watch
2024-01-31 18:28:08,1.24,Davinder’s Apple Watch
2024-01-31 18:28:09,1.24,Davinder’s Apple Watch
2024-01-31 18:28:10,1.24,Davinder’s Apple Watch
2024-01-31 18:28:11,1.24,Davinder’s Apple Watch
2024-01-31 18:28:12,1.24,Davinder’s Apple Watch
2024-01-31 18:28:13,1.24,Davinder’s Apple Watch
2024-01-31 18:28:14,1.24,Davinder’s Apple Watch
2024-01-31 18:28:15,1.24,Davinder’s Apple Watch
2024-01-31 18:28:16,1.24,Davinder’s Apple Watch
2024-01-31 18:28:17,1.24,Davinder’s Apple Watch
2024-01-31 18:28:18,1.24,Davinder’s Apple Watch
2024-01-31 18:28:19,1.24,Davinder’s Apple Watch
2024-01-31 18:28:20,1.24,Davinder’s Apple Watch
2024-01-31 18:28:21,1.24,Davinder’s Apple Watch
2024-01-31 18:28:22,1.24,Davinder’s Apple Watch
2024-01-31 18:28:23,1.24,Davinder’s Apple Watch
2024-01-31 18:28:24,1.24,Davinder’s Apple Watch
2024-01-31 18:28:25,1.24,Davinder’s Apple Watch
2024-01-31 18:28:26,1.24,Davinder’s Apple Watch
2024-01-31 18:28:27,1.24,Davinder’s Apple Watch
2024-01-31 18:28:28,1.24,Davinder’s Apple Watch
2024-01-31 18:28:29,1.24,Davinder’s Apple Watch
2024-01-31 18:28:30,1.24,Davinder’s Apple Watch
2024-01-31 18:28:31,1.24,Davinder’s Apple Watch
2024-01-31 18:28:32,1.24,Davinder’s Apple Watch
2024-01-31 18:28:33,1.24,Davinder’s Apple Watch
2024-01-31 18:28:34,1.24,Davinder’s Apple Watch
2024-01-31 18:28:35,1.24,Davinder’s Apple Watch
2024-01-31 18:28:36,1.24,Davinder’s Apple Watch
2024-01-31 18:28:37,1.24,Davinder’s Apple Watch
2024-01-31 18:28:38,1.24,Davinder’s Apple Watch
2024-01-31 18:28:39,1.24,Davinder’s Apple Watch
2024-01-31 18:28:40,1.24,Davinder’s Apple Watch
2024-01-31 18:28:41,1.24,Davinder’s Apple Watch
2024-01-31 18:28:42,1.24,Davinder’s Apple Watch
2024-01-31 18:28:43,1.24,Davinder’s Apple Watch
2024-01-31 18:28:44,1.24,Davinder’s Apple Watch
2024-01-31 18:28:45,1.24,Davinder’s Apple Watch
2024-01-31 18:28:46,1.24,Davinder’s Apple Watch
2024-01-31 18:28:47,1.24,Davinder’s Apple Watch
2024-01-31 18:28:48,1.24,Davinder’s Apple Watch
2024-01-31 18:28:49,1.24,Davinder’s Apple Watch
2024-01-31 18:28:50,1.24,Davinder’s Apple Watch
2024-01-31 18:28:51,1.24,Davinder’s Apple Watch
2024-01-31 18:28:52,1.24,Davinder’s Apple Watch
2024-01-31 18:28:53,1.24,Davinder’s Apple Watch
2024-01-31 18:28:54,1.24,Davinder’s Apple Watch
2024-01-31 18:28:55,1.24,Davinder’s Apple Watch
2024-01-31 18:28:56,1.24,Davinder’s Apple Watch
2024-01-31 18:28:57,1.24,Davinder’s Apple Watch
2024-01-31 18:28:58,1.24,Davinder’s Apple Watch
2024-01-31 18:28:59,1.24,Davinder’s Apple Watch
2024-01-31 18:29:00,1.24,Davinder’s Apple Watch
2024-01-31 18:29:01,1.24,Davinder’s Apple Watch
2024-01-31 18:29:02,1.24,Davinder’s Apple Watch
2024-01-31 18:29:03,1.24,Davinder’s Apple Watch
2024-01-31 18:29:04,1.24,Davinder’s Apple Watch
2024-01-31 18:29:05,1.24,Davinder’s Apple Watch
2024-01-31 18:29:06,1.24,Davinder’s Apple Watch
2024-01-31 18:29:07,1.24,Davinder’s Apple Watch
2024-01-31 18:29:08,1.24,Davinder’s Apple Watch
2024-01-31 18:29:09,1.24,Davinder’s Apple Watch
2024-01-31 18:29:10,1.24,Davinder’s Apple Watch
2024-01-31 18:29:11,1.24,Davinder’s Apple Watch
2024-01-31 18:29:12,1.24,Davinder’s Apple Watch
2024-01-31 18:29:13,1.24,Davinder’s Apple Watch
2024-01-31 18:29:14,1.24,Davinder’s Apple Watch
2024-01-31 18:29:15,1.24,Davinder’s Apple Watch
2024-01-31 18:29:16,1.24,Davinder’s Apple Watch
2024-01-31 18:29:17,1.24,Davinder’s Apple Watch
2024-01-31 18:29:18,1.24,Davinder’s Apple Watch
2024-01-31 18:29:19,1.24,Davinder’s Apple Watch
2024-01-31 18:29:20,1.24,Davinder’s Apple Watch
2024-01-31 18:29:21,1.24,Davinder’s Apple Watch|johnspartan
2024-01-31 18:29:22,1.24,Davinder’s Apple Watch|johnspartan
2024-01-31 18:29:23,1.24,Davinder’s Apple Watch|johnspartan
2024-01-31 18:29:24,1.24,Davinder’s Apple Watch|johnspartan
2024-01-31 18:29:25,1.24,Davinder’s Apple Watch|johnspartan
2024-01-31 18:29:26,1.24,Davinder’s Apple Watch|johnspartan
2024-01-31 18:29:27,1.24,Davinder’s Apple Watch|johnspartan
2024-01-31 18:29:28,1.24,Davinder’s Apple Watch|johnspartan
2024-01-31 18:29:29,1.24,Davinder’s Apple Watch|johnspartan
2024-01-31 18:29:30,1.24,Davinder’s Apple Watch|johnspartan
2024-01-31 18:29:31,1.24,Davinder’s Apple Watch|johnspartan
2024-01-31 18:29:32,1.24,Davinder’s Apple Watch|johnspartan
2024-01-31 18:29:33,1.24,Davinder’s Apple Watch|johnspartan
2024-01-31 18:29:34,1.24,Davinder’s Apple Watch|johnspartan
2024-01-31 18:29:35,1.24,Davinder’s Apple Watch|johnspartan
2024-01-31 18:29:36,1.24,Davinder’s Apple Watch|johnspartan
2024-01-31 18:29:37,1.24,Davinder’s Apple Watch|johnspartan
2024-01-31 18:29:38,1.24,Davinder’s Apple Watch|johnspartan
2024-01-31 18:29:39,1.24,Davinder’s Apple Watch|johnspartan
2024-01-31 18:29:40,1.24,Davinder’s Apple Watch|johnspartan
2024-01-31 18:29:41,1.24,Davinder’s Apple Watch|johnspartan
2024-01-31 18:29:42,1.24,Davinder’s Apple Watch|johnspartan
2024-01-31 18:29:43,1.24,Davinder’s Apple Watch|johnspartan
2024-01-31 18:29:44,1.24,Davinder’s Apple Watch|johnspartan
2024-01-31 18:29:45,1.24,Davinder’s Apple Watch|johnspartan
2024-01-31 18:29:46,1.24,Davinder’s Apple Watch|johnspartan
2024-01-31 18:29:47,1.24,Davinder’s Apple Watch|johnspartan
2024-01-31 18:29:48,1.24,Davinder’s Apple Watch|johnspartan
2024-01-31 18:29:49,1.24,Davinder’s Apple Watch|johnspartan
2024-01-31 18:29:50,1.24,Davinder’s Apple Watch|johnspartan
2024-01-31 18:29:51,1.24,Davinder’s Apple Watch|johnspartan
2024-01-31 18:29:52,1.24,Davinder’s Apple Watch|johnspartan
2024-01-31 18:29:53,1.24,Davinder’s Apple Watch|johnspartan
2024-01-31 18:29:54,1.24,Davinder’s Apple Watch|johnspartan
2024-01-31 18:29:55,1.24,Davinder’s Apple Watch|johnspartan
2024-01-31 18:29:56,1.24,Davinder’s Apple Watch|johnspartan
2024-01-31 18:29:57,1.24,Davinder’s Apple Watch|johnspartan
2024-01-31 18:29:58,1.24,Davinder’s Apple Watch|johnspartan
2024-01-31 18:29:59,1.24,Davinder’s Apple Watch|johnspartan
2024-01-31 18:30:00,1.24,Davinder’s Apple Watch|johnspartan
2024-01-31 18:30:01,1.24,Davinder’s Apple Watch|johnspartan
2024-01-31 18:30:02,1.24,Davinder’s Apple Watch|johnspartan
2024-01-31 18:30:03,1.24,Davinder’s Apple Watch|johnspartan
2024-01-31 18:30:04,1.24,Davinder’s Apple Watch|johnspartan
2024-01-31 18:30:05,1.24,Davinder’s Apple Watch|johnspartan
2024-01-31 18:30:06,1.24,Davinder’s Apple Watch|johnspartan
2024-01-31 18:30:07,1.24,Davinder’s Apple Watch|johnspartan
2024-01-31 18:30:08,1.24,Davinder’s Apple Watch|johnspartan
2024-01-31 18:30:09,1.24,Davinder’s Apple Watch|johnspartan
2024-01-31 18:30:10,1.24,Davinder’s Apple Watch|johnspartan
2024-01-31 18:30:11,1.24,Davinder’s Apple Watch|johnspartan
2024-01-31 18:30:12,1.24,Davinder’s Apple Watch|johnspartan
2024-01-31 18:30:13,1.24,Davinder’s Apple Watch|johnspartan
2024-01-31 18:30:14,1.24,Davinder’s Apple Watch|johnspartan
2024-01-31 18:30:15,1.24,Davinder’s Apple Watch|johnspartan
2024-01-31 18:30:16,1.24,Davinder’s Apple Watch|johnspartan
2024-01-31 18:30:17,1.24,Davinder’s Apple Watch|johnspartan
2024-01-31 18:30:18,1.24,Davinder’s Apple Watch|johnspartan
2024-01-31 18:30:19,1.24,Davinder’s Apple Watch|johnspartan
2024-01-31 18:30:20,1.24,Davinder’s Apple Watch|johnspartan
2024-01-31 18:30:21,1.24,Davinder’s Apple Watch|johnspartan
2024-01-31 18:30:22,1.24,Davinder’s Apple Watch|johnspartan
2024-01-31 18:30:23,1.24,Davinder’s Apple Watch|johnspartan
2024-01-31 18:30:24,1.24,Davinder’s Apple Watch|johnspartan
2024-01-31 18:30:25,1.24,Davinder’s Apple Watch|johnspartan
2024-01-31 18:30:26,1.24,Davinder’s Apple Watch|johnspartan
2024-01-31 18:30:27,1.24,Davinder’s Apple Watch|johnspartan
2024-01-31 18:30:28,1.24,Davinder’s Apple Watch|johnspartan
2024-01-31 18:30:29,1.24,Davinder’s Apple Watch|johnspartan
2024-01-31 18:30:30,1.24,Davinder’s Apple Watch|johnspartan
2024-01-31 18:30:31,1.24,Davinder’s Apple Watch|johnspartan
2024-01-31 18:30:32,1.24,Davinder’s Apple Watch|johnspartan
2024-01-31 18:30:33,1.24,Davinder’s Apple Watch|johnspartan
2024-01-31 18:30:34,1.24,Davinder’s Apple Watch|johnspartan
2024-01-31 18:30:35,1.24,Davinder’s Apple Watch|johnspartan
2024-01-31 18:30:36,1.24,Davinder’s Apple Watch|johnspartan
2024-01-31 18:30:37,1.24,Davinder’s Apple Watch|johnspartan
2024-01-31 18:30:38,1.24,Davinder’s Apple Watch|johnspartan
2024-01-31 18:30:39,1.24,Davinder’s Apple Watch|johnspartan
2024-01-31 18:30:40,1.24,Davinder’s Apple Watch|johnspartan
2024-01-31 18:30:41,1.24,Davinder’s Apple Watch|johnspartan
2024-01-31 18:30:42,1.24,Davinder’s Apple Watch|johnspartan
2024-01-31 18:30:43,1.24,Davinder’s Apple Watch|johnspartan
2024-01-31 18:30:44,1.24,Davinder’s Apple Watch|johnspartan
2024-01-31 18:30:45,1.24,Davinder’s Apple Watch|johnspartan
2024-01-31 18:30:46,1.24,Davinder’s Apple Watch|johnspartan
2024-01-31 18:30:47,1.24,Davinder’s Apple Watch|johnspartan
2024-01-31 18:30:48,1.24,Davinder’s Apple Watch|johnspartan
2024-01-31 18:30:49,1.24,Davinder’s Apple Watch|johnspartan
2024-01-31 18:30:50,1.24,Davinder’s Apple Watch|johnspartan
2024-01-31 18:30:51,1.24,Davinder’s Apple Watch|johnspartan
2024-01-31 18:30:52,1.24,Davinder’s Apple Watch|johnspartan
2024-01-31 18:30:53,1.24,Davinder’s Apple Watch|johnspartan
2024-01-31 18:30:54,1.24,Davinder’s Apple Watch|johnspartan
2024-01-31 18:30:55,1.24,Davinder’s Apple Watch|johnspartan
2024-01-31 18:30:56,1.24,Davinder’s Apple Watch|johnspartan
2024-01-31 18:30:57,1.24,Davinder’s Apple Watch|johnspartan
2024-01-31 18:30:58,1.24,Davinder’s Apple Watch|johnspartan
2024-01-31 18:30:59,1.24,Davinder’s Apple Watch|johnspartan
2024-01-31 18:31:00,1.24,Davinder’s Apple Watch|johnspartan
2024-01-31 18:31:01,1.24,Davinder’s Apple Watch|johnspartan
2024-01-31 18:31:02,1.24,Davinder’s Apple Watch|johnspartan
2024-01-31 18:31:03,1.24,Davinder’s Apple Watch|johnspartan
2024-01-31 18:31:04,1.24,Davinder’s Apple Watch|johnspartan
2024-01-31 18:31:05,1.24,Davinder’s Apple Watch|johnspartan
2024-01-31 18:31:06,1.24,Davinder’s Apple Watch|johnspartan
2024-01-31 18:31:07,1.24,Davinder’s Apple Watch|johnspartan
2024-01-31 18:31:08,1.24,Davinder’s Apple Watch|johnspartan
2024-01-31 18:31:09,1.24,Davinder’s Apple Watch|johnspartan
2024-01-31 18:31:10,1.24,Davinder’s Apple Watch|johnspartan
2024-01-31 18:31:11,1.24,Davinder’s Apple Watch|johnspartan
2024-01-31 18:31:12,1.24,Davinder’s Apple Watch|johnspartan
2024-01-31 18:31:13,1.24,Davinder’s Apple Watch|johnspartan
2024-01-31 18:31:14,1.24,Davinder’s Apple Watch|johnspartan
2024-01-31 18:31:15,1.24,Davinder’s Apple Watch|johnspartan
2024-01-31 18:31:16,1.24,Davinder’s Apple Watch|johnspartan
2024-01-31 18:31:17,1.24,Davinder’s Apple Watch|johnspartan
2024-01-31 18:31:18,1.24,Davinder’s Apple Watch|johnspartan
2024-01-31 18:31:19,1.24,Davinder’s Apple Watch|johnspartan
2024-01-31 18:31:20,1.24,Davinder’s Apple Watch|johnspartan
2024-01-31 18:31:21,1.24,Davinder’s Apple Watch|johnspartan
2024-01-31 18:31:22,1.24,Davinder’s Apple Watch|johnspartan
2024-01-31 18:31:23,1.24,Davinder’s Apple Watch|johnspartan
2024-01-31 18:31:24,1.24,Davinder’s Apple Watch|johnspartan
2024-01-31 18:31:25,1.24,Davinder’s Apple Watch|johnspartan
2024-01-31 18:31:26,1.24,Davinder’s Apple Watch|johnspartan
2024-01-31 18:31:27,1.24,Davinder’s Apple Watch|johnspartan
2024-01-31 18:31:28,1.24,Davinder’s Apple Watch|johnspartan
2024-01-31 18:31:29,1.24,Davinder’s Apple Watch|johnspartan
2024-01-31 18:31:30,1.24,Davinder’s Apple Watch|johnspartan
2024-01-31 18:31:31,1.24,Davinder’s Apple Watch|johnspartan
2024-01-31 18:31:32,1.24,Davinder’s Apple Watch|johnspartan
2024-01-31 18:31:33,1.24,Davinder’s Apple Watch|johnspartan
2024-01-31 18:31:34,1.24,Davinder’s Apple Watch|johnspartan
2024-01-31 18:31:35,1.24,Davinder’s Apple Watch|johnspartan
2024-01-31 18:31:36,1.24,Davinder’s Apple Watch|johnspartan
2024-01-31 18:31:37,1.24,Davinder’s Apple Watch|johnspartan
2024-01-31 18:31:38,1.24,Davinder’s Apple Watch|johnspartan
2024-01-31 18:31:39,1.24,Davinder’s Apple Watch|johnspartan
2024-01-31 18:31:40,1.24,Davinder’s Apple Watch|johnspartan
2024-01-31 18:31:41,1.24,Davinder’s Apple Watch|johnspartan
2024-01-31 18:31:42,1.24,Davinder’s Apple Watch|johnspartan
2024-01-31 18:31:43,1.24,Davinder’s Apple Watch|johnspartan
2024-01-31 18:31:44,1.24,Davinder’s Apple Watch|johnspartan
2024-01-31 18:31:45,1.24,Davinder’s Apple Watch|johnspartan
2024-01-31 18:31:46,1.24,Davinder’s Apple Watch|johnspartan
2024-01-31 18:31:47,1.24,Davinder’s Apple Watch|johnspartan
2024-01-31 18:31:48,1.24,Davinder’s Apple Watch|johnspartan
2024-01-31 18:31:49,1.24,Davinder’s Apple Watch|johnspartan
2024-01-31 18:31:50,1.24,Davinder’s Apple Watch|johnspartan
2024-01-31 18:31:51,1.24,Davinder’s Apple Watch|johnspartan
2024-01-31 18:31:52,1.24,Davinder’s Apple Watch|johnspartan
2024-01-31 18:31:53,1.24,Davinder’s Apple Watch|johnspartan
2024-01-31 18:31:54,1.24,Davinder’s Apple Watch|johnspartan
2024-01-31 18:31:55,1.24,Davinder’s Apple Watch|johnspartan
2024-01-31 18:31:56,1.24,Davinder’s Apple Watch|johnspartan
2024-01-31 18:31:57,1.24,Davinder’s Apple Watch|johnspartan
2024-01-31 18:31:58,1.24,Davinder’s Apple Watch|johnspartan
2024-01-31 18:31:59,1.24,Davinder’s Apple Watch|johnspartan
2024-01-31 18:32:00,1.24,Davinder’s Apple Watch|johnspartan
2024-01-31 18:32:01,1.24,Davinder’s Apple Watch|johnspartan
2024-01-31 18:32:02,1.24,Davinder’s Apple Watch|johnspartan
2024-01-31 18:32:03,1.24,Davinder’s Apple Watch|johnspartan
2024-01-31 18:32:04,1.24,Davinder’s Apple Watch|johnspartan
2024-01-31 18:32:05,1.24,Davinder’s Apple Watch|johnspartan
2024-01-31 18:32:06,1.24,Davinder’s Apple Watch|johnspartan
2024-01-31 18:32:07,1.24,Davinder’s Apple Watch|johnspartan
2024-01-31 18:32:08,1.24,Davinder’s Apple Watch|johnspartan
2024-01-31 18:32:09,1.24,Davinder’s Apple Watch|johnspartan
2024-01-31 18:32:10,1.24,Davinder’s Apple Watch|johnspartan
2024-01-31 18:32:11,1.24,Davinder’s Apple Watch|johnspartan
2024-01-31 18:32:12,1.24,Davinder’s Apple Watch|johnspartan
2024-01-31 18:32:13,1.24,Davinder’s Apple Watch|johnspartan
2024-01-31 18:32:14,1.24,Davinder’s Apple Watch|johnspartan
2024-01-31 18:32:15,1.24,Davinder’s Apple Watch|johnspartan
2024-01-31 18:32:16,1.24,Davinder’s Apple Watch|johnspartan
2024-01-31 18:32:17,1.24,Davinder’s Apple Watch|johnspartan
2024-01-31 18:32:18,1.24,Davinder’s Apple Watch|johnspartan
2024-01-31 18:32:19,1.24,Davinder’s Apple Watch|johnspartan
2024-01-31 18:32:20,1.24,Davinder’s Apple Watch|johnspartan
2024-01-31 18:32:21,1.24,Davinder’s Apple Watch|johnspartan
2024-01-31 18:32:22,1.24,Davinder’s Apple Watch|johnspartan
2024-01-31 18:32:23,1.24,Davinder’s Apple Watch|johnspartan
2024-01-31 18:32:24,1.24,Davinder’s Apple Watch|johnspartan
2024-01-31 18:32:25,1.24,Davinder’s Apple Watch|johnspartan
2024-01-31 18:32:26,1.24,Davinder’s Apple Watch|johnspartan
2024-01-31 18:32:27,1.24,Davinder’s Apple Watch|johnspartan
2024-01-31 18:32:28,1.24,Davinder’s Apple Watch|johnspartan
2024-01-31 18:32:29,1.24,Davinder’s Apple Watch|johnspartan
2024-01-31 18:32:30,1.24,Davinder’s Apple Watch|johnspartan
2024-01-31 18:32:31,1.24,Davinder’s Apple Watch|johnspartan
2024-01-31 18:32:32,1.24,Davinder’s Apple Watch|johnspartan
2024-01-31 18:32:33,1.24,Davinder’s Apple Watch|johnspartan
2024-01-31 18:32:34,1.24,Davinder’s Apple Watch|johnspartan
2024-01-31 18:32:35,1.24,Davinder’s Apple Watch|johnspartan
2024-01-31 18:32:36,1.24,Davinder’s Apple Watch|johnspartan
2024-01-31 18:32:37,1.24,Davinder’s Apple Watch|johnspartan
2024-01-31 18:32:38,1.24,Davinder’s Apple Watch|johnspartan
2024-01-31 18:32:39,1.24,Davinder’s Apple Watch|johnspartan
2024-01-31 18:32:40,1.24,Davinder’s Apple Watch|johnspartan
2024-01-31 18:32:41,1.24,Davinder’s Apple Watch|johnspartan
2024-01-31 18:32:42,1.24,Davinder’s Apple Watch|johnspartan
2024-01-31 18:32:43,1.24,Davinder’s Apple Watch|johnspartan
2024-01-31 18:32:44,1.24,Davinder’s Apple Watch|johnspartan
2024-01-31 18:32:45,1.24,Davinder’s Apple Watch|johnspartan
2024-01-31 18:32:46,1.24,Davinder’s Apple Watch|johnspartan
2024-01-31 18:32:47,1.24,Davinder’s Apple Watch|johnspartan
2024-01-31 18:32:48,1.24,Davinder’s Apple Watch|johnspartan
2024-01-31 18:32:49,1.24,Davinder’s Apple Watch|johnspartan
2024-01-31 18:32:50,1.24,Davinder’s Apple Watch|johnspartan
2024-01-31 18:32:51,1.24,Davinder’s Apple Watch|johnspartan
2024-01-31 18:32:52,1.24,Davinder’s Apple Watch|johnspartan
2024-01-31 18:32:53,1.24,Davinder’s Apple Watch|johnspartan
2024-01-31 18:32:54,1.24,Davinder’s Apple Watch|johnspartan
2024-01-31 18:32:55,1.24,Davinder’s Apple Watch|johnspartan
2024-01-31 18:32:56,1.24,Davinder’s Apple Watch|johnspartan
2024-01-31 18:32:57,1.24,Davinder’s Apple Watch|johnspartan
2024-01-31 18:32:58,1.24,Davinder’s Apple Watch|johnspartan
2024-01-31 18:32:59,1.24,Davinder’s Apple Watch|johnspartan
2024-01-31 18:33:00,1.24,Davinder’s Apple Watch|johnspartan
2024-01-31 18:33:01,1.24,Davinder’s Apple Watch|johnspartan
2024-01-31 18:33:02,1.24,Davinder’s Apple Watch|johnspartan
2024-01-31 18:33:03,1.24,Davinder’s Apple Watch|johnspartan
2024-01-31 18:33:04,1.24,Davinder’s Apple Watch|johnspartan
2024-01-31 18:33:05,1.24,Davinder’s Apple Watch|johnspartan
2024-01-31 18:33:06,1.24,Davinder’s Apple Watch|johnspartan
2024-01-31 18:33:07,1.24,Davinder’s Apple Watch|johnspartan
2024-01-31 18:33:08,1.24,Davinder’s Apple Watch|johnspartan
2024-01-31 18:33:09,1.24,Davinder’s Apple Watch|johnspartan
2024-01-31 18:33:10,1.24,Davinder’s Apple Watch|johnspartan
2024-01-31 18:33:11,1.24,Davinder’s Apple Watch|johnspartan
2024-01-31 18:33:12,1.24,Davinder’s Apple Watch|johnspartan
2024-01-31 18:33:13,1.24,Davinder’s Apple Watch|johnspartan
2024-01-31 18:33:14,1.24,Davinder’s Apple Watch|johnspartan
2024-01-31 18:33:15,1.24,Davinder’s Apple Watch|johnspartan
2024-01-31 18:33:16,1.24,Davinder’s Apple Watch|johnspartan
2024-01-31 18:33:17,1.24,Davinder’s Apple Watch|johnspartan
2024-01-31 18:33:18,1.24,Davinder’s Apple Watch|johnspartan
2024-01-31 18:33:19,1.24,Davinder’s Apple Watch|johnspartan
2024-01-31 18:33:20,1.24,Davinder’s Apple Watch|johnspartan
2024-01-31 18:33:21,1.24,Davinder’s Apple Watch|johnspartan
2024-01-31 18:33:22,1.24,Davinder’s Apple Watch|johnspartan
2024-01-31 18:33:23,1.24,Davinder’s Apple Watch|johnspartan
2024-01-31 18:33:24,1.24,Davinder’s Apple Watch|johnspartan
2024-01-31 18:33:25,1.24,Davinder’s Apple Watch|johnspartan
2024-01-31 18:33:26,1.24,Davinder’s Apple Watch|johnspartan
2024-01-31 18:33:27,1.24,Davinder’s Apple Watch|johnspartan
2024-01-31 18:33:28,1.24,Davinder’s Apple Watch|johnspartan
2024-01-31 18:33:29,1.24,Davinder’s Apple Watch|johnspartan
2024-01-31 18:33:30,1.24,Davinder’s Apple Watch|johnspartan
2024-01-31 18:33:31,1.24,Davinder’s Apple Watch|johnspartan
2024-01-31 18:33:32,1.24,Davinder’s Apple Watch|johnspartan
2024-01-31 18:33:33,1.24,Davinder’s Apple Watch|johnspartan
2024-01-31 18:33:34,1.24,Davinder’s Apple Watch|johnspartan
2024-01-31 18:33:35,1.24,Davinder’s Apple Watch|johnspartan
2024-01-31 18:33:36,1.24,Davinder’s Apple Watch|johnspartan
2024-01-31 18:33:37,1.24,Davinder’s Apple Watch|johnspartan
2024-01-31 18:33:38,1.24,Davinder’s Apple Watch|johnspartan
2024-01-31 18:33:39,1.24,Davinder’s Apple Watch|johnspartan
2024-01-31 18:33:40,1.24,Davinder’s Apple Watch|johnspartan
2024-01-31 18:33:41,1.24,Davinder’s Apple Watch|johnspartan
2024-01-31 18:33:42,1.24,Davinder’s Apple Watch|johnspartan
2024-01-31 18:33:43,1.24,Davinder’s Apple Watch|johnspartan
2024-01-31 18:33:44,1.24,Davinder’s Apple Watch|johnspartan
2024-01-31 18:33:45,1.24,Davinder’s Apple Watch|johnspartan
2024-01-31 18:33:46,1.24,Davinder’s Apple Watch|johnspartan
2024-01-31 18:33:47,1.24,Davinder’s Apple Watch|johnspartan
2024-01-31 18:33:48,1.24,Davinder’s Apple Watch|johnspartan
2024-01-31 18:33:49,1.24,Davinder’s Apple Watch|johnspartan
2024-01-31 18:33:50,1.24,Davinder’s Apple Watch|johnspartan
2024-01-31 18:33:51,1.24,Davinder’s Apple Watch|johnspartan
2024-01-31 18:33:52,1.24,Davinder’s Apple Watch|johnspartan
2024-01-31 18:33:53,1.24,Davinder’s Apple Watch|johnspartan
2024-01-31 18:33:54,1.24,Davinder’s Apple Watch|johnspartan
2024-01-31 18:33:55,1.24,Davinder’s Apple Watch|johnspartan
2024-01-31 18:33:56,1.24,Davinder’s Apple Watch|johnspartan
2024-01-31 18:33:57,1.24,Davinder’s Apple Watch|johnspartan
2024-01-31 18:33:58,1.24,Davinder’s Apple Watch|johnspartan
2024-01-31 18:33:59,1.24,Davinder’s Apple Watch|johnspartan
2024-01-31 18:34:00,1.24,Davinder’s Apple Watch|johnspartan
2024-01-31 18:34:01,1.24,Davinder’s Apple Watch|johnspartan
2024-01-31 18:34:02,1.24,Davinder’s Apple Watch|johnspartan
2024-01-31 18:34:03,1.24,Davinder’s Apple Watch|johnspartan
2024-01-31 18:34:04,1.24,Davinder’s Apple Watch|johnspartan
2024-01-31 18:34:05,1.24,Davinder’s Apple Watch|johnspartan
2024-01-31 18:34:06,1.24,Davinder’s Apple Watch|johnspartan
2024-01-31 18:34:07,1.24,Davinder’s Apple Watch|johnspartan
2024-01-31 18:34:08,1.24,Davinder’s Apple Watch|johnspartan
2024-01-31 18:34:09,1.24,Davinder’s Apple Watch|johnspartan
2024-01-31 18:34:10,1.24,Davinder’s Apple Watch|johnspartan
2024-01-31 18:34:11,1.24,Davinder’s Apple Watch|johnspartan
2024-01-31 18:34:12,1.24,Davinder’s Apple Watch|johnspartan
2024-01-31 18:34:13,1.24,Davinder’s Apple Watch|johnspartan
2024-01-31 18:34:14,1.24,Davinder’s Apple Watch|johnspartan
2024-01-31 18:34:15,1.24,Davinder’s Apple Watch|johnspartan
2024-01-31 18:34:16,1.24,Davinder’s Apple Watch|johnspartan
2024-01-31 18:34:17,1.24,Davinder’s Apple Watch|johnspartan
2024-01-31 18:34:18,1.24,Davinder’s Apple Watch|johnspartan
2024-01-31 18:34:19,1.24,Davinder’s Apple Watch|johnspartan
2024-01-31 18:34:20,1.24,Davinder’s Apple Watch|johnspartan
2024-01-31 18:34:21,1.24,Davinder’s Apple Watch|johnspartan
2024-01-31 18:34:22,1.24,Davinder’s Apple Watch|johnspartan
2024-01-31 18:34:23,1.24,Davinder’s Apple Watch|johnspartan
2024-01-31 18:34:24,1.24,Davinder’s Apple Watch|johnspartan
2024-01-31 18:34:25,1.24,Davinder’s Apple Watch|johnspartan
2024-01-31 18:34:26,1.24,Davinder’s Apple Watch|johnspartan
2024-01-31 18:34:27,1.24,Davinder’s Apple Watch|johnspartan
2024-01-31 18:34:28,1.24,Davinder’s Apple Watch|johnspartan
2024-01-31 18:34:29,1.24,Davinder’s Apple Watch|johnspartan
2024-01-31 18:34:30,1.24,Davinder’s Apple Watch|johnspartan
2024-01-31 18:34:31,1.24,Davinder’s Apple Watch|johnspartan
2024-01-31 18:34:32,1.24,Davinder’s Apple Watch|johnspartan
2024-01-31 18:34:33,1.24,Davinder’s Apple Watch|johnspartan
2024-01-31 18:34:34,1.24,Davinder’s Apple Watch|johnspartan
2024-01-31 18:34:35,1.24,Davinder’s Apple Watch|johnspartan
2024-01-31 18:34:36,1.24,Davinder’s Apple Watch|johnspartan
2024-01-31 18:34:37,1.24,Davinder’s Apple Watch|johnspartan
2024-01-31 18:34:38,1.24,Davinder’s Apple Watch|johnspartan
2024-01-31 18:34:39,1.24,Davinder’s Apple Watch|johnspartan
2024-01-31 18:34:40,1.24,Davinder’s Apple Watch|johnspartan
2024-01-31 18:34:41,1.24,Davinder’s Apple Watch|johnspartan
2024-01-31 18:34:42,1.24,Davinder’s Apple Watch|johnspartan
2024-01-31 18:34:43,1.24,Davinder’s Apple Watch|johnspartan
2024-01-31 18:34:44,1.24,Davinder’s Apple Watch|johnspartan
2024-01-31 18:34:45,1.24,Davinder’s Apple Watch|johnspartan
2024-01-31 18:34:46,1.24,Davinder’s Apple Watch|johnspartan
2024-01-31 18:34:47,1.24,Davinder’s Apple Watch|johnspartan
2024-01-31 18:34:48,1.24,Davinder’s Apple Watch|johnspartan
2024-01-31 18:34:49,1.24,Davinder’s Apple Watch|johnspartan
2024-01-31 18:34:50,1.24,Davinder’s Apple Watch|johnspartan
2024-01-31 18:34:51,1.24,Davinder’s Apple Watch|johnspartan
2024-01-31 18:34:52,1.24,Davinder’s Apple Watch|johnspartan
2024-01-31 18:34:53,1.24,Davinder’s Apple Watch|johnspartan
2024-01-31 18:34:54,1.24,Davinder’s Apple Watch|johnspartan
2024-01-31 18:34:55,1.24,Davinder’s Apple Watch|johnspartan
2024-01-31 18:34:56,1.24,Davinder’s Apple Watch|johnspartan
2024-01-31 18:34:57,1.24,Davinder’s Apple Watch|johnspartan
2024-01-31 18:34:58,1.24,Davinder’s Apple Watch|johnspartan
2024-01-31 18:34:59,1.24,Davinder’s Apple Watch|johnspartan
2024-01-31 18:35:00,1.24,Davinder’s Apple Watch|johnspartan
2024-01-31 18:35:01,1.23,Davinder’s Apple Watch|johnspartan
2024-01-31 18:35:02,1.18,Davinder’s Apple Watch|johnspartan
2024-01-31 18:35:03,1.18,Davinder’s Apple Watch|johnspartan
2024-01-31 18:35:04,1.18,Davinder’s Apple Watch|johnspartan
2024-01-31 18:35:05,1.18,Davinder’s Apple Watch|johnspartan
2024-01-31 18:35:06,1.18,Davinder’s Apple Watch|johnspartan
2024-01-31 18:35:07,1.18,Davinder’s Apple Watch|johnspartan
2024-01-31 18:35:08,1.18,Davinder’s Apple Watch|johnspartan
2024-01-31 18:35:09,1.18,Davinder’s Apple Watch|johnspartan
2024-01-31 18:35:10,1.18,Davinder’s Apple Watch|johnspartan
2024-01-31 18:35:11,1.18,Davinder’s Apple Watch|johnspartan
2024-01-31 18:35:12,1.18,Davinder’s Apple Watch|johnspartan
2024-01-31 18:35:13,1.18,Davinder’s Apple Watch|johnspartan
2024-01-31 18:35:14,1.18,Davinder’s Apple Watch|johnspartan
2024-01-31 18:35:15,1.18,Davinder’s Apple Watch|johnspartan
2024-01-31 18:35:16,1.18,Davinder’s Apple Watch|johnspartan
2024-01-31 18:35:17,1.18,Davinder’s Apple Watch|johnspartan
2024-01-31 18:35:18,1.18,Davinder’s Apple Watch|johnspartan
2024-01-31 18:35:19,1.18,Davinder’s Apple Watch|johnspartan
2024-01-31 18:35:20,1.18,Davinder’s Apple Watch|johnspartan
2024-01-31 18:35:21,1.18,Davinder’s Apple Watch|johnspartan
2024-01-31 18:35:22,1.18,Davinder’s Apple Watch|johnspartan
2024-01-31 18:35:23,1.18,Davinder’s Apple Watch|johnspartan
2024-01-31 18:35:24,1.18,Davinder’s Apple Watch|johnspartan
2024-01-31 18:35:25,1.18,Davinder’s Apple Watch|johnspartan
2024-01-31 18:35:26,1.18,Davinder’s Apple Watch|johnspartan
2024-01-31 18:35:27,1.18,Davinder’s Apple Watch|johnspartan
2024-01-31 18:35:28,1.18,Davinder’s Apple Watch|johnspartan
2024-01-31 18:35:29,1.18,Davinder’s Apple Watch|johnspartan
2024-01-31 18:35:30,1.18,Davinder’s Apple Watch|johnspartan
2024-01-31 18:35:31,1.18,Davinder’s Apple Watch|johnspartan
2024-01-31 18:35:32,1.18,Davinder’s Apple Watch|johnspartan
2024-01-31 18:35:33,1.18,Davinder’s Apple Watch|johnspartan
2024-01-31 18:35:34,1.18,Davinder’s Apple Watch|johnspartan
2024-01-31 18:35:35,1.18,Davinder’s Apple Watch|johnspartan
2024-01-31 18:35:36,1.18,Davinder’s Apple Watch|johnspartan
2024-01-31 18:35:37,1.18,Davinder’s Apple Watch|johnspartan
2024-01-31 18:35:38,1.18,Davinder’s Apple Watch|johnspartan
2024-01-31 18:35:39,1.18,Davinder’s Apple Watch|johnspartan
2024-01-31 18:35:40,1.18,Davinder’s Apple Watch|johnspartan
2024-01-31 18:35:41,1.18,Davinder’s Apple Watch|johnspartan
2024-01-31 18:35:42,1.18,Davinder’s Apple Watch|johnspartan
2024-01-31 18:35:43,1.18,Davinder’s Apple Watch|johnspartan
2024-01-31 18:35:44,1.18,Davinder’s Apple Watch|johnspartan
2024-01-31 18:35:45,1.18,Davinder’s Apple Watch|johnspartan
2024-01-31 18:35:46,1.18,Davinder’s Apple Watch|johnspartan
2024-01-31 18:35:47,1.18,Davinder’s Apple Watch|johnspartan
2024-01-31 18:35:48,1.18,Davinder’s Apple Watch|johnspartan
2024-01-31 18:35:49,1.18,Davinder’s Apple Watch|johnspartan
2024-01-31 18:35:50,1.18,Davinder’s Apple Watch|johnspartan
2024-01-31 18:35:51,1.18,Davinder’s Apple Watch|johnspartan
2024-01-31 18:35:52,1.18,Davinder’s Apple Watch|johnspartan
2024-01-31 18:35:53,1.18,Davinder’s Apple Watch|johnspartan
2024-01-31 18:35:54,1.18,Davinder’s Apple Watch|johnspartan
2024-01-31 18:35:55,1.18,Davinder’s Apple Watch|johnspartan
2024-01-31 18:35:56,1.18,Davinder’s Apple Watch|johnspartan
2024-01-31 18:35:57,1.18,Davinder’s Apple Watch|johnspartan
2024-01-31 18:35:58,1.18,Davinder’s Apple Watch|johnspartan
2024-01-31 18:35:59,1.18,Davinder’s Apple Watch|johnspartan
2024-01-31 18:36:00,1.18,Davinder’s Apple Watch|johnspartan
2024-01-31 18:36:01,1.18,Davinder’s Apple Watch|johnspartan
2024-01-31 18:36:02,1.18,Davinder’s Apple Watch|johnspartan
2024-01-31 18:36:03,1.18,Davinder’s Apple Watch|johnspartan
2024-01-31 18:36:04,1.18,Davinder’s Apple Watch|johnspartan
2024-01-31 18:36:05,1.18,Davinder’s Apple Watch|johnspartan
2024-01-31 18:36:06,1.18,Davinder’s Apple Watch|johnspartan
2024-01-31 18:36:07,1.18,Davinder’s Apple Watch|johnspartan
2024-01-31 18:36:08,1.18,Davinder’s Apple Watch|johnspartan
2024-01-31 18:36:09,1.18,Davinder’s Apple Watch|johnspartan
2024-01-31 18:36:10,1.18,Davinder’s Apple Watch|johnspartan
2024-01-31 18:36:11,1.18,Davinder’s Apple Watch|johnspartan
2024-01-31 18:36:12,1.18,Davinder’s Apple Watch|johnspartan
2024-01-31 18:36:13,1.18,Davinder’s Apple Watch|johnspartan
2024-01-31 18:36:14,1.18,Davinder’s Apple Watch|johnspartan
2024-01-31 18:36:15,1.18,Davinder’s Apple Watch|johnspartan
2024-01-31 18:36:16,1.18,Davinder’s Apple Watch|johnspartan
2024-01-31 18:36:17,1.18,Davinder’s Apple Watch|johnspartan
2024-01-31 18:36:18,1.18,Davinder’s Apple Watch|johnspartan
2024-01-31 18:36:19,1.18,Davinder’s Apple Watch|johnspartan
2024-01-31 18:36:20,1.18,Davinder’s Apple Watch|johnspartan
2024-01-31 18:36:21,1.18,Davinder’s Apple Watch|johnspartan
2024-01-31 18:36:22,1.18,Davinder’s Apple Watch|johnspartan
2024-01-31 18:36:23,1.18,Davinder’s Apple Watch|johnspartan
2024-01-31 18:36:24,1.18,Davinder’s Apple Watch|johnspartan
2024-01-31 18:36:25,1.18,Davinder’s Apple Watch|johnspartan
2024-01-31 18:36:26,1.18,Davinder’s Apple Watch|johnspartan
2024-01-31 18:36:27,1.18,Davinder’s Apple Watch|johnspartan
2024-01-31 18:36:28,1.18,Davinder’s Apple Watch|johnspartan
2024-01-31 18:36:29,1.18,Davinder’s Apple Watch|johnspartan
2024-01-31 18:36:30,1.18,Davinder’s Apple Watch|johnspartan
2024-01-31 18:36:31,1.18,Davinder’s Apple Watch|johnspartan
2024-01-31 18:36:32,1.18,Davinder’s Apple Watch|johnspartan
2024-01-31 18:36:33,1.18,Davinder’s Apple Watch|johnspartan
2024-01-31 18:36:34,1.18,Davinder’s Apple Watch|johnspartan
2024-01-31 18:36:35,1.18,Davinder’s Apple Watch|johnspartan
2024-01-31 18:36:36,1.18,Davinder’s Apple Watch|johnspartan
2024-01-31 18:36:37,1.18,Davinder’s Apple Watch|johnspartan
2024-01-31 18:36:38,1.18,Davinder’s Apple Watch|johnspartan
2024-01-31 18:36:39,1.18,Davinder’s Apple Watch|johnspartan
2024-01-31 18:36:40,1.18,Davinder’s Apple Watch|johnspartan
2024-01-31 18:36:41,1.18,Davinder’s Apple Watch|johnspartan
2024-01-31 18:36:42,1.18,Davinder’s Apple Watch|johnspartan
2024-01-31 18:36:43,1.18,Davinder’s Apple Watch|johnspartan
2024-01-31 18:36:44,1.18,Davinder’s Apple Watch|johnspartan
2024-01-31 18:36:45,1.18,Davinder’s Apple Watch|johnspartan
2024-01-31 18:36:46,1.18,Davinder’s Apple Watch|johnspartan
2024-01-31 18:36:47,1.18,Davinder’s Apple Watch|johnspartan
2024-01-31 18:36:48,1.18,Davinder’s Apple Watch|johnspartan
2024-01-31 18:36:49,1.18,Davinder’s Apple Watch|johnspartan
2024-01-31 18:36:50,1.18,Davinder’s Apple Watch|johnspartan
2024-01-31 18:36:51,1.18,Davinder’s Apple Watch|johnspartan
2024-01-31 18:36:52,1.18,Davinder’s Apple Watch|johnspartan
2024-01-31 18:36:53,1.18,Davinder’s Apple Watch|johnspartan
2024-01-31 18:36:54,1.18,Davinder’s Apple Watch|johnspartan
2024-01-31 18:36:55,1.18,Davinder’s Apple Watch|johnspartan
2024-01-31 18:36:56,1.18,Davinder’s Apple Watch|johnspartan
2024-01-31 18:36:57,1.18,Davinder’s Apple Watch|johnspartan
2024-01-31 18:36:58,1.18,Davinder’s Apple Watch|johnspartan
2024-01-31 18:36:59,1.18,Davinder’s Apple Watch|johnspartan
2024-01-31 18:37:00,1.18,Davinder’s Apple Watch|johnspartan
2024-01-31 18:37:01,1.18,Davinder’s Apple Watch|johnspartan
2024-01-31 18:37:02,1.18,Davinder’s Apple Watch|johnspartan
2024-01-31 18:37:03,1.18,Davinder’s Apple Watch|johnspartan
2024-01-31 18:37:04,1.18,Davinder’s Apple Watch|johnspartan
2024-01-31 18:37:05,1.18,Davinder’s Apple Watch|johnspartan
2024-01-31 18:37:06,1.18,Davinder’s Apple Watch|johnspartan
2024-01-31 18:37:07,1.18,Davinder’s Apple Watch|johnspartan
2024-01-31 18:37:08,1.18,Davinder’s Apple Watch|johnspartan
2024-01-31 18:37:09,1.18,Davinder’s Apple Watch|johnspartan
2024-01-31 18:37:10,1.18,Davinder’s Apple Watch|johnspartan
2024-01-31 18:37:11,1.18,Davinder’s Apple Watch|johnspartan
2024-01-31 18:37:12,1.18,Davinder’s Apple Watch|johnspartan
2024-01-31 18:37:13,1.18,Davinder’s Apple Watch|johnspartan
2024-01-31 18:37:14,1.18,Davinder’s Apple Watch|johnspartan
2024-01-31 18:37:15,1.18,Davinder’s Apple Watch|johnspartan
2024-01-31 18:37:16,1.18,Davinder’s Apple Watch|johnspartan
2024-01-31 18:37:17,1.18,Davinder’s Apple Watch|johnspartan
2024-01-31 18:37:18,1.18,Davinder’s Apple Watch|johnspartan
2024-01-31 18:37:19,1.18,Davinder’s Apple Watch|johnspartan
2024-01-31 18:37:20,1.18,Davinder’s Apple Watch|johnspartan
2024-01-31 18:37:21,1.18,Davinder’s Apple Watch|johnspartan
2024-01-31 18:37:22,1.18,Davinder’s Apple Watch|johnspartan
2024-01-31 18:37:23,1.18,Davinder’s Apple Watch|johnspartan
2024-01-31 18:37:24,1.18,Davinder’s Apple Watch|johnspartan
2024-01-31 18:37:25,1.18,Davinder’s Apple Watch|johnspartan
2024-01-31 18:37:26,1.18,Davinder’s Apple Watch|johnspartan
2024-01-31 18:37:27,1.18,Davinder’s Apple Watch|johnspartan
2024-01-31 18:37:28,1.18,Davinder’s Apple Watch|johnspartan
2024-01-31 18:37:29,1.18,Davinder’s Apple Watch|johnspartan
2024-01-31 18:37:30,1.18,Davinder’s Apple Watch|johnspartan
2024-01-31 18:37:31,1.18,Davinder’s Apple Watch|johnspartan
2024-01-31 18:37:32,1.18,Davinder’s Apple Watch|johnspartan
2024-01-31 18:37:33,1.18,Davinder’s Apple Watch|johnspartan
2024-01-31 18:37:34,1.18,Davinder’s Apple Watch|johnspartan
2024-01-31 18:37:35,1.18,Davinder’s Apple Watch|johnspartan
2024-01-31 18:37:36,1.18,Davinder’s Apple Watch|johnspartan
2024-01-31 18:37:37,1.18,Davinder’s Apple Watch|johnspartan
2024-01-31 18:37:38,1.18,Davinder’s Apple Watch|johnspartan
2024-01-31 18:37:39,1.18,Davinder’s Apple Watch|johnspartan
2024-01-31 18:37:40,1.18,Davinder’s Apple Watch|johnspartan
2024-01-31 18:37:41,1.18,Davinder’s Apple Watch|johnspartan
2024-01-31 18:37:42,1.18,Davinder’s Apple Watch|johnspartan
2024-01-31 18:37:43,1.18,Davinder’s Apple Watch|johnspartan
2024-01-31 18:37:44,1.18,Davinder’s Apple Watch|johnspartan
2024-01-31 18:37:45,1.18,Davinder’s Apple Watch|johnspartan
2024-01-31 18:37:46,1.18,Davinder’s Apple Watch|johnspartan
2024-01-31 18:37:47,1.18,Davinder’s Apple Watch|johnspartan
2024-01-31 18:37:48,1.18,Davinder’s Apple Watch|johnspartan
2024-01-31 18:37:49,1.18,Davinder’s Apple Watch|johnspartan
2024-01-31 18:37:50,1.18,Davinder’s Apple Watch|johnspartan
2024-01-31 18:37:51,1.18,Davinder’s Apple Watch|johnspartan
2024-01-31 18:37:52,1.18,Davinder’s Apple Watch|johnspartan
2024-01-31 18:37:53,1.18,Davinder’s Apple Watch|johnspartan
2024-01-31 18:37:54,1.18,Davinder’s Apple Watch|johnspartan
2024-01-31 18:37:55,1.18,Davinder’s Apple Watch|johnspartan
2024-01-31 18:37:56,1.18,Davinder’s Apple Watch|johnspartan
2024-01-31 18:37:57,1.18,Davinder’s Apple Watch|johnspartan
2024-01-31 18:37:58,1.18,Davinder’s Apple Watch|johnspartan
2024-01-31 18:37:59,1.18,Davinder’s Apple Watch|johnspartan
2024-01-31 18:38:00,1.18,Davinder’s Apple Watch|johnspartan
2024-01-31 18:38:01,1.18,Davinder’s Apple Watch|johnspartan
2024-01-31 18:38:02,1.18,Davinder’s Apple Watch|johnspartan
2024-01-31 18:38:03,1.18,Davinder’s Apple Watch|johnspartan
2024-01-31 18:38:04,1.18,Davinder’s Apple Watch|johnspartan
2024-01-31 18:38:05,1.18,Davinder’s Apple Watch|johnspartan
2024-01-31 18:38:06,1.18,Davinder’s Apple Watch|johnspartan
2024-01-31 18:38:07,1.18,Davinder’s Apple Watch|johnspartan
2024-01-31 18:38:08,1.18,Davinder’s Apple Watch|johnspartan
2024-01-31 18:38:09,1.18,Davinder’s Apple Watch|johnspartan
2024-01-31 18:38:10,1.18,Davinder’s Apple Watch|johnspartan
2024-01-31 18:38:11,1.18,Davinder’s Apple Watch|johnspartan
2024-01-31 18:38:12,1.18,Davinder’s Apple Watch|johnspartan
2024-01-31 18:38:13,1.18,Davinder’s Apple Watch|johnspartan
2024-01-31 18:38:14,1.18,Davinder’s Apple Watch|johnspartan
2024-01-31 18:38:15,1.18,Davinder’s Apple Watch|johnspartan
2024-01-31 18:38:16,1.18,Davinder’s Apple Watch|johnspartan
2024-01-31 18:38:17,1.18,Davinder’s Apple Watch|johnspartan
2024-01-31 18:38:18,1.18,Davinder’s Apple Watch|johnspartan
2024-01-31 18:38:19,1.18,Davinder’s Apple Watch|johnspartan
2024-01-31 18:38:20,1.18,Davinder’s Apple Watch|johnspartan
2024-01-31 18:38:21,1.18,Davinder’s Apple Watch|johnspartan
2024-01-31 18:38:22,1.18,Davinder’s Apple Watch|johnspartan
2024-01-31 18:38:23,1.18,Davinder’s Apple Watch|johnspartan
2024-01-31 18:38:24,1.18,Davinder’s Apple Watch|johnspartan
2024-01-31 18:38:25,1.18,Davinder’s Apple Watch|johnspartan
2024-01-31 18:38:26,1.18,Davinder’s Apple Watch|johnspartan
2024-01-31 18:38:27,1.18,Davinder’s Apple Watch|johnspartan
2024-01-31 18:38:28,1.18,Davinder’s Apple Watch|johnspartan
2024-01-31 18:38:29,1.18,Davinder’s Apple Watch|johnspartan
2024-01-31 18:38:30,1.18,Davinder’s Apple Watch|johnspartan
2024-01-31 18:38:31,1.18,Davinder’s Apple Watch|johnspartan
2024-01-31 18:38:32,1.18,Davinder’s Apple Watch|johnspartan
2024-01-31 18:38:33,1.18,Davinder’s Apple Watch|johnspartan
2024-01-31 18:38:34,1.18,Davinder’s Apple Watch|johnspartan
2024-01-31 18:38:35,1.18,Davinder’s Apple Watch|johnspartan
2024-01-31 18:38:36,1.18,Davinder’s Apple Watch|johnspartan
2024-01-31 18:38:37,1.18,Davinder’s Apple Watch|johnspartan
2024-01-31 18:38:38,1.18,Davinder’s Apple Watch|johnspartan
2024-01-31 18:38:39,1.18,Davinder’s Apple Watch|johnspartan
2024-01-31 18:38:40,1.18,Davinder’s Apple Watch|johnspartan
2024-01-31 18:38:41,1.18,Davinder’s Apple Watch|johnspartan
2024-01-31 18:38:42,1.18,Davinder’s Apple Watch|johnspartan
2024-01-31 18:38:43,1.18,Davinder’s Apple Watch|johnspartan
2024-01-31 18:38:44,1.18,Davinder’s Apple Watch|johnspartan
2024-01-31 18:38:45,1.18,Davinder’s Apple Watch|johnspartan
2024-01-31 18:38:46,1.18,Davinder’s Apple Watch|johnspartan
2024-01-31 18:38:47,1.18,Davinder’s Apple Watch|johnspartan
2024-01-31 18:38:48,1.18,Davinder’s Apple Watch|johnspartan
2024-01-31 18:38:49,1.18,Davinder’s Apple Watch|johnspartan
2024-01-31 18:38:50,1.18,Davinder’s Apple Watch|johnspartan
2024-01-31 18:38:51,1.18,Davinder’s Apple Watch|johnspartan
2024-01-31 18:38:52,1.18,Davinder’s Apple Watch|johnspartan
2024-01-31 18:38:53,1.18,Davinder’s Apple Watch|johnspartan
2024-01-31 18:38:54,1.18,Davinder’s Apple Watch|johnspartan
2024-01-31 18:38:55,1.18,Davinder’s Apple Watch|johnspartan
2024-01-31 18:38:56,1.18,Davinder’s Apple Watch|johnspartan
2024-01-31 18:38:57,1.18,Davinder’s Apple Watch|johnspartan
2024-01-31 18:38:58,1.18,Davinder’s Apple Watch|johnspartan
2024-01-31 18:38:59,1.18,Davinder’s Apple Watch|johnspartan
2024-01-31 18:39:00,1.18,Davinder’s Apple Watch|johnspartan
2024-01-31 18:39:01,1.18,Davinder’s Apple Watch|johnspartan
2024-01-31 18:39:02,1.18,Davinder’s Apple Watch|johnspartan
2024-01-31 18:39:03,1.18,Davinder’s Apple Watch|johnspartan
2024-01-31 18:39:04,1.18,Davinder’s Apple Watch|johnspartan
2024-01-31 18:39:05,1.18,Davinder’s Apple Watch|johnspartan
2024-01-31 18:39:06,1.18,Davinder’s Apple Watch|johnspartan
2024-01-31 18:39:07,1.18,Davinder’s Apple Watch|johnspartan
2024-01-31 18:39:08,1.18,Davinder’s Apple Watch|johnspartan
2024-01-31 18:39:09,1.18,Davinder’s Apple Watch|johnspartan
2024-01-31 18:39:10,1.18,Davinder’s Apple Watch|johnspartan
2024-01-31 18:39:11,1.18,Davinder’s Apple Watch|johnspartan
2024-01-31 18:39:12,1.18,Davinder’s Apple Watch|johnspartan
2024-01-31 18:39:13,1.18,Davinder’s Apple Watch|johnspartan
2024-01-31 18:39:14,1.18,Davinder’s Apple Watch|johnspartan
2024-01-31 18:39:15,1.18,Davinder’s Apple Watch|johnspartan
2024-01-31 18:39:16,1.18,Davinder’s Apple Watch|johnspartan
2024-01-31 18:39:17,1.18,Davinder’s Apple Watch|johnspartan
2024-01-31 18:39:18,1.18,Davinder’s Apple Watch|johnspartan
2024-01-31 18:39:19,1.18,Davinder’s Apple Watch|johnspartan
2024-01-31 18:39:20,1.18,Davinder’s Apple Watch|johnspartan
2024-01-31 18:39:21,1.18,Davinder’s Apple Watch|johnspartan
2024-01-31 18:39:22,1.18,Davinder’s Apple Watch|johnspartan
2024-01-31 18:39:23,1.18,Davinder’s Apple Watch|johnspartan
2024-01-31 18:39:24,1.18,Davinder’s Apple Watch|johnspartan
2024-01-31 18:39:25,1.18,Davinder’s Apple Watch|johnspartan
2024-01-31 18:39:26,1.18,Davinder’s Apple Watch|johnspartan
2024-01-31 18:39:27,1.18,Davinder’s Apple Watch|johnspartan
2024-01-31 18:39:28,1.18,Davinder’s Apple Watch|johnspartan
2024-01-31 18:39:29,1.18,Davinder’s Apple Watch|johnspartan
2024-01-31 18:39:30,1.18,Davinder’s Apple Watch|johnspartan
2024-01-31 18:39:31,1.18,Davinder’s Apple Watch|johnspartan
2024-01-31 18:39:32,1.18,Davinder’s Apple Watch|johnspartan
2024-01-31 18:39:33,1.18,Davinder’s Apple Watch|johnspartan
2024-01-31 18:39:34,1.18,Davinder’s Apple Watch|johnspartan
2024-01-31 18:39:35,1.18,Davinder’s Apple Watch|johnspartan
2024-01-31 18:39:36,1.18,Davinder’s Apple Watch|johnspartan
2024-01-31 18:39:37,1.18,Davinder’s Apple Watch|johnspartan
2024-01-31 18:39:38,1.18,Davinder’s Apple Watch|johnspartan
2024-01-31 18:39:39,1.18,Davinder’s Apple Watch|johnspartan
2024-01-31 18:39:40,1.18,Davinder’s Apple Watch|johnspartan
2024-01-31 18:39:41,1.18,Davinder’s Apple Watch|johnspartan
2024-01-31 18:39:42,1.18,Davinder’s Apple Watch|johnspartan
2024-01-31 18:39:43,1.18,Davinder’s Apple Watch|johnspartan
2024-01-31 18:39:44,1.18,Davinder’s Apple Watch|johnspartan
2024-01-31 18:39:45,1.18,Davinder’s Apple Watch|johnspartan
2024-01-31 18:39:46,1.18,Davinder’s Apple Watch|johnspartan
2024-01-31 18:39:47,1.18,Davinder’s Apple Watch|johnspartan
2024-01-31 18:39:48,1.18,Davinder’s Apple Watch|johnspartan
2024-01-31 18:39:49,1.18,Davinder’s Apple Watch|johnspartan
2024-01-31 18:39:50,1.18,Davinder’s Apple Watch|johnspartan
2024-01-31 18:39:51,1.18,Davinder’s Apple Watch|johnspartan
2024-01-31 18:39:52,1.18,Davinder’s Apple Watch|johnspartan
2024-01-31 18:39:53,1.18,Davinder’s Apple Watch|johnspartan
2024-01-31 18:39:54,1.18,Davinder’s Apple Watch|johnspartan
2024-01-31 18:39:55,1.18,Davinder’s Apple Watch|johnspartan
2024-01-31 18:39:56,1.18,Davinder’s Apple Watch|johnspartan
2024-01-31 18:39:57,1.18,Davinder’s Apple Watch|johnspartan
2024-01-31 18:39:58,1.18,Davinder’s Apple Watch|johnspartan
2024-01-31 18:39:59,1.18,Davinder’s Apple Watch|johnspartan
2024-01-31 18:40:00,1.18,Davinder’s Apple Watch|johnspartan
2024-01-31 18:40:01,1.18,Davinder’s Apple Watch|johnspartan
2024-01-31 18:40:02,1.18,Davinder’s Apple Watch|johnspartan
2024-01-31 18:40:03,1.18,Davinder’s Apple Watch|johnspartan
2024-01-31 18:40:04,1.18,Davinder’s Apple Watch|johnspartan
2024-01-31 18:40:05,1.18,Davinder’s Apple Watch|johnspartan
2024-01-31 18:40:06,1.18,Davinder’s Apple Watch|johnspartan
2024-01-31 18:40:07,1.18,Davinder’s Apple Watch|johnspartan
2024-01-31 18:40:08,1.18,Davinder’s Apple Watch|johnspartan
2024-01-31 18:40:09,1.18,Davinder’s Apple Watch|johnspartan
2024-01-31 18:40:10,1.18,Davinder’s Apple Watch|johnspartan
2024-01-31 18:40:11,1.18,Davinder’s Apple Watch|johnspartan
2024-01-31 18:40:12,1.18,Davinder’s Apple Watch|johnspartan
2024-01-31 18:40:13,1.18,Davinder’s Apple Watch|johnspartan
2024-01-31 18:40:14,1.18,Davinder’s Apple Watch|johnspartan
2024-01-31 18:40:15,1.18,Davinder’s Apple Watch|johnspartan
2024-01-31 18:40:16,1.18,Davinder’s Apple Watch|johnspartan
2024-01-31 18:40:17,1.18,Davinder’s Apple Watch|johnspartan
2024-01-31 18:40:18,1.18,Davinder’s Apple Watch|johnspartan
2024-01-31 18:40:19,1.18,Davinder’s Apple Watch|johnspartan
2024-01-31 18:40:20,1.18,Davinder’s Apple Watch|johnspartan
2024-01-31 18:40:21,1.18,Davinder’s Apple Watch|johnspartan
2024-01-31 18:40:22,1.18,Davinder’s Apple Watch|johnspartan
2024-01-31 18:40:23,1.18,Davinder’s Apple Watch|johnspartan
2024-01-31 18:40:24,1.18,Davinder’s Apple Watch|johnspartan
2024-01-31 18:40:25,1.18,Davinder’s Apple Watch|johnspartan
2024-01-31 18:40:26,1.18,Davinder’s Apple Watch|johnspartan
2024-01-31 18:40:27,1.18,Davinder’s Apple Watch|johnspartan
2024-01-31 18:40:28,1.18,Davinder’s Apple Watch|johnspartan
2024-01-31 18:40:29,1.18,Davinder’s Apple Watch|johnspartan
2024-01-31 18:40:30,1.18,Davinder’s Apple Watch|johnspartan
2024-01-31 18:40:31,1.18,Davinder’s Apple Watch|johnspartan
2024-01-31 18:40:32,1.18,Davinder’s Apple Watch|johnspartan
2024-01-31 18:40:33,1.18,Davinder’s Apple Watch|johnspartan
2024-01-31 18:40:34,1.18,Davinder’s Apple Watch|johnspartan
2024-01-31 18:40:35,1.18,Davinder’s Apple Watch|johnspartan
2024-01-31 18:40:36,1.18,Davinder’s Apple Watch|johnspartan
2024-01-31 18:40:37,1.18,Davinder’s Apple Watch|johnspartan
2024-01-31 18:40:38,1.18,Davinder’s Apple Watch|johnspartan
2024-01-31 18:40:39,1.18,Davinder’s Apple Watch|johnspartan
2024-01-31 18:40:40,1.18,Davinder’s Apple Watch|johnspartan
2024-01-31 18:40:41,1.18,Davinder’s Apple Watch|johnspartan
2024-01-31 18:40:42,1.18,Davinder’s Apple Watch|johnspartan
2024-01-31 18:40:43,1.18,Davinder’s Apple Watch|johnspartan
2024-01-31 18:40:44,1.18,Davinder’s Apple Watch|johnspartan
2024-01-31 18:40:45,1.18,Davinder’s Apple Watch|johnspartan
2024-01-31 18:40:46,1.18,Davinder’s Apple Watch|johnspartan
2024-01-31 18:40:47,1.18,Davinder’s Apple Watch|johnspartan
2024-01-31 18:40:48,1.18,Davinder’s Apple Watch|johnspartan
2024-01-31 18:40:49,1.18,Davinder’s Apple Watch|johnspartan
2024-01-31 18:40:50,1.18,Davinder’s Apple Watch|johnspartan
2024-01-31 18:40:51,1.18,Davinder’s Apple Watch|johnspartan
2024-01-31 18:40:52,1.18,Davinder’s Apple Watch|johnspartan
2024-01-31 18:40:53,1.18,Davinder’s Apple Watch|johnspartan
2024-01-31 18:40:54,1.18,Davinder’s Apple Watch|johnspartan
2024-01-31 18:40:55,1.18,Davinder’s Apple Watch|johnspartan
2024-01-31 18:40:56,1.18,Davinder’s Apple Watch|johnspartan
2024-01-31 18:40:57,1.18,Davinder’s Apple Watch|johnspartan
2024-01-31 18:40:58,1.18,Davinder’s Apple Watch|johnspartan
2024-01-31 18:40:59,1.18,Davinder’s Apple Watch|johnspartan
2024-01-31 18:41:00,1.18,Davinder’s Apple Watch|johnspartan
2024-01-31 18:41:01,1.18,Davinder’s Apple Watch|johnspartan
2024-01-31 18:41:02,1.18,Davinder’s Apple Watch|johnspartan
2024-01-31 18:41:03,1.18,Davinder’s Apple Watch|johnspartan
2024-01-31 18:41:04,1.18,Davinder’s Apple Watch|johnspartan
2024-01-31 18:41:05,1.18,Davinder’s Apple Watch|johnspartan
2024-01-31 18:41:06,1.18,Davinder’s Apple Watch|johnspartan
2024-01-31 18:41:07,1.18,Davinder’s Apple Watch|johnspartan
2024-01-31 18:41:08,1.18,Davinder’s Apple Watch|johnspartan
2024-01-31 18:41:09,1.18,Davinder’s Apple Watch|johnspartan
2024-01-31 18:41:10,1.18,Davinder’s Apple Watch|johnspartan
2024-01-31 18:41:11,1.18,Davinder’s Apple Watch|johnspartan
2024-01-31 18:41:12,1.18,Davinder’s Apple Watch|johnspartan
2024-01-31 18:41:13,1.18,Davinder’s Apple Watch|johnspartan
2024-01-31 18:41:14,1.18,Davinder’s Apple Watch|johnspartan
2024-01-31 18:41:15,1.18,Davinder’s Apple Watch|johnspartan
2024-01-31 18:41:16,1.18,Davinder’s Apple Watch|johnspartan
2024-01-31 18:41:17,1.18,Davinder’s Apple Watch|johnspartan
2024-01-31 18:41:18,1.18,Davinder’s Apple Watch|johnspartan
2024-01-31 18:41:19,1.18,Davinder’s Apple Watch|johnspartan
2024-01-31 18:41:20,1.18,Davinder’s Apple Watch|johnspartan
2024-01-31 18:41:21,1.18,Davinder’s Apple Watch|johnspartan
2024-01-31 18:41:22,1.18,Davinder’s Apple Watch|johnspartan
2024-01-31 18:41:23,1.18,Davinder’s Apple Watch|johnspartan
2024-01-31 18:41:24,1.18,Davinder’s Apple Watch|johnspartan
2024-01-31 18:41:25,1.18,Davinder’s Apple Watch|johnspartan
2024-01-31 18:41:26,1.18,Davinder’s Apple Watch|johnspartan
2024-01-31 18:41:27,1.18,Davinder’s Apple Watch|johnspartan
2024-01-31 18:41:28,1.18,Davinder’s Apple Watch|johnspartan
2024-01-31 18:41:29,1.18,Davinder’s Apple Watch|johnspartan
2024-01-31 18:41:30,1.18,Davinder’s Apple Watch|johnspartan
2024-01-31 18:41:31,1.18,Davinder’s Apple Watch|johnspartan
2024-01-31 18:41:32,1.18,Davinder’s Apple Watch|johnspartan
2024-01-31 18:41:33,1.18,Davinder’s Apple Watch|johnspartan
2024-01-31 18:41:34,1.18,Davinder’s Apple Watch|johnspartan
2024-01-31 18:41:35,1.18,Davinder’s Apple Watch|johnspartan
2024-01-31 18:41:36,1.18,Davinder’s Apple Watch|johnspartan
2024-01-31 18:41:37,1.18,Davinder’s Apple Watch|johnspartan
2024-01-31 18:41:38,1.18,Davinder’s Apple Watch|johnspartan
2024-01-31 18:41:39,1.18,Davinder’s Apple Watch|johnspartan
2024-01-31 18:41:40,1.18,Davinder’s Apple Watch|johnspartan
2024-01-31 18:41:41,1.18,Davinder’s Apple Watch|johnspartan
2024-01-31 18:41:42,1.18,Davinder’s Apple Watch|johnspartan
2024-01-31 18:41:43,1.18,Davinder’s Apple Watch|johnspartan
2024-01-31 18:41:44,1.18,Davinder’s Apple Watch|johnspartan
2024-01-31 18:41:45,1.18,Davinder’s Apple Watch|johnspartan
2024-01-31 18:41:46,1.18,Davinder’s Apple Watch|johnspartan
2024-01-31 18:41:47,1.18,Davinder’s Apple Watch|johnspartan
2024-01-31 18:41:48,1.18,Davinder’s Apple Watch|johnspartan
2024-01-31 18:41:49,1.18,Davinder’s Apple Watch|johnspartan
2024-01-31 18:41:50,1.18,Davinder’s Apple Watch|johnspartan
2024-01-31 18:41:51,1.18,Davinder’s Apple Watch|johnspartan
2024-01-31 18:41:52,1.18,Davinder’s Apple Watch|johnspartan
2024-01-31 18:41:53,1.18,Davinder’s Apple Watch|johnspartan
2024-01-31 18:41:54,1.18,Davinder’s Apple Watch|johnspartan
2024-01-31 18:41:55,1.18,Davinder’s Apple Watch|johnspartan
2024-01-31 18:41:56,1.18,Davinder’s Apple Watch|johnspartan
2024-01-31 18:41:57,1.18,Davinder’s Apple Watch|johnspartan
2024-01-31 18:41:58,1.18,Davinder’s Apple Watch|johnspartan
2024-01-31 18:41:59,1.18,Davinder’s Apple Watch|johnspartan
2024-01-31 18:42:00,1.18,Davinder’s Apple Watch|johnspartan
2024-01-31 18:42:01,1.18,Davinder’s Apple Watch|johnspartan
2024-01-31 18:42:02,1.18,Davinder’s Apple Watch|johnspartan
2024-01-31 18:42:03,1.18,Davinder’s Apple Watch|johnspartan
2024-01-31 18:42:04,1.18,Davinder’s Apple Watch|johnspartan
2024-01-31 18:42:05,1.18,Davinder’s Apple Watch|johnspartan
2024-01-31 18:42:06,1.18,Davinder’s Apple Watch|johnspartan
2024-01-31 18:42:07,1.18,Davinder’s Apple Watch|johnspartan
2024-01-31 18:42:08,1.18,Davinder’s Apple Watch|johnspartan
2024-01-31 18:42:09,1.18,Davinder’s Apple Watch|johnspartan
2024-01-31 18:42:10,1.18,Davinder’s Apple Watch|johnspartan
2024-01-31 18:42:11,1.18,Davinder’s Apple Watch|johnspartan
2024-01-31 18:42:12,1.18,Davinder’s Apple Watch|johnspartan
2024-01-31 18:42:13,1.18,Davinder’s Apple Watch|johnspartan
2024-01-31 18:42:14,1.18,Davinder’s Apple Watch|johnspartan
2024-01-31 18:42:15,1.18,Davinder’s Apple Watch|johnspartan
2024-01-31 18:42:16,1.18,Davinder’s Apple Watch|johnspartan
2024-01-31 18:42:17,1.18,Davinder’s Apple Watch|johnspartan
2024-01-31 18:42:18,1.18,Davinder’s Apple Watch|johnspartan
2024-01-31 18:42:19,1.18,Davinder’s Apple Watch|johnspartan
2024-01-31 18:42:20,1.18,Davinder’s Apple Watch|johnspartan
2024-01-31 18:42:21,1.18,Davinder’s Apple Watch|johnspartan
2024-01-31 18:42:22,1.18,Davinder’s Apple Watch|johnspartan
2024-01-31 18:42:23,1.18,Davinder’s Apple Watch|johnspartan
2024-01-31 18:42:24,1.18,Davinder’s Apple Watch|johnspartan
2024-01-31 18:42:25,1.18,Davinder’s Apple Watch|johnspartan
2024-01-31 18:42:26,1.18,Davinder’s Apple Watch|johnspartan
2024-01-31 18:42:27,1.18,Davinder’s Apple Watch|johnspartan
2024-01-31 18:42:28,1.18,Davinder’s Apple Watch|johnspartan
2024-01-31 18:42:29,1.18,Davinder’s Apple Watch|johnspartan
2024-01-31 18:42:30,1.18,Davinder’s Apple Watch|johnspartan
2024-01-31 18:42:31,1.18,Davinder’s Apple Watch|johnspartan
2024-01-31 18:42:32,1.18,Davinder’s Apple Watch|johnspartan
2024-01-31 18:42:33,1.18,Davinder’s Apple Watch|johnspartan
2024-01-31 18:42:34,1.18,Davinder’s Apple Watch|johnspartan
2024-01-31 18:42:35,1.18,Davinder’s Apple Watch|johnspartan
2024-01-31 18:42:36,1.18,Davinder’s Apple Watch|johnspartan
2024-01-31 18:42:37,1.18,Davinder’s Apple Watch|johnspartan
2024-01-31 18:42:38,1.18,Davinder’s Apple Watch|johnspartan
2024-01-31 18:42:39,1.18,Davinder’s Apple Watch|johnspartan
2024-01-31 18:42:40,1.18,Davinder’s Apple Watch|johnspartan
2024-01-31 18:42:41,1.18,Davinder’s Apple Watch|johnspartan
2024-01-31 18:42:42,1.18,Davinder’s Apple Watch|johnspartan
2024-01-31 18:42:43,1.18,Davinder’s Apple Watch|johnspartan
2024-01-31 18:42:44,1.18,Davinder’s Apple Watch|johnspartan
2024-01-31 18:42:45,1.18,Davinder’s Apple Watch|johnspartan
2024-01-31 18:42:46,1.18,Davinder’s Apple Watch|johnspartan
2024-01-31 18:42:47,1.18,Davinder’s Apple Watch|johnspartan
2024-01-31 18:42:48,1.18,Davinder’s Apple Watch|johnspartan
2024-01-31 18:42:49,1.18,Davinder’s Apple Watch|johnspartan
2024-01-31 18:42:50,1.18,Davinder’s Apple Watch|johnspartan
2024-01-31 18:42:51,1.18,Davinder’s Apple Watch|johnspartan
2024-01-31 18:42:52,1.18,Davinder’s Apple Watch|johnspartan
2024-01-31 18:42:53,1.18,Davinder’s Apple Watch|johnspartan
2024-01-31 18:42:54,1.18,Davinder’s Apple Watch|johnspartan
2024-01-31 18:42:55,1.18,Davinder’s Apple Watch|johnspartan
2024-01-31 18:42:56,1.18,Davinder’s Apple Watch|johnspartan
2024-01-31 18:42:57,1.18,Davinder’s Apple Watch|johnspartan
2024-01-31 18:42:58,1.18,Davinder’s Apple Watch|johnspartan
2024-01-31 18:42:59,1.18,Davinder’s Apple Watch|johnspartan
2024-01-31 18:43:00,1.18,Davinder’s Apple Watch|johnspartan
2024-01-31 18:43:01,1.18,Davinder’s Apple Watch|johnspartan
2024-01-31 18:43:02,1.18,Davinder’s Apple Watch|johnspartan
2024-01-31 18:43:03,1.18,Davinder’s Apple Watch|johnspartan
2024-01-31 18:43:04,1.18,Davinder’s Apple Watch|johnspartan
2024-01-31 18:43:05,1.18,Davinder’s Apple Watch|johnspartan
2024-01-31 18:43:06,1.18,Davinder’s Apple Watch|johnspartan
2024-01-31 18:43:07,1.18,Davinder’s Apple Watch|johnspartan
2024-01-31 18:43:08,1.18,Davinder’s Apple Watch|johnspartan
2024-01-31 18:43:09,1.18,Davinder’s Apple Watch|johnspartan
2024-01-31 18:43:10,1.18,Davinder’s Apple Watch|johnspartan
2024-01-31 18:43:11,1.18,Davinder’s Apple Watch|johnspartan
2024-01-31 18:43:12,1.18,Davinder’s Apple Watch|johnspartan
2024-01-31 18:43:13,1.18,Davinder’s Apple Watch|johnspartan
2024-01-31 18:43:14,1.18,Davinder’s Apple Watch|johnspartan
2024-01-31 18:43:15,1.18,Davinder’s Apple Watch|johnspartan
2024-01-31 18:43:16,1.18,Davinder’s Apple Watch|johnspartan
2024-01-31 18:43:17,1.18,Davinder’s Apple Watch|johnspartan
2024-01-31 18:43:18,1.18,Davinder’s Apple Watch|johnspartan
2024-01-31 18:43:19,1.18,Davinder’s Apple Watch|johnspartan
2024-01-31 18:43:20,1.18,Davinder’s Apple Watch|johnspartan
2024-01-31 18:43:21,1.18,Davinder’s Apple Watch|johnspartan
2024-01-31 18:43:22,1.18,Davinder’s Apple Watch|johnspartan
2024-01-31 18:43:23,1.18,Davinder’s Apple Watch|johnspartan
2024-01-31 18:43:24,1.18,Davinder’s Apple Watch|johnspartan
2024-01-31 18:43:25,1.18,Davinder’s Apple Watch|johnspartan
2024-01-31 18:43:26,1.18,Davinder’s Apple Watch|johnspartan
2024-01-31 18:43:27,1.18,Davinder’s Apple Watch|johnspartan
2024-01-31 18:43:28,1.18,Davinder’s Apple Watch|johnspartan
2024-01-31 18:43:29,1.18,Davinder’s Apple Watch|johnspartan
2024-01-31 18:43:30,1.18,Davinder’s Apple Watch|johnspartan
2024-01-31 18:43:31,1.18,Davinder’s Apple Watch|johnspartan
2024-01-31 18:43:32,1.18,Davinder’s Apple Watch|johnspartan
2024-01-31 18:43:33,1.18,Davinder’s Apple Watch|johnspartan
2024-01-31 18:43:34,1.18,Davinder’s Apple Watch|johnspartan
2024-01-31 18:43:35,1.18,Davinder’s Apple Watch|johnspartan
2024-01-31 18:43:36,1.18,Davinder’s Apple Watch|johnspartan
2024-01-31 18:43:37,1.18,Davinder’s Apple Watch|johnspartan
2024-01-31 18:43:38,1.18,Davinder’s Apple Watch|johnspartan
2024-01-31 18:43:39,1.18,Davinder’s Apple Watch|johnspartan
2024-01-31 18:43:40,1.18,Davinder’s Apple Watch|johnspartan
2024-01-31 18:43:41,1.18,Davinder’s Apple Watch|johnspartan
2024-01-31 18:43:42,1.18,Davinder’s Apple Watch|johnspartan
2024-01-31 18:43:43,1.18,Davinder’s Apple Watch|johnspartan
2024-01-31 18:43:44,1.18,Davinder’s Apple Watch|johnspartan
2024-01-31 18:43:45,1.18,Davinder’s Apple Watch|johnspartan
2024-01-31 18:43:46,1.18,Davinder’s Apple Watch|johnspartan
2024-01-31 18:43:47,1.18,Davinder’s Apple Watch|johnspartan
2024-01-31 18:43:48,1.18,Davinder’s Apple Watch|johnspartan
2024-01-31 18:43:49,1.18,Davinder’s Apple Watch|johnspartan
2024-01-31 18:43:50,1.18,Davinder’s Apple Watch|johnspartan
2024-01-31 18:43:51,1.18,Davinder’s Apple Watch|johnspartan
2024-01-31 18:43:52,1.18,Davinder’s Apple Watch|johnspartan
2024-01-31 18:43:53,1.18,Davinder’s Apple Watch|johnspartan
2024-01-31 18:43:54,1.18,Davinder’s Apple Watch|johnspartan
2024-01-31 18:43:55,1.18,Davinder’s Apple Watch|johnspartan
2024-01-31 18:43:56,1.18,Davinder’s Apple Watch|johnspartan
2024-01-31 18:43:57,1.18,Davinder’s Apple Watch|johnspartan
2024-01-31 18:43:58,1.18,Davinder’s Apple Watch|johnspartan
2024-01-31 18:43:59,1.18,Davinder’s Apple Watch|johnspartan
2024-01-31 18:44:00,1.18,Davinder’s Apple Watch|johnspartan
2024-01-31 18:44:01,1.18,Davinder’s Apple Watch|johnspartan
2024-01-31 18:44:02,1.18,Davinder’s Apple Watch|johnspartan
2024-01-31 18:44:03,1.18,Davinder’s Apple Watch|johnspartan
2024-01-31 18:44:04,1.18,Davinder’s Apple Watch|johnspartan
2024-01-31 18:44:05,1.18,Davinder’s Apple Watch|johnspartan
2024-01-31 18:44:06,1.18,Davinder’s Apple Watch|johnspartan
2024-01-31 18:44:07,1.18,Davinder’s Apple Watch|johnspartan
2024-01-31 18:44:08,1.18,Davinder’s Apple Watch|johnspartan
2024-01-31 18:44:09,1.18,Davinder’s Apple Watch|johnspartan
2024-01-31 18:44:10,1.18,Davinder’s Apple Watch|johnspartan
2024-01-31 18:44:11,1.18,Davinder’s Apple Watch|johnspartan
2024-01-31 18:44:12,1.18,Davinder’s Apple Watch|johnspartan
2024-01-31 18:44:13,1.18,Davinder’s Apple Watch|johnspartan
2024-01-31 18:44:14,1.18,Davinder’s Apple Watch|johnspartan
2024-01-31 18:44:15,1.18,Davinder’s Apple Watch|johnspartan
2024-01-31 18:44:16,1.18,Davinder’s Apple Watch|johnspartan
2024-01-31 18:44:17,1.18,Davinder’s Apple Watch|johnspartan
2024-01-31 18:44:18,1.18,Davinder’s Apple Watch|johnspartan
2024-01-31 18:44:19,1.18,Davinder’s Apple Watch|johnspartan
2024-01-31 18:44:20,1.18,Davinder’s Apple Watch|johnspartan
2024-01-31 18:44:21,1.18,Davinder’s Apple Watch|johnspartan
2024-01-31 18:44:22,1.18,Davinder’s Apple Watch|johnspartan
2024-01-31 18:44:23,1.18,Davinder’s Apple Watch|johnspartan
2024-01-31 18:44:24,1.18,Davinder’s Apple Watch|johnspartan
2024-01-31 18:44:25,1.18,Davinder’s Apple Watch|johnspartan
2024-01-31 18:44:26,1.18,Davinder’s Apple Watch|johnspartan
2024-01-31 18:44:27,1.18,Davinder’s Apple Watch|johnspartan
2024-01-31 18:44:28,1.18,Davinder’s Apple Watch|johnspartan
2024-01-31 18:44:29,1.18,Davinder’s Apple Watch|johnspartan
2024-01-31 18:44:30,1.18,Davinder’s Apple Watch|johnspartan
2024-01-31 18:44:31,1.18,Davinder’s Apple Watch|johnspartan
2024-01-31 18:44:32,1.18,Davinder’s Apple Watch|johnspartan
2024-01-31 18:44:33,1.18,Davinder’s Apple Watch|johnspartan
2024-01-31 18:44:34,1.18,Davinder’s Apple Watch|johnspartan
2024-01-31 18:44:35,1.18,Davinder’s Apple Watch|johnspartan
2024-01-31 18:44:36,1.18,Davinder’s Apple Watch|johnspartan
2024-01-31 18:44:37,1.18,Davinder’s Apple Watch|johnspartan
2024-01-31 18:44:38,1.18,Davinder’s Apple Watch|johnspartan
2024-01-31 18:44:39,1.18,Davinder’s Apple Watch|johnspartan
2024-01-31 18:44:40,1.18,Davinder’s Apple Watch|johnspartan
2024-01-31 18:44:41,1.18,Davinder’s Apple Watch|johnspartan
2024-01-31 18:44:42,1.18,Davinder’s Apple Watch|johnspartan
2024-01-31 18:44:43,1.18,Davinder’s Apple Watch|johnspartan
2024-01-31 18:44:44,1.18,Davinder’s Apple Watch|johnspartan
2024-01-31 18:44:45,1.18,Davinder’s Apple Watch|johnspartan
2024-01-31 18:44:46,1.18,Davinder’s Apple Watch|johnspartan
2024-01-31 18:44:47,1.18,Davinder’s Apple Watch|johnspartan
2024-01-31 18:44:48,1.18,Davinder’s Apple Watch|johnspartan
2024-01-31 18:44:49,1.18,Davinder’s Apple Watch|johnspartan
2024-01-31 18:44:50,1.18,Davinder’s Apple Watch|johnspartan
2024-01-31 18:44:51,1.18,Davinder’s Apple Watch|johnspartan
2024-01-31 18:44:52,1.18,Davinder’s Apple Watch|johnspartan
2024-01-31 18:44:53,1.18,Davinder’s Apple Watch|johnspartan
2024-01-31 18:44:54,1.18,Davinder’s Apple Watch|johnspartan
2024-01-31 18:44:55,1.18,Davinder’s Apple Watch|johnspartan
2024-01-31 18:44:56,1.18,Davinder’s Apple Watch|johnspartan
2024-01-31 18:44:57,1.18,Davinder’s Apple Watch|johnspartan
2024-01-31 18:44:58,1.18,Davinder’s Apple Watch|johnspartan
2024-01-31 18:44:59,1.18,Davinder’s Apple Watch|johnspartan
2024-01-31 18:45:00,1.18,Davinder’s Apple Watch|johnspartan
2024-01-31 18:45:01,1.18,Davinder’s Apple Watch|johnspartan
2024-01-31 18:45:02,1.17,Davinder’s Apple Watch|johnspartan
2024-01-31 18:45:03,1.06,Davinder’s Apple Watch|johnspartan
2024-01-31 18:45:04,1.06,Davinder’s Apple Watch|johnspartan
2024-01-31 18:45:05,1.06,Davinder’s Apple Watch|johnspartan
2024-01-31 18:45:06,1.06,Davinder’s Apple Watch|johnspartan
2024-01-31 18:45:07,1.06,Davinder’s Apple Watch|johnspartan
2024-01-31 18:45:08,1.06,Davinder’s Apple Watch|johnspartan
2024-01-31 18:45:09,1.06,Davinder’s Apple Watch|johnspartan
2024-01-31 18:45:10,1.06,Davinder’s Apple Watch|johnspartan
2024-01-31 18:45:11,1.06,Davinder’s Apple Watch|johnspartan
2024-01-31 18:45:12,1.06,Davinder’s Apple Watch|johnspartan
2024-01-31 18:45:13,1.06,Davinder’s Apple Watch|johnspartan
2024-01-31 18:45:14,1.06,Davinder’s Apple Watch|johnspartan
2024-01-31 18:45:15,1.06,Davinder’s Apple Watch|johnspartan
2024-01-31 18:45:16,1.06,Davinder’s Apple Watch|johnspartan
2024-01-31 18:45:17,1.06,Davinder’s Apple Watch|johnspartan
2024-01-31 18:45:18,1.06,Davinder’s Apple Watch|johnspartan
2024-01-31 18:45:19,1.06,Davinder’s Apple Watch|johnspartan
2024-01-31 18:45:20,1.06,Davinder’s Apple Watch|johnspartan
2024-01-31 18:45:21,1.06,Davinder’s Apple Watch|johnspartan
2024-01-31 18:45:22,1.06,Davinder’s Apple Watch|johnspartan
2024-01-31 18:45:23,1.06,Davinder’s Apple Watch|johnspartan
2024-01-31 18:45:24,1.06,Davinder’s Apple Watch|johnspartan
2024-01-31 18:45:25,1.06,Davinder’s Apple Watch|johnspartan
2024-01-31 18:45:26,1.06,Davinder’s Apple Watch|johnspartan
2024-01-31 18:45:27,1.06,Davinder’s Apple Watch|johnspartan
2024-01-31 18:45:28,1.06,Davinder’s Apple Watch|johnspartan
2024-01-31 18:45:29,1.06,Davinder’s Apple Watch|johnspartan
2024-01-31 18:45:30,1.06,Davinder’s Apple Watch|johnspartan
2024-01-31 18:45:31,1.06,Davinder’s Apple Watch|johnspartan
2024-01-31 18:45:32,1.06,Davinder’s Apple Watch|johnspartan
2024-01-31 18:45:33,1.06,Davinder’s Apple Watch|johnspartan
2024-01-31 18:45:34,1.06,Davinder’s Apple Watch|johnspartan
2024-01-31 18:45:35,1.06,Davinder’s Apple Watch|johnspartan
2024-01-31 18:45:36,1.06,Davinder’s Apple Watch|johnspartan
2024-01-31 18:45:37,1.06,Davinder’s Apple Watch|johnspartan
2024-01-31 18:45:38,1.06,Davinder’s Apple Watch|johnspartan
2024-01-31 18:45:39,1.06,Davinder’s Apple Watch|johnspartan
2024-01-31 18:45:40,1.06,Davinder’s Apple Watch|johnspartan
2024-01-31 18:45:41,1.06,Davinder’s Apple Watch|johnspartan
2024-01-31 18:45:42,1.06,Davinder’s Apple Watch|johnspartan
2024-01-31 18:45:43,1.06,Davinder’s Apple Watch|johnspartan
2024-01-31 18:45:44,1.06,Davinder’s Apple Watch|johnspartan
2024-01-31 18:45:45,1.06,Davinder’s Apple Watch|johnspartan
2024-01-31 18:45:46,1.06,Davinder’s Apple Watch|johnspartan
2024-01-31 18:45:47,1.06,Davinder’s Apple Watch|johnspartan
2024-01-31 18:45:48,1.06,Davinder’s Apple Watch|johnspartan
2024-01-31 18:45:49,1.06,Davinder’s Apple Watch|johnspartan
2024-01-31 18:45:50,1.06,Davinder’s Apple Watch|johnspartan
2024-01-31 18:45:51,1.06,Davinder’s Apple Watch|johnspartan
2024-01-31 18:45:52,1.06,Davinder’s Apple Watch|johnspartan
2024-01-31 18:45:53,1.06,Davinder’s Apple Watch|johnspartan
2024-01-31 18:45:54,1.06,Davinder’s Apple Watch|johnspartan
2024-01-31 18:45:55,1.06,Davinder’s Apple Watch|johnspartan
2024-01-31 18:45:56,1.06,Davinder’s Apple Watch|johnspartan
2024-01-31 18:45:57,1.06,Davinder’s Apple Watch|johnspartan
2024-01-31 18:45:58,1.06,Davinder’s Apple Watch|johnspartan
2024-01-31 18:45:59,1.06,Davinder’s Apple Watch|johnspartan
2024-01-31 18:46:00,1.06,Davinder’s Apple Watch|johnspartan
2024-01-31 18:46:01,1.06,Davinder’s Apple Watch|johnspartan
2024-01-31 18:46:02,1.18,Davinder’s Apple Watch|johnspartan
2024-01-31 18:46:03,1.21,Davinder’s Apple Watch|johnspartan
2024-01-31 18:46:04,1.21,Davinder’s Apple Watch|johnspartan
2024-01-31 18:46:05,1.21,Davinder’s Apple Watch|johnspartan
2024-01-31 18:46:06,1.21,Davinder’s Apple Watch|johnspartan
2024-01-31 18:46:07,1.21,Davinder’s Apple Watch|johnspartan
2024-01-31 18:46:08,1.21,Davinder’s Apple Watch|johnspartan
2024-01-31 18:46:09,1.21,Davinder’s Apple Watch|johnspartan
2024-01-31 18:46:10,1.21,Davinder’s Apple Watch|johnspartan
2024-01-31 18:46:11,1.21,Davinder’s Apple Watch|johnspartan
2024-01-31 18:46:12,1.21,Davinder’s Apple Watch|johnspartan
2024-01-31 18:46:13,1.21,Davinder’s Apple Watch|johnspartan
2024-01-31 18:46:14,1.21,Davinder’s Apple Watch|johnspartan
2024-01-31 18:46:15,1.21,Davinder’s Apple Watch|johnspartan
2024-01-31 18:46:16,1.21,Davinder’s Apple Watch|johnspartan
2024-01-31 18:46:17,1.21,Davinder’s Apple Watch|johnspartan
2024-01-31 18:46:18,1.21,Davinder’s Apple Watch|johnspartan
2024-01-31 18:46:19,1.21,Davinder’s Apple Watch|johnspartan
2024-01-31 18:46:20,1.21,Davinder’s Apple Watch|johnspartan
2024-01-31 18:46:21,1.21,Davinder’s Apple Watch|johnspartan
2024-01-31 18:46:22,1.21,Davinder’s Apple Watch|johnspartan
2024-01-31 18:46:23,1.21,Davinder’s Apple Watch|johnspartan
2024-01-31 18:46:24,1.21,Davinder’s Apple Watch|johnspartan
2024-01-31 18:46:25,1.21,Davinder’s Apple Watch|johnspartan
2024-01-31 18:46:26,1.21,Davinder’s Apple Watch|johnspartan
2024-01-31 18:46:27,1.21,Davinder’s Apple Watch|johnspartan
2024-01-31 18:46:28,1.21,Davinder’s Apple Watch|johnspartan
2024-01-31 18:46:29,1.21,Davinder’s Apple Watch|johnspartan
2024-01-31 18:46:30,1.21,Davinder’s Apple Watch|johnspartan
2024-01-31 18:46:31,1.21,Davinder’s Apple Watch|johnspartan
2024-01-31 18:46:32,1.21,Davinder’s Apple Watch|johnspartan
2024-01-31 18:46:33,1.21,Davinder’s Apple Watch|johnspartan
2024-01-31 18:46:34,1.21,Davinder’s Apple Watch|johnspartan
2024-01-31 18:46:35,1.21,Davinder’s Apple Watch|johnspartan
2024-01-31 18:46:36,1.21,Davinder’s Apple Watch|johnspartan
2024-01-31 18:46:37,1.21,Davinder’s Apple Watch|johnspartan
2024-01-31 18:46:38,1.21,Davinder’s Apple Watch|johnspartan
2024-01-31 18:46:39,1.21,Davinder’s Apple Watch|johnspartan
2024-01-31 18:46:40,1.21,Davinder’s Apple Watch|johnspartan
2024-01-31 18:46:41,1.21,Davinder’s Apple Watch|johnspartan
2024-01-31 18:46:42,1.21,Davinder’s Apple Watch|johnspartan
2024-01-31 18:46:43,1.21,Davinder’s Apple Watch|johnspartan
2024-01-31 18:46:44,1.21,Davinder’s Apple Watch|johnspartan
2024-01-31 18:46:45,1.21,Davinder’s Apple Watch|johnspartan
2024-01-31 18:46:46,1.21,Davinder’s Apple Watch|johnspartan
2024-01-31 18:46:47,1.21,Davinder’s Apple Watch|johnspartan
2024-01-31 18:46:48,1.21,Davinder’s Apple Watch|johnspartan
2024-01-31 18:46:49,1.21,Davinder’s Apple Watch|johnspartan
2024-01-31 18:46:50,1.21,Davinder’s Apple Watch|johnspartan
2024-01-31 18:46:51,1.21,Davinder’s Apple Watch|johnspartan
2024-01-31 18:46:52,1.21,Davinder’s Apple Watch|johnspartan
2024-01-31 18:46:53,1.21,Davinder’s Apple Watch|johnspartan
2024-01-31 18:46:54,1.21,Davinder’s Apple Watch|johnspartan
2024-01-31 18:46:55,1.21,Davinder’s Apple Watch|johnspartan
2024-01-31 18:46:56,1.21,Davinder’s Apple Watch|johnspartan
2024-01-31 18:46:57,1.21,Davinder’s Apple Watch|johnspartan
2024-01-31 18:46:58,1.21,Davinder’s Apple Watch|johnspartan
2024-01-31 18:46:59,1.21,Davinder’s Apple Watch|johnspartan
2024-01-31 18:47:00,1.21,Davinder’s Apple Watch|johnspartan
2024-01-31 18:47:01,1.21,Davinder’s Apple Watch|johnspartan
2024-01-31 18:47:02,1.21,Davinder’s Apple Watch|johnspartan
2024-01-31 18:47:03,1.21,Davinder’s Apple Watch|johnspartan
2024-01-31 18:47:04,1.21,Davinder’s Apple Watch|johnspartan
2024-01-31 18:47:05,1.21,Davinder’s Apple Watch|johnspartan
2024-01-31 18:47:06,1.21,Davinder’s Apple Watch|johnspartan
2024-01-31 18:47:07,1.21,Davinder’s Apple Watch|johnspartan
2024-01-31 18:47:08,1.21,Davinder’s Apple Watch|johnspartan
2024-01-31 18:47:09,1.21,Davinder’s Apple Watch|johnspartan
2024-01-31 18:47:10,1.21,Davinder’s Apple Watch|johnspartan
2024-01-31 18:47:11,1.21,Davinder’s Apple Watch|johnspartan
2024-01-31 18:47:12,1.21,Davinder’s Apple Watch|johnspartan
2024-01-31 18:47:13,1.21,Davinder’s Apple Watch|johnspartan
2024-01-31 18:47:14,1.21,Davinder’s Apple Watch|johnspartan
2024-01-31 18:47:15,1.21,Davinder’s Apple Watch|johnspartan
2024-01-31 18:47:16,1.21,Davinder’s Apple Watch|johnspartan
2024-01-31 18:47:17,1.21,Davinder’s Apple Watch|johnspartan
2024-01-31 18:47:18,1.21,Davinder’s Apple Watch|johnspartan
2024-01-31 18:47:19,1.21,Davinder’s Apple Watch|johnspartan
2024-01-31 18:47:20,1.21,Davinder’s Apple Watch|johnspartan
2024-01-31 18:47:21,1.21,Davinder’s Apple Watch|johnspartan
2024-01-31 18:47:22,1.21,Davinder’s Apple Watch|johnspartan
2024-01-31 18:47:23,1.21,Davinder’s Apple Watch|johnspartan
2024-01-31 18:47:24,1.21,Davinder’s Apple Watch|johnspartan
2024-01-31 18:47:25,1.21,Davinder’s Apple Watch|johnspartan
2024-01-31 18:47:26,1.21,Davinder’s Apple Watch|johnspartan
2024-01-31 18:47:27,1.21,Davinder’s Apple Watch|johnspartan
2024-01-31 18:47:28,1.21,Davinder’s Apple Watch|johnspartan
2024-01-31 18:47:29,1.21,Davinder’s Apple Watch|johnspartan
2024-01-31 18:47:30,1.21,Davinder’s Apple Watch|johnspartan
2024-01-31 18:47:31,1.21,Davinder’s Apple Watch|johnspartan
2024-01-31 18:47:32,1.21,Davinder’s Apple Watch|johnspartan
2024-01-31 18:47:33,1.21,Davinder’s Apple Watch|johnspartan
2024-01-31 18:47:34,1.21,Davinder’s Apple Watch|johnspartan
2024-01-31 18:47:35,1.21,Davinder’s Apple Watch|johnspartan
2024-01-31 18:47:36,1.21,Davinder’s Apple Watch|johnspartan
2024-01-31 18:47:37,1.21,Davinder’s Apple Watch|johnspartan
2024-01-31 18:47:38,1.21,Davinder’s Apple Watch|johnspartan
2024-01-31 18:47:39,1.21,Davinder’s Apple Watch|johnspartan
2024-01-31 18:47:40,1.21,Davinder’s Apple Watch|johnspartan
2024-01-31 18:47:41,1.21,Davinder’s Apple Watch|johnspartan
2024-01-31 18:47:42,1.21,Davinder’s Apple Watch|johnspartan
2024-01-31 18:47:43,1.21,Davinder’s Apple Watch|johnspartan
2024-01-31 18:47:44,1.21,Davinder’s Apple Watch|johnspartan
2024-01-31 18:47:45,1.21,Davinder’s Apple Watch|johnspartan
2024-01-31 18:47:46,1.21,Davinder’s Apple Watch|johnspartan
2024-01-31 18:47:47,1.21,Davinder’s Apple Watch|johnspartan
2024-01-31 18:47:48,1.21,Davinder’s Apple Watch|johnspartan
2024-01-31 18:47:49,1.21,Davinder’s Apple Watch|johnspartan
2024-01-31 18:47:50,1.21,Davinder’s Apple Watch|johnspartan
2024-01-31 18:47:51,1.21,Davinder’s Apple Watch|johnspartan
2024-01-31 18:47:52,1.21,Davinder’s Apple Watch|johnspartan
2024-01-31 18:47:53,1.21,Davinder’s Apple Watch|johnspartan
2024-01-31 18:47:54,1.21,Davinder’s Apple Watch|johnspartan
2024-01-31 18:47:55,1.21,Davinder’s Apple Watch|johnspartan
2024-01-31 18:47:56,1.21,Davinder’s Apple Watch|johnspartan
2024-01-31 18:47:57,1.21,Davinder’s Apple Watch|johnspartan
2024-01-31 18:47:58,1.21,Davinder’s Apple Watch|johnspartan
2024-01-31 18:47:59,1.21,Davinder’s Apple Watch|johnspartan
2024-01-31 18:48:00,1.21,Davinder’s Apple Watch|johnspartan
2024-01-31 18:48:01,1.11,Davinder’s Apple Watch|johnspartan
2024-01-31 18:48:02,1.11,Davinder’s Apple Watch|johnspartan
2024-01-31 18:48:03,1.11,Davinder’s Apple Watch|johnspartan
2024-01-31 18:48:04,1.11,Davinder’s Apple Watch|johnspartan
2024-01-31 18:48:05,1.11,Davinder’s Apple Watch|johnspartan
2024-01-31 18:48:06,1.11,Davinder’s Apple Watch|johnspartan
2024-01-31 18:48:07,1.11,Davinder’s Apple Watch|johnspartan
2024-01-31 18:48:08,1.11,Davinder’s Apple Watch|johnspartan
2024-01-31 18:48:09,1.11,Davinder’s Apple Watch|johnspartan
2024-01-31 18:48:10,1.11,Davinder’s Apple Watch|johnspartan
2024-01-31 18:48:11,1.11,Davinder’s Apple Watch|johnspartan
2024-01-31 18:48:12,1.11,Davinder’s Apple Watch|johnspartan
2024-01-31 18:48:13,1.11,Davinder’s Apple Watch|johnspartan
2024-01-31 18:48:14,1.11,Davinder’s Apple Watch|johnspartan
2024-01-31 18:48:15,1.11,Davinder’s Apple Watch|johnspartan
2024-01-31 18:48:16,1.11,Davinder’s Apple Watch|johnspartan
2024-01-31 18:48:17,1.11,Davinder’s Apple Watch|johnspartan
2024-01-31 18:48:18,1.11,Davinder’s Apple Watch|johnspartan
2024-01-31 18:48:19,1.11,Davinder’s Apple Watch|johnspartan
2024-01-31 18:48:20,1.11,Davinder’s Apple Watch|johnspartan
2024-01-31 18:48:21,1.11,Davinder’s Apple Watch|johnspartan
2024-01-31 18:48:22,1.11,Davinder’s Apple Watch|johnspartan
2024-01-31 18:48:23,1.11,Davinder’s Apple Watch|johnspartan
2024-01-31 18:48:24,1.11,Davinder’s Apple Watch|johnspartan
2024-01-31 18:48:25,1.11,Davinder’s Apple Watch|johnspartan
2024-01-31 18:48:26,1.11,Davinder’s Apple Watch|johnspartan
2024-01-31 18:48:27,1.11,Davinder’s Apple Watch|johnspartan
2024-01-31 18:48:28,1.11,Davinder’s Apple Watch|johnspartan
2024-01-31 18:48:29,1.11,Davinder’s Apple Watch|johnspartan
2024-01-31 18:48:30,1.11,Davinder’s Apple Watch|johnspartan
2024-01-31 18:48:31,1.11,Davinder’s Apple Watch|johnspartan
2024-01-31 18:48:32,1.11,Davinder’s Apple Watch|johnspartan
2024-01-31 18:48:33,1.11,Davinder’s Apple Watch|johnspartan
2024-01-31 18:48:34,1.11,Davinder’s Apple Watch|johnspartan
2024-01-31 18:48:35,1.11,Davinder’s Apple Watch|johnspartan
2024-01-31 18:48:36,1.11,Davinder’s Apple Watch|johnspartan
2024-01-31 18:48:37,1.11,Davinder’s Apple Watch|johnspartan
2024-01-31 18:48:38,1.11,Davinder’s Apple Watch|johnspartan
2024-01-31 18:48:39,1.11,Davinder’s Apple Watch|johnspartan
2024-01-31 18:48:40,1.11,Davinder’s Apple Watch|johnspartan
2024-01-31 18:48:41,1.11,Davinder’s Apple Watch|johnspartan
2024-01-31 18:48:42,1.11,Davinder’s Apple Watch|johnspartan
2024-01-31 18:48:43,1.11,Davinder’s Apple Watch|johnspartan
2024-01-31 18:48:44,1.11,Davinder’s Apple Watch|johnspartan
2024-01-31 18:48:45,1.11,Davinder’s Apple Watch|johnspartan
2024-01-31 18:48:46,1.11,Davinder’s Apple Watch|johnspartan
2024-01-31 18:48:47,1.11,Davinder’s Apple Watch|johnspartan
2024-01-31 18:48:48,1.11,Davinder’s Apple Watch|johnspartan
2024-01-31 18:48:49,1.11,Davinder’s Apple Watch|johnspartan
2024-01-31 18:48:50,1.11,Davinder’s Apple Watch|johnspartan
2024-01-31 18:48:51,1.11,Davinder’s Apple Watch|johnspartan
2024-01-31 18:48:52,1.11,Davinder’s Apple Watch|johnspartan
2024-01-31 18:48:53,1.11,Davinder’s Apple Watch|johnspartan
2024-01-31 18:48:54,1.11,Davinder’s Apple Watch|johnspartan
2024-01-31 18:48:55,1.11,Davinder’s Apple Watch|johnspartan
2024-01-31 18:48:56,1.11,Davinder’s Apple Watch|johnspartan
2024-01-31 18:48:57,1.11,Davinder’s Apple Watch|johnspartan
2024-01-31 18:48:58,1.11,Davinder’s Apple Watch|johnspartan
2024-01-31 18:48:59,1.11,Davinder’s Apple Watch|johnspartan
2024-01-31 18:49:00,1.19,Davinder’s Apple Watch|johnspartan
2024-01-31 18:49:01,1.21,Davinder’s Apple Watch|johnspartan
2024-01-31 18:49:02,1.21,Davinder’s Apple Watch|johnspartan
2024-01-31 18:49:03,1.21,Davinder’s Apple Watch|johnspartan
2024-01-31 18:49:04,1.21,Davinder’s Apple Watch|johnspartan
2024-01-31 18:49:05,1.21,Davinder’s Apple Watch|johnspartan
2024-01-31 18:49:06,1.21,Davinder’s Apple Watch|johnspartan
2024-01-31 18:49:07,1.21,Davinder’s Apple Watch|johnspartan
2024-01-31 18:49:08,1.21,Davinder’s Apple Watch|johnspartan
2024-01-31 18:49:09,1.21,Davinder’s Apple Watch|johnspartan
2024-01-31 18:49:10,1.21,Davinder’s Apple Watch|johnspartan
2024-01-31 18:49:11,1.21,Davinder’s Apple Watch|johnspartan
2024-01-31 18:49:12,1.21,Davinder’s Apple Watch|johnspartan
2024-01-31 18:49:13,1.21,Davinder’s Apple Watch|johnspartan
2024-01-31 18:49:14,1.21,Davinder’s Apple Watch|johnspartan
2024-01-31 18:49:15,1.21,Davinder’s Apple Watch|johnspartan
2024-01-31 18:49:16,1.21,Davinder’s Apple Watch|johnspartan
2024-01-31 18:49:17,1.21,Davinder’s Apple Watch|johnspartan
2024-01-31 18:49:18,1.21,Davinder’s Apple Watch|johnspartan
2024-01-31 18:49:19,1.21,Davinder’s Apple Watch|johnspartan
2024-01-31 18:49:20,1.21,Davinder’s Apple Watch|johnspartan
2024-01-31 18:49:21,1.21,Davinder’s Apple Watch|johnspartan
2024-01-31 18:49:22,1.21,Davinder’s Apple Watch|johnspartan
2024-01-31 18:49:23,1.21,Davinder’s Apple Watch|johnspartan
2024-01-31 18:49:24,1.21,Davinder’s Apple Watch|johnspartan
2024-01-31 18:49:25,1.21,Davinder’s Apple Watch|johnspartan
2024-01-31 18:49:26,1.21,Davinder’s Apple Watch|johnspartan
2024-01-31 18:49:27,1.21,Davinder’s Apple Watch|johnspartan
2024-01-31 18:49:28,1.21,Davinder’s Apple Watch|johnspartan
2024-01-31 18:49:29,1.21,Davinder’s Apple Watch|johnspartan
2024-01-31 18:49:30,1.21,Davinder’s Apple Watch|johnspartan
2024-01-31 18:49:31,1.21,Davinder’s Apple Watch|johnspartan
2024-01-31 18:49:32,1.21,Davinder’s Apple Watch|johnspartan
2024-01-31 18:49:33,1.21,Davinder’s Apple Watch|johnspartan
2024-01-31 18:49:34,1.21,Davinder’s Apple Watch|johnspartan
2024-01-31 18:49:35,1.21,Davinder’s Apple Watch|johnspartan
2024-01-31 18:49:36,1.21,Davinder’s Apple Watch|johnspartan
2024-01-31 18:49:37,1.21,Davinder’s Apple Watch|johnspartan
2024-01-31 18:49:38,1.21,Davinder’s Apple Watch|johnspartan
2024-01-31 18:49:39,1.21,Davinder’s Apple Watch|johnspartan
2024-01-31 18:49:40,1.21,Davinder’s Apple Watch|johnspartan
2024-01-31 18:49:41,1.21,Davinder’s Apple Watch|johnspartan
2024-01-31 18:49:42,1.21,Davinder’s Apple Watch|johnspartan
2024-01-31 18:49:43,1.21,Davinder’s Apple Watch|johnspartan
2024-01-31 18:49:44,1.21,Davinder’s Apple Watch|johnspartan
2024-01-31 18:49:45,1.21,Davinder’s Apple Watch|johnspartan
2024-01-31 18:49:46,1.21,Davinder’s Apple Watch|johnspartan
2024-01-31 18:49:47,1.21,Davinder’s Apple Watch|johnspartan
2024-01-31 18:49:48,1.21,Davinder’s Apple Watch|johnspartan
2024-01-31 18:49:49,1.21,Davinder’s Apple Watch|johnspartan
2024-01-31 18:49:50,1.21,Davinder’s Apple Watch|johnspartan
2024-01-31 18:49:51,1.21,Davinder’s Apple Watch|johnspartan
2024-01-31 18:49:52,1.21,Davinder’s Apple Watch|johnspartan
2024-01-31 18:49:53,1.21,Davinder’s Apple Watch|johnspartan
2024-01-31 18:49:54,1.21,Davinder’s Apple Watch|johnspartan
2024-01-31 18:49:55,1.21,Davinder’s Apple Watch|johnspartan
2024-01-31 18:49:56,1.21,Davinder’s Apple Watch|johnspartan
2024-01-31 18:49:57,1.21,Davinder’s Apple Watch|johnspartan
2024-01-31 18:49:58,1.21,Davinder’s Apple Watch|johnspartan
2024-01-31 18:49:59,1.18,Davinder’s Apple Watch|johnspartan
2024-01-31 18:50:00,1.13,Davinder’s Apple Watch|johnspartan
2024-01-31 18:50:01,1.13,Davinder’s Apple Watch|johnspartan
2024-01-31 18:50:02,1.13,Davinder’s Apple Watch|johnspartan
2024-01-31 18:50:03,1.13,Davinder’s Apple Watch|johnspartan
2024-01-31 18:50:04,1.13,Davinder’s Apple Watch|johnspartan
2024-01-31 18:50:05,1.13,Davinder’s Apple Watch|johnspartan
2024-01-31 18:50:06,1.13,Davinder’s Apple Watch|johnspartan
2024-01-31 18:50:07,1.13,Davinder’s Apple Watch|johnspartan
2024-01-31 18:50:08,1.13,Davinder’s Apple Watch|johnspartan
2024-01-31 18:50:09,1.13,Davinder’s Apple Watch|johnspartan
2024-01-31 18:50:10,1.13,Davinder’s Apple Watch|johnspartan
2024-01-31 18:50:11,1.13,Davinder’s Apple Watch|johnspartan
2024-01-31 18:50:12,1.13,Davinder’s Apple Watch|johnspartan
2024-01-31 18:50:13,1.13,Davinder’s Apple Watch|johnspartan
2024-01-31 18:50:14,1.13,Davinder’s Apple Watch|johnspartan
2024-01-31 18:50:15,1.13,Davinder’s Apple Watch|johnspartan
2024-01-31 18:50:16,1.13,Davinder’s Apple Watch|johnspartan
2024-01-31 18:50:17,1.13,Davinder’s Apple Watch|johnspartan
2024-01-31 18:50:18,1.13,Davinder’s Apple Watch|johnspartan
2024-01-31 18:50:19,1.13,Davinder’s Apple Watch|johnspartan
2024-01-31 18:50:20,1.13,Davinder’s Apple Watch|johnspartan
2024-01-31 18:50:21,1.13,Davinder’s Apple Watch|johnspartan
2024-01-31 18:50:22,1.13,Davinder’s Apple Watch|johnspartan
2024-01-31 18:50:23,1.13,Davinder’s Apple Watch|johnspartan
2024-01-31 18:50:24,1.13,Davinder’s Apple Watch|johnspartan
2024-01-31 18:50:25,1.13,Davinder’s Apple Watch|johnspartan
2024-01-31 18:50:26,1.13,Davinder’s Apple Watch|johnspartan
2024-01-31 18:50:27,1.13,Davinder’s Apple Watch|johnspartan
2024-01-31 18:50:28,1.13,Davinder’s Apple Watch|johnspartan
2024-01-31 18:50:29,1.13,Davinder’s Apple Watch|johnspartan
2024-01-31 18:50:30,1.13,Davinder’s Apple Watch|johnspartan
2024-01-31 18:50:31,1.13,Davinder’s Apple Watch|johnspartan
2024-01-31 18:50:32,1.13,Davinder’s Apple Watch|johnspartan
2024-01-31 18:50:33,1.13,Davinder’s Apple Watch|johnspartan
2024-01-31 18:50:34,1.13,Davinder’s Apple Watch|johnspartan
2024-01-31 18:50:35,1.13,Davinder’s Apple Watch|johnspartan
2024-01-31 18:50:36,1.13,Davinder’s Apple Watch|johnspartan
2024-01-31 18:50:37,1.13,Davinder’s Apple Watch|johnspartan
2024-01-31 18:50:38,1.13,Davinder’s Apple Watch|johnspartan
2024-01-31 18:50:39,1.13,Davinder’s Apple Watch|johnspartan
2024-01-31 18:50:40,1.13,Davinder’s Apple Watch|johnspartan
2024-01-31 18:50:41,1.13,Davinder’s Apple Watch|johnspartan
2024-01-31 18:50:42,1.13,Davinder’s Apple Watch|johnspartan
2024-01-31 18:50:43,1.13,Davinder’s Apple Watch|johnspartan
2024-01-31 18:50:44,1.13,Davinder’s Apple Watch|johnspartan
2024-01-31 18:50:45,1.13,Davinder’s Apple Watch|johnspartan
2024-01-31 18:50:46,1.13,Davinder’s Apple Watch|johnspartan
2024-01-31 18:50:47,1.13,Davinder’s Apple Watch|johnspartan
2024-01-31 18:50:48,1.13,Davinder’s Apple Watch|johnspartan
2024-01-31 18:50:49,1.13,Davinder’s Apple Watch|johnspartan
2024-01-31 18:50:50,1.13,Davinder’s Apple Watch|johnspartan
2024-01-31 18:50:51,1.13,Davinder’s Apple Watch|johnspartan
2024-01-31 18:50:52,1.13,Davinder’s Apple Watch|johnspartan
2024-01-31 18:50:53,1.13,Davinder’s Apple Watch|johnspartan
2024-01-31 18:50:54,1.13,Davinder’s Apple Watch|johnspartan
2024-01-31 18:50:55,1.13,Davinder’s Apple Watch|johnspartan
2024-01-31 18:50:56,1.13,Davinder’s Apple Watch|johnspartan
2024-01-31 18:50:57,1.13,Davinder’s Apple Watch|johnspartan
2024-01-31 18:50:58,1.13,Davinder’s Apple Watch|johnspartan
2024-01-31 18:50:59,1.25,Davinder’s Apple Watch|johnspartan
2024-01-31 18:51:00,1.25,Davinder’s Apple Watch|johnspartan
2024-01-31 18:51:01,1.25,Davinder’s Apple Watch|johnspartan
2024-01-31 18:51:02,1.25,Davinder’s Apple Watch|johnspartan
2024-01-31 18:51:03,1.25,Davinder’s Apple Watch|johnspartan
2024-01-31 18:51:04,1.25,Davinder’s Apple Watch|johnspartan
2024-01-31 18:51:05,1.25,Davinder’s Apple Watch|johnspartan
2024-01-31 18:51:06,1.25,Davinder’s Apple Watch|johnspartan
2024-01-31 18:51:07,1.25,Davinder’s Apple Watch|johnspartan
2024-01-31 18:51:08,1.25,Davinder’s Apple Watch|johnspartan
2024-01-31 18:51:09,1.25,Davinder’s Apple Watch|johnspartan
2024-01-31 18:51:10,1.25,Davinder’s Apple Watch|johnspartan
2024-01-31 18:51:11,1.25,Davinder’s Apple Watch|johnspartan
2024-01-31 18:51:12,1.25,Davinder’s Apple Watch|johnspartan
2024-01-31 18:51:13,1.25,Davinder’s Apple Watch|johnspartan
2024-01-31 18:51:14,1.25,Davinder’s Apple Watch|johnspartan
2024-01-31 18:51:15,1.25,Davinder’s Apple Watch|johnspartan
2024-01-31 18:51:16,1.25,Davinder’s Apple Watch|johnspartan
2024-01-31 18:51:17,1.25,Davinder’s Apple Watch|johnspartan
2024-01-31 18:51:18,1.25,Davinder’s Apple Watch|johnspartan
2024-01-31 18:51:19,1.25,Davinder’s Apple Watch|johnspartan
2024-01-31 18:51:20,1.25,Davinder’s Apple Watch|johnspartan
2024-01-31 18:51:21,1.25,Davinder’s Apple Watch|johnspartan
2024-01-31 18:51:22,1.25,Davinder’s Apple Watch|johnspartan
2024-01-31 18:51:23,1.25,Davinder’s Apple Watch|johnspartan
2024-01-31 18:51:24,1.25,Davinder’s Apple Watch|johnspartan
2024-01-31 18:51:25,1.25,Davinder’s Apple Watch|johnspartan
2024-01-31 18:51:26,1.25,Davinder’s Apple Watch|johnspartan
2024-01-31 18:51:27,1.25,Davinder’s Apple Watch|johnspartan
2024-01-31 18:51:28,1.25,Davinder’s Apple Watch|johnspartan
2024-01-31 18:51:29,1.25,Davinder’s Apple Watch|johnspartan
2024-01-31 18:51:30,1.25,Davinder’s Apple Watch|johnspartan
2024-01-31 18:51:31,1.25,Davinder’s Apple Watch|johnspartan
2024-01-31 18:51:32,1.25,Davinder’s Apple Watch|johnspartan
2024-01-31 18:51:33,1.25,Davinder’s Apple Watch|johnspartan
2024-01-31 18:51:34,1.25,Davinder’s Apple Watch|johnspartan
2024-01-31 18:51:35,1.25,Davinder’s Apple Watch|johnspartan
2024-01-31 18:51:36,1.25,Davinder’s Apple Watch|johnspartan
2024-01-31 18:51:37,1.25,Davinder’s Apple Watch|johnspartan
2024-01-31 18:51:38,1.25,Davinder’s Apple Watch|johnspartan
2024-01-31 18:51:39,1.25,Davinder’s Apple Watch|johnspartan
2024-01-31 18:51:40,1.25,Davinder’s Apple Watch|johnspartan
2024-01-31 18:51:41,1.25,Davinder’s Apple Watch|johnspartan
2024-01-31 18:51:42,1.25,Davinder’s Apple Watch|johnspartan
2024-01-31 18:51:43,1.25,Davinder’s Apple Watch|johnspartan
2024-01-31 18:51:44,1.25,Davinder’s Apple Watch|johnspartan
2024-01-31 18:51:45,1.25,Davinder’s Apple Watch|johnspartan
2024-01-31 18:51:46,1.25,Davinder’s Apple Watch|johnspartan
2024-01-31 18:51:47,1.25,Davinder’s Apple Watch|johnspartan
2024-01-31 18:51:48,1.25,Davinder’s Apple Watch|johnspartan
2024-01-31 18:51:49,1.25,Davinder’s Apple Watch|johnspartan
2024-01-31 18:51:50,1.25,Davinder’s Apple Watch|johnspartan
2024-01-31 18:51:51,1.25,Davinder’s Apple Watch|johnspartan
2024-01-31 18:51:52,1.25,Davinder’s Apple Watch|johnspartan
2024-01-31 18:51:53,1.25,Davinder’s Apple Watch|johnspartan
2024-01-31 18:51:54,1.25,Davinder’s Apple Watch|johnspartan
2024-01-31 18:51:55,0.896,Davinder’s Apple Watch|johnspartan
