,Date/Time,Min (count/min),Max (count/min),Avg (count/min),Source,Track Description
0,2024-02-21 18:36:16,135,135,135,Davinder’s Apple Watch,Sonic Youth - No Way
1,2024-02-21 18:36:24,137,137,137,Davinder’s Apple Watch,Sonic Youth - No Way
2,2024-02-21 18:36:25,136,136,136,Davinder’s Apple Watch,Sonic Youth - No Way
3,2024-02-21 18:36:31,139,139,139,Davinder’s Apple Watch,Sonic Youth - No Way
4,2024-02-21 18:36:37,141,141,141,Davinder’s Apple Watch,Sonic Youth - No Way
5,2024-02-21 18:37:19,148,148,148,Davinder’s Apple Watch,Sonic Youth - No Way
6,2024-02-21 18:37:41,152,152,152,Davinder’s Apple Watch,Sonic Youth - No Way
7,2024-02-21 18:37:47,154,154,154,Davinder’s Apple Watch,Sonic Youth - No Way
8,2024-02-21 18:37:53,155,155,155,Davinder’s Apple Watch,Sonic Youth - No Way
9,2024-02-21 18:37:55,154,154,154,Davinder’s Apple Watch,Sonic Youth - No Way
10,2024-02-21 18:38:04,155,155,155,Davinder’s Apple Watch,Sonic Youth - No Way
11,2024-02-21 18:38:08,156,156,156,Davinder’s Apple Watch,Sonic Youth - No Way
12,2024-02-21 18:38:17,158,158,158,Davinder’s Apple Watch,Sonic Youth - No Way
13,2024-02-21 18:38:44,161,161,161,Davinder’s Apple Watch,Sonic Youth - No Way
14,2024-02-21 18:39:23,166,166,166,Davinder’s Apple Watch,Sonic Youth - No Way
15,2024-02-21 18:39:26,167,167,167,Davinder’s Apple Watch,Sonic Youth - No Way
16,2024-02-21 18:39:40,166,166,166,Davinder’s Apple Watch,Sonic Youth - No Way
17,2024-02-21 18:39:49,165,165,165,Davinder’s Apple Watch,Sonic Youth - No Way
18,2024-02-21 18:39:54,166,166,166,Davinder’s Apple Watch,Sonic Youth - No Way
19,2024-02-21 18:39:56,165,165,165,Davinder’s Apple Watch,Sonic Youth - No Way
20,2024-02-21 18:40:17,165,165,165,Davinder’s Apple Watch,Sonic Youth - Walkin Blue
21,2024-02-21 18:40:21,166,166,166,Davinder’s Apple Watch,Sonic Youth - Walkin Blue
22,2024-02-21 18:40:28,166,166,166,Davinder’s Apple Watch,Sonic Youth - Walkin Blue
23,2024-02-21 18:40:34,166,166,166,Davinder’s Apple Watch,Sonic Youth - Walkin Blue
24,2024-02-21 18:40:37,166,166,166,Davinder’s Apple Watch,Sonic Youth - Walkin Blue
25,2024-02-21 18:40:44,166,166,166,Davinder’s Apple Watch,Sonic Youth - Walkin Blue
26,2024-02-21 18:40:45,166,166,166,Davinder’s Apple Watch,Sonic Youth - Walkin Blue
27,2024-02-21 18:40:58,166,166,166,Davinder’s Apple Watch,Sonic Youth - Walkin Blue
28,2024-02-21 18:41:00,165,165,165,Davinder’s Apple Watch,Sonic Youth - Walkin Blue
29,2024-02-21 18:41:08,164,164,164,Davinder’s Apple Watch,Sonic Youth - Walkin Blue
30,2024-02-21 18:41:10,164,164,164,Davinder’s Apple Watch,Sonic Youth - Walkin Blue
31,2024-02-21 18:41:32,167,167,167,Davinder’s Apple Watch,Sonic Youth - Walkin Blue
32,2024-02-21 18:41:39,168,168,168,Davinder’s Apple Watch,Sonic Youth - Walkin Blue
33,2024-02-21 18:41:43,168,168,168,Davinder’s Apple Watch,Sonic Youth - Walkin Blue
34,2024-02-21 18:41:45,169,169,169,Davinder’s Apple Watch,Sonic Youth - Walkin Blue
35,2024-02-21 18:42:14,168,168,168,Davinder’s Apple Watch,Sonic Youth - Walkin Blue
36,2024-02-21 18:42:19,168,168,168,Davinder’s Apple Watch,Sonic Youth - Walkin Blue
37,2024-02-21 18:42:23,168,168,168,Davinder’s Apple Watch,Sonic Youth - Walkin Blue
38,2024-02-21 18:42:28,169,169,169,Davinder’s Apple Watch,Sonic Youth - Walkin Blue
39,2024-02-21 18:42:33,169,169,169,Davinder’s Apple Watch,Sonic Youth - Walkin Blue
40,2024-02-21 18:42:42,170,170,170,Davinder’s Apple Watch,Sonic Youth - Walkin Blue
41,2024-02-21 18:42:45,170,170,170,Davinder’s Apple Watch,Sonic Youth - Walkin Blue
42,2024-02-21 18:42:54,170,170,170,Davinder’s Apple Watch,Sonic Youth - Walkin Blue
43,2024-02-21 18:43:06,172,172,172,Davinder’s Apple Watch,Sonic Youth - Walkin Blue
44,2024-02-21 18:43:10,172,172,172,Davinder’s Apple Watch,Sonic Youth - Walkin Blue
45,2024-02-21 18:43:18,171,171,171,Davinder’s Apple Watch,Sonic Youth - Walkin Blue
46,2024-02-21 18:43:35,172,172,172,Davinder’s Apple Watch,Sonic Youth - Walkin Blue
47,2024-02-21 18:43:43,172,172,172,Davinder’s Apple Watch,Sonic Youth - Walkin Blue
48,2024-02-21 18:43:46,173,173,173,Davinder’s Apple Watch,Sonic Youth - Walkin Blue
49,2024-02-21 18:44:17,170,170,170,Davinder’s Apple Watch,Sonic Youth - Walkin Blue
50,2024-02-21 18:44:24,171,171,171,Davinder’s Apple Watch,Sonic Youth - Walkin Blue
51,2024-02-21 18:44:27,171,171,171,Davinder’s Apple Watch,Sonic Youth - Walkin Blue
52,2024-02-21 18:44:30,171,171,171,Davinder’s Apple Watch,Sonic Youth - Walkin Blue
53,2024-02-21 18:44:37,169,169,169,Davinder’s Apple Watch,Sonic Youth - Walkin Blue
54,2024-02-21 18:44:44,168,168,168,Davinder’s Apple Watch,Sonic Youth - Walkin Blue
55,2024-02-21 18:44:45,167,167,167,Davinder’s Apple Watch,Sonic Youth - Walkin Blue
56,2024-02-21 18:44:54,167,167,167,Davinder’s Apple Watch,Sonic Youth - Walkin Blue
57,2024-02-21 18:44:55,167,167,167,Davinder’s Apple Watch,Sonic Youth - Walkin Blue
58,2024-02-21 18:45:04,169,169,169,Davinder’s Apple Watch,Sonic Youth - Walkin Blue
59,2024-02-21 18:45:14,167,167,167,Davinder’s Apple Watch,Sonic Youth - Walkin Blue
60,2024-02-21 18:45:17,167,167,167,Davinder’s Apple Watch,Sonic Youth - Walkin Blue
61,2024-02-21 18:45:20,167,167,167,Davinder’s Apple Watch,Sonic Youth - Walkin Blue
62,2024-02-21 18:45:42,167,167,167,Davinder’s Apple Watch,Sonic Youth - Massage the History
63,2024-02-21 18:45:56,167,167,167,Davinder’s Apple Watch,Sonic Youth - Massage the History
64,2024-02-21 18:46:10,165,165,165,Davinder’s Apple Watch,Sonic Youth - Massage the History
65,2024-02-21 18:46:19,169,169,169,Davinder’s Apple Watch,Sonic Youth - Massage the History
66,2024-02-21 18:46:23,170,170,170,Davinder’s Apple Watch,Sonic Youth - Massage the History
67,2024-02-21 18:46:29,171,171,171,Davinder’s Apple Watch,Sonic Youth - Massage the History
68,2024-02-21 18:46:41,173,173,173,Davinder’s Apple Watch,Sonic Youth - Massage the History
69,2024-02-21 18:46:45,173,173,173,Davinder’s Apple Watch,Sonic Youth - Massage the History
70,2024-02-21 18:47:11,174,174,174,Davinder’s Apple Watch,Sonic Youth - Massage the History
71,2024-02-21 18:47:21,174,174,174,Davinder’s Apple Watch,Sonic Youth - Massage the History
72,2024-02-21 18:47:28,172,172,172,Davinder’s Apple Watch,Sonic Youth - Massage the History
73,2024-02-21 18:47:34,172,172,172,Davinder’s Apple Watch,Sonic Youth - Massage the History
74,2024-02-21 18:47:49,172,172,172,Davinder’s Apple Watch,Sonic Youth - Massage the History
75,2024-02-21 18:47:54,169,169,169,Davinder’s Apple Watch,Sonic Youth - Massage the History
76,2024-02-21 18:47:56,169,169,169,Davinder’s Apple Watch,Sonic Youth - Massage the History
77,2024-02-21 18:48:04,170,170,170,Davinder’s Apple Watch,Sonic Youth - Massage the History
78,2024-02-21 18:48:07,170,170,170,Davinder’s Apple Watch,Sonic Youth - Massage the History
79,2024-02-21 18:48:10,170,170,170,Davinder’s Apple Watch,Sonic Youth - Massage the History
80,2024-02-21 18:48:28,169,169,169,Davinder’s Apple Watch,Sonic Youth - Massage the History
81,2024-02-21 18:48:33,170,170,170,Davinder’s Apple Watch,Sonic Youth - Massage the History
82,2024-02-21 18:48:35,170,170,170,Davinder’s Apple Watch,Sonic Youth - Massage the History
83,2024-02-21 18:48:40,170,170,170,Davinder’s Apple Watch,Sonic Youth - Massage the History
84,2024-02-21 18:49:09,167,167,167,Davinder’s Apple Watch,Sonic Youth - Massage the History
85,2024-02-21 18:49:11,168,168,168,Davinder’s Apple Watch,Sonic Youth - Massage the History
86,2024-02-21 18:49:15,172,172,172,Davinder’s Apple Watch,Sonic Youth - Massage the History
87,2024-02-21 18:49:24,175,175,175,Davinder’s Apple Watch,Sonic Youth - Massage the History
88,2024-02-21 18:49:35,178,178,178,Davinder’s Apple Watch,Sonic Youth - Massage the History
89,2024-02-21 18:49:43,179,179,179,Davinder’s Apple Watch,Sonic Youth - Massage the History
90,2024-02-21 18:49:48,179,179,179,Davinder’s Apple Watch,Sonic Youth - Massage the History
91,2024-02-21 18:49:53,178,178,178,Davinder’s Apple Watch,Sonic Youth - Massage the History
92,2024-02-21 18:49:55,179,179,179,Davinder’s Apple Watch,Sonic Youth - Massage the History
93,2024-02-21 18:50:38,173,173,173,Davinder’s Apple Watch,Sonic Youth - Massage the History
94,2024-02-21 18:50:43,173,173,173,Davinder’s Apple Watch,Sonic Youth - Massage the History
95,2024-02-21 18:50:49,172,172,172,Davinder’s Apple Watch,Sonic Youth - Massage the History
96,2024-02-21 18:50:50,172,172,172,Davinder’s Apple Watch,Sonic Youth - Massage the History
97,2024-02-21 18:50:59,171,171,171,Davinder’s Apple Watch,Sonic Youth - Massage the History
98,2024-02-21 18:51:07,171,171,171,Davinder’s Apple Watch,Sonic Youth - Massage the History
99,2024-02-21 18:51:13,170,170,170,Davinder’s Apple Watch,Sonic Youth - Massage the History
100,2024-02-21 18:51:17,169,169,169,Davinder’s Apple Watch,Sonic Youth - Massage the History
101,2024-02-21 18:51:20,169,169,169,Davinder’s Apple Watch,Sonic Youth - Massage the History
102,2024-02-21 18:51:28,168,168,168,Davinder’s Apple Watch,Sonic Youth - Massage the History
103,2024-02-21 18:51:32,167,167,167,Davinder’s Apple Watch,Sonic Youth - Massage the History
104,2024-02-21 18:51:36,166,166,166,Davinder’s Apple Watch,Sonic Youth - Massage the History
105,2024-02-21 18:51:43,166,166,166,Davinder’s Apple Watch,Sonic Youth - Massage the History
106,2024-02-21 18:51:45,166,166,166,Davinder’s Apple Watch,Sonic Youth - Massage the History
107,2024-02-21 18:51:52,165,165,165,Davinder’s Apple Watch,Sonic Youth - Massage the History
108,2024-02-21 18:51:58,167,167,167,Davinder’s Apple Watch,Sonic Youth - Massage the History
109,2024-02-21 18:52:03,167,167,167,Davinder’s Apple Watch,Sonic Youth - Massage the History
110,2024-02-21 18:52:05,167,167,167,Davinder’s Apple Watch,Sonic Youth - Massage the History
111,2024-02-21 18:52:37,166,166,166,Davinder’s Apple Watch,Sonic Youth - Disappearer
112,2024-02-21 18:52:44,168,168,168,Davinder’s Apple Watch,Sonic Youth - Disappearer
113,2024-02-21 18:52:49,168,168,168,Davinder’s Apple Watch,Sonic Youth - Disappearer
114,2024-02-21 18:52:50,168,168,168,Davinder’s Apple Watch,Sonic Youth - Disappearer
115,2024-02-21 18:52:57,170,170,170,Davinder’s Apple Watch,Sonic Youth - Disappearer
116,2024-02-21 18:53:01,169,169,169,Davinder’s Apple Watch,Sonic Youth - Disappearer
117,2024-02-21 18:53:32,167,167,167,Davinder’s Apple Watch,Sonic Youth - Disappearer
118,2024-02-21 18:53:36,167,167,167,Davinder’s Apple Watch,Sonic Youth - Disappearer
119,2024-02-21 18:53:42,166,166,166,Davinder’s Apple Watch,Sonic Youth - Disappearer
120,2024-02-21 18:53:46,165,165,165,Davinder’s Apple Watch,Sonic Youth - Disappearer
121,2024-02-21 18:53:54,166,166,166,Davinder’s Apple Watch,Sonic Youth - Disappearer
122,2024-02-21 18:54:40,171,171,171,Davinder’s Apple Watch,Sonic Youth - Disappearer
123,2024-02-21 18:55:23,171,171,171,Davinder’s Apple Watch,Sonic Youth - Disappearer
124,2024-02-21 18:55:25,171,171,171,Davinder’s Apple Watch,Sonic Youth - Disappearer
125,2024-02-21 18:55:32,172,172,172,Davinder’s Apple Watch,Sonic Youth - Disappearer
126,2024-02-21 18:55:39,174,174,174,Davinder’s Apple Watch,Sonic Youth - Disappearer
127,2024-02-21 18:55:55,174,174,174,Davinder’s Apple Watch,Sonic Youth - Disappearer
128,2024-02-21 18:56:01,174,174,174,Davinder’s Apple Watch,Sonic Youth - Disappearer
129,2024-02-21 18:56:06,177,177,177,Davinder’s Apple Watch,Sonic Youth - Disappearer
130,2024-02-21 18:56:13,177,177,177,Davinder’s Apple Watch,Sonic Youth - Disappearer
131,2024-02-21 18:56:15,177,177,177,Davinder’s Apple Watch,Sonic Youth - Disappearer
132,2024-02-21 18:56:24,176,176,176,Davinder’s Apple Watch,Sonic Youth - Disappearer
133,2024-02-21 18:56:35,171,171,171,Davinder’s Apple Watch,Sonic Youth - Disappearer
134,2024-02-21 18:56:40,170,170,170,Davinder’s Apple Watch,Sonic Youth - Disappearer
135,2024-02-21 18:56:45,170,170,170,Davinder’s Apple Watch,Sonic Youth - Disappearer
136,2024-02-21 18:56:52,170,170,170,Davinder’s Apple Watch,Sonic Youth - Disappearer
137,2024-02-21 18:56:58,171,171,171,Davinder’s Apple Watch,Sonic Youth - Disappearer
138,2024-02-21 18:57:03,171,171,171,Davinder’s Apple Watch,Sonic Youth - Disappearer
139,2024-02-21 18:57:09,171,171,171,Davinder’s Apple Watch,Sonic Youth - Disappearer
140,2024-02-21 18:57:10,171,171,171,Davinder’s Apple Watch,Sonic Youth - Disappearer
141,2024-02-21 18:57:15,170,170,170,Davinder’s Apple Watch,Sonic Youth - Disappearer
142,2024-02-21 18:57:24,168,168,168,Davinder’s Apple Watch,Sonic Youth - Mildred Pierce
143,2024-02-21 18:57:29,168,168,168,Davinder’s Apple Watch,Sonic Youth - Mildred Pierce
144,2024-02-21 18:57:30,169,169,169,Davinder’s Apple Watch,Sonic Youth - Mildred Pierce
145,2024-02-21 18:57:35,169,169,169,Davinder’s Apple Watch,Sonic Youth - Mildred Pierce
146,2024-02-21 18:57:41,168,168,168,Davinder’s Apple Watch,Sonic Youth - Mildred Pierce
147,2024-02-21 18:57:49,168,168,168,Davinder’s Apple Watch,Sonic Youth - Mildred Pierce
148,2024-02-21 18:57:54,167,167,167,Davinder’s Apple Watch,Sonic Youth - Mildred Pierce
149,2024-02-21 18:58:11,167,167,167,Davinder’s Apple Watch,Sonic Youth - Mildred Pierce
150,2024-02-21 18:58:19,168,168,168,Davinder’s Apple Watch,Sonic Youth - Mildred Pierce
151,2024-02-21 18:58:22,169,169,169,Davinder’s Apple Watch,Sonic Youth - Mildred Pierce
152,2024-02-21 18:58:27,169,169,169,Davinder’s Apple Watch,Sonic Youth - Mildred Pierce
153,2024-02-21 18:58:41,171,171,171,Davinder’s Apple Watch,Sonic Youth - Mildred Pierce
154,2024-02-21 19:00:00,172,172,172,Davinder’s Apple Watch,NaT
155,2024-02-21 19:00:08,173,173,173,Davinder’s Apple Watch,NaT
156,2024-02-21 19:00:39,172,172,172,Davinder’s Apple Watch,NaT
157,2024-02-21 19:01:03,174,174,174,Davinder’s Apple Watch,NaT
158,2024-02-21 19:01:32,175,175,175,Davinder’s Apple Watch,NaT
159,2024-02-21 19:01:39,173,173,173,Davinder’s Apple Watch,NaT
160,2024-02-21 19:01:42,172,172,172,Davinder’s Apple Watch,NaT
161,2024-02-21 19:01:49,172,172,172,Davinder’s Apple Watch,NaT
162,2024-02-21 19:01:50,172,172,172,Davinder’s Apple Watch,NaT
163,2024-02-21 19:01:58,169,169,169,Davinder’s Apple Watch,NaT
164,2024-02-21 19:02:04,168,168,168,Davinder’s Apple Watch,NaT
165,2024-02-21 19:02:07,167,167,167,Davinder’s Apple Watch,NaT
166,2024-02-21 19:02:11,166,166,166,Davinder’s Apple Watch,NaT
167,2024-02-21 19:02:18,165,165,165,Davinder’s Apple Watch,NaT
168,2024-02-21 19:02:20,164,164,164,Davinder’s Apple Watch,NaT
169,2024-02-21 19:03:03,160,160,160,Davinder’s Apple Watch,NaT
170,2024-02-21 19:03:05,161,161,161,Davinder’s Apple Watch,NaT
171,2024-02-21 19:03:14,160,160,160,Davinder’s Apple Watch,NaT
172,2024-02-21 19:03:18,161,161,161,Davinder’s Apple Watch,NaT
173,2024-02-21 19:03:20,161,161,161,Davinder’s Apple Watch,NaT
174,2024-02-21 19:03:31,161,161,161,Davinder’s Apple Watch,NaT
175,2024-02-21 19:03:38,160,160,160,Davinder’s Apple Watch,NaT
176,2024-02-21 19:03:43,159,159,159,Davinder’s Apple Watch,NaT
177,2024-02-21 19:03:46,160,160,160,Davinder’s Apple Watch,NaT
178,2024-02-21 19:03:54,159,159,159,Davinder’s Apple Watch,NaT
179,2024-02-21 19:03:59,159,159,159,Davinder’s Apple Watch,NaT
180,2024-02-21 19:04:04,159,159,159,Davinder’s Apple Watch,NaT
181,2024-02-21 19:04:07,157,157,157,Davinder’s Apple Watch,NaT
182,2024-02-21 19:04:12,157,157,157,Davinder’s Apple Watch,Nirvana - tourette's (2023 Remaster)
183,2024-02-21 19:04:18,155,155,155,Davinder’s Apple Watch,Nirvana - tourette's (2023 Remaster)
184,2024-02-21 19:04:23,155,155,155,Davinder’s Apple Watch,Nirvana - tourette's (2023 Remaster)
185,2024-02-21 19:04:25,155,155,155,Davinder’s Apple Watch,Nirvana - tourette's (2023 Remaster)
186,2024-02-21 19:04:37,155,155,155,Davinder’s Apple Watch,Nirvana - tourette's (2023 Remaster)
187,2024-02-21 19:04:40,157,157,157,Davinder’s Apple Watch,Nirvana - tourette's (2023 Remaster)
188,2024-02-21 19:04:47,158,158,158,Davinder’s Apple Watch,Nirvana - tourette's (2023 Remaster)
189,2024-02-21 19:04:50,157,157,157,Davinder’s Apple Watch,Nirvana - tourette's (2023 Remaster)
190,2024-02-21 19:04:58,157,157,157,Davinder’s Apple Watch,Nirvana - tourette's (2023 Remaster)
191,2024-02-21 19:05:04,157,157,157,Davinder’s Apple Watch,Nirvana - tourette's (2023 Remaster)
192,2024-02-21 19:05:06,156,156,156,Davinder’s Apple Watch,Nirvana - tourette's (2023 Remaster)
193,2024-02-21 19:05:10,156,156,156,Davinder’s Apple Watch,Nirvana - tourette's (2023 Remaster)
194,2024-02-21 19:05:19,156,156,156,Davinder’s Apple Watch,Nirvana - tourette's (2023 Remaster)
195,2024-02-21 19:05:43,163,163,163,Davinder’s Apple Watch,Nirvana - tourette's (2023 Remaster)
196,2024-02-21 19:05:45,164,164,164,Davinder’s Apple Watch,Nirvana - tourette's (2023 Remaster)
197,2024-02-21 19:06:03,165,165,165,Davinder’s Apple Watch,Nirvana - All Apologies (2023 Remaster)
198,2024-02-21 19:06:06,166,166,166,Davinder’s Apple Watch,
