Date/Time,Min (count/min),Max (count/min),Avg (count/min),Source
2024-02-21 19:06:21,164,164,164,Davinder’s Apple Watch
2024-02-21 19:06:30,164,164,164,Davinder’s Apple Watch
2024-02-21 19:06:35,160,160,160,Davinder’s Apple Watch
2024-02-21 19:06:40,157,157,157,Davinder’s Apple Watch
2024-02-21 19:06:42,157,157,157,Davinder’s Apple Watch
2024-02-21 19:06:46,155,155,155,Davinder’s Apple Watch
2024-02-21 19:06:54,150,150,150,Davinder’s Apple Watch
2024-02-21 19:07:00,145,145,145,Davinder’s Apple Watch
2024-02-21 19:07:04,141,141,141,Davinder’s Apple Watch
2024-02-21 19:07:08,140,140,140,Davinder’s Apple Watch
2024-02-21 19:07:12,143,143,143,Davinder’s Apple Watch
2024-02-21 19:07:30,140,140,140,Davinder’s Apple Watch
2024-02-21 19:07:31,139,139,139,Davinder’s Apple Watch
2024-02-21 19:07:37,136,136,136,Davinder’s Apple Watch
2024-02-21 19:07:41,134,134,134,Davinder’s Apple Watch
2024-02-21 19:07:49,134,134,134,Davinder’s Apple Watch
2024-02-21 19:07:55,132,132,132,Davinder’s Apple Watch
2024-02-21 19:08:00,131,131,131,Davinder’s Apple Watch
