Date/Time,Step Count (count),Source
2024-02-21 18:41:17,0.558,Davinder’s Apple Watch
2024-02-21 18:41:18,1.37,Davinder’s Apple Watch
2024-02-21 18:41:19,1.37,Davinder’s Apple Watch
2024-02-21 18:41:20,1.37,Davinder’s Apple Watch
2024-02-21 18:41:21,1.37,Davinder’s Apple Watch
2024-02-21 18:41:22,1.37,Davinder’s Apple Watch
2024-02-21 18:41:23,1.37,Davinder’s Apple Watch
2024-02-21 18:41:24,1.37,Davinder’s Apple Watch
2024-02-21 18:41:25,1.37,Davinder’s Apple Watch
2024-02-21 18:41:26,1.37,Davinder’s Apple Watch
2024-02-21 18:41:27,1.37,Davinder’s Apple Watch
2024-02-21 18:41:28,1.37,Davinder’s Apple Watch
2024-02-21 18:41:29,1.37,Davinder’s Apple Watch
2024-02-21 18:41:30,1.37,Davinder’s Apple Watch
2024-02-21 18:41:31,1.37,Davinder’s Apple Watch
2024-02-21 18:41:32,1.37,Davinder’s Apple Watch
2024-02-21 18:41:33,1.37,Davinder’s Apple Watch
2024-02-21 18:41:34,1.37,Davinder’s Apple Watch
2024-02-21 18:41:35,1.37,Davinder’s Apple Watch
2024-02-21 18:41:36,1.37,Davinder’s Apple Watch
2024-02-21 18:41:37,1.37,Davinder’s Apple Watch
2024-02-21 18:41:38,1.37,Davinder’s Apple Watch
2024-02-21 18:41:39,1.37,Davinder’s Apple Watch
2024-02-21 18:41:40,1.37,Davinder’s Apple Watch
2024-02-21 18:41:41,1.37,Davinder’s Apple Watch
2024-02-21 18:41:42,1.37,Davinder’s Apple Watch
2024-02-21 18:41:43,1.37,Davinder’s Apple Watch
2024-02-21 18:41:44,1.37,Davinder’s Apple Watch
2024-02-21 18:41:45,1.37,Davinder’s Apple Watch
2024-02-21 18:41:46,1.37,Davinder’s Apple Watch
2024-02-21 18:41:47,1.37,Davinder’s Apple Watch
2024-02-21 18:41:48,1.37,Davinder’s Apple Watch
2024-02-21 18:41:49,1.37,Davinder’s Apple Watch
2024-02-21 18:41:50,1.37,Davinder’s Apple Watch
2024-02-21 18:41:51,1.37,Davinder’s Apple Watch
2024-02-21 18:41:52,1.37,Davinder’s Apple Watch
2024-02-21 18:41:53,1.37,Davinder’s Apple Watch
2024-02-21 18:41:54,1.37,Davinder’s Apple Watch
2024-02-21 18:41:55,1.37,Davinder’s Apple Watch
2024-02-21 18:41:56,1.37,Davinder’s Apple Watch
2024-02-21 18:41:57,1.37,Davinder’s Apple Watch
2024-02-21 18:41:58,1.37,Davinder’s Apple Watch
2024-02-21 18:41:59,1.37,Davinder’s Apple Watch
2024-02-21 18:42:00,1.37,Davinder’s Apple Watch
2024-02-21 18:42:01,1.37,Davinder’s Apple Watch
2024-02-21 18:42:02,1.37,Davinder’s Apple Watch
2024-02-21 18:42:03,1.37,Davinder’s Apple Watch
2024-02-21 18:42:04,1.37,Davinder’s Apple Watch
2024-02-21 18:42:05,1.37,Davinder’s Apple Watch
2024-02-21 18:42:06,1.37,Davinder’s Apple Watch
2024-02-21 18:42:07,1.37,Davinder’s Apple Watch
2024-02-21 18:42:08,1.37,Davinder’s Apple Watch
2024-02-21 18:42:09,1.37,Davinder’s Apple Watch
2024-02-21 18:42:10,1.37,Davinder’s Apple Watch
2024-02-21 18:42:11,1.37,Davinder’s Apple Watch
2024-02-21 18:42:12,1.37,Davinder’s Apple Watch
2024-02-21 18:42:13,1.37,Davinder’s Apple Watch
2024-02-21 18:42:14,1.37,Davinder’s Apple Watch
2024-02-21 18:42:15,1.37,Davinder’s Apple Watch
2024-02-21 18:42:16,1.37,Davinder’s Apple Watch
2024-02-21 18:42:17,1.37,Davinder’s Apple Watch
2024-02-21 18:42:18,1.37,Davinder’s Apple Watch
2024-02-21 18:42:19,1.37,Davinder’s Apple Watch
2024-02-21 18:42:20,1.37,Davinder’s Apple Watch
2024-02-21 18:42:21,1.37,Davinder’s Apple Watch
2024-02-21 18:42:22,1.37,Davinder’s Apple Watch
2024-02-21 18:42:23,1.37,Davinder’s Apple Watch
2024-02-21 18:42:24,1.37,Davinder’s Apple Watch
2024-02-21 18:42:25,1.37,Davinder’s Apple Watch
2024-02-21 18:42:26,1.37,Davinder’s Apple Watch
2024-02-21 18:42:27,1.37,Davinder’s Apple Watch
2024-02-21 18:42:28,1.37,Davinder’s Apple Watch
2024-02-21 18:42:29,1.37,Davinder’s Apple Watch
2024-02-21 18:42:30,1.37,Davinder’s Apple Watch
2024-02-21 18:42:31,1.37,Davinder’s Apple Watch
2024-02-21 18:42:32,1.37,Davinder’s Apple Watch
2024-02-21 18:42:33,1.37,Davinder’s Apple Watch
2024-02-21 18:42:34,1.37,Davinder’s Apple Watch
2024-02-21 18:42:35,1.37,Davinder’s Apple Watch
2024-02-21 18:42:36,1.37,Davinder’s Apple Watch
2024-02-21 18:42:37,1.37,Davinder’s Apple Watch
2024-02-21 18:42:38,1.37,Davinder’s Apple Watch
2024-02-21 18:42:39,1.37,Davinder’s Apple Watch
2024-02-21 18:42:40,1.37,Davinder’s Apple Watch
2024-02-21 18:42:41,1.37,Davinder’s Apple Watch
2024-02-21 18:42:42,1.37,Davinder’s Apple Watch
2024-02-21 18:42:43,1.37,Davinder’s Apple Watch
2024-02-21 18:42:44,1.37,Davinder’s Apple Watch
2024-02-21 18:42:45,1.37,Davinder’s Apple Watch
2024-02-21 18:42:46,1.37,Davinder’s Apple Watch
2024-02-21 18:42:47,1.37,Davinder’s Apple Watch
2024-02-21 18:42:48,1.37,Davinder’s Apple Watch
2024-02-21 18:42:49,1.37,Davinder’s Apple Watch
2024-02-21 18:42:50,1.37,Davinder’s Apple Watch
2024-02-21 18:42:51,1.37,Davinder’s Apple Watch
2024-02-21 18:42:52,1.37,Davinder’s Apple Watch
2024-02-21 18:42:53,1.37,Davinder’s Apple Watch
2024-02-21 18:42:54,1.37,Davinder’s Apple Watch
2024-02-21 18:42:55,1.37,Davinder’s Apple Watch
2024-02-21 18:42:56,1.37,Davinder’s Apple Watch
2024-02-21 18:42:57,1.37,Davinder’s Apple Watch
2024-02-21 18:42:58,1.37,Davinder’s Apple Watch
2024-02-21 18:42:59,1.37,Davinder’s Apple Watch
2024-02-21 18:43:00,1.37,Davinder’s Apple Watch
2024-02-21 18:43:01,1.37,Davinder’s Apple Watch
2024-02-21 18:43:02,1.37,Davinder’s Apple Watch
2024-02-21 18:43:03,1.37,Davinder’s Apple Watch
2024-02-21 18:43:04,1.37,Davinder’s Apple Watch
2024-02-21 18:43:05,1.37,Davinder’s Apple Watch
2024-02-21 18:43:06,1.37,Davinder’s Apple Watch
2024-02-21 18:43:07,1.37,Davinder’s Apple Watch
2024-02-21 18:43:08,1.37,Davinder’s Apple Watch
2024-02-21 18:43:09,1.37,Davinder’s Apple Watch
2024-02-21 18:43:10,1.37,Davinder’s Apple Watch
2024-02-21 18:43:11,1.37,Davinder’s Apple Watch
2024-02-21 18:43:12,1.37,Davinder’s Apple Watch
2024-02-21 18:43:13,1.37,Davinder’s Apple Watch
2024-02-21 18:43:14,1.37,Davinder’s Apple Watch
2024-02-21 18:43:15,1.37,Davinder’s Apple Watch
2024-02-21 18:43:16,1.37,Davinder’s Apple Watch
2024-02-21 18:43:17,1.37,Davinder’s Apple Watch
2024-02-21 18:43:18,1.37,Davinder’s Apple Watch
2024-02-21 18:43:19,1.37,Davinder’s Apple Watch
2024-02-21 18:43:20,1.37,Davinder’s Apple Watch
2024-02-21 18:43:21,1.37,Davinder’s Apple Watch
2024-02-21 18:43:22,1.37,Davinder’s Apple Watch
2024-02-21 18:43:23,1.37,Davinder’s Apple Watch
2024-02-21 18:43:24,1.37,Davinder’s Apple Watch
2024-02-21 18:43:25,1.37,Davinder’s Apple Watch
2024-02-21 18:43:26,1.37,Davinder’s Apple Watch
2024-02-21 18:43:27,1.37,Davinder’s Apple Watch
2024-02-21 18:43:28,1.37,Davinder’s Apple Watch
2024-02-21 18:43:29,1.37,Davinder’s Apple Watch
2024-02-21 18:43:30,1.37,Davinder’s Apple Watch
2024-02-21 18:43:31,1.37,Davinder’s Apple Watch
2024-02-21 18:43:32,1.37,Davinder’s Apple Watch
2024-02-21 18:43:33,1.37,Davinder’s Apple Watch
2024-02-21 18:43:34,1.37,Davinder’s Apple Watch
2024-02-21 18:43:35,1.37,Davinder’s Apple Watch
2024-02-21 18:43:36,1.37,Davinder’s Apple Watch
2024-02-21 18:43:37,1.37,Davinder’s Apple Watch
2024-02-21 18:43:38,1.37,Davinder’s Apple Watch
2024-02-21 18:43:39,1.37,Davinder’s Apple Watch
2024-02-21 18:43:40,1.37,Davinder’s Apple Watch
2024-02-21 18:43:41,1.37,Davinder’s Apple Watch
2024-02-21 18:43:42,1.37,Davinder’s Apple Watch
2024-02-21 18:43:43,1.37,Davinder’s Apple Watch
2024-02-21 18:43:44,1.37,Davinder’s Apple Watch
2024-02-21 18:43:45,1.37,Davinder’s Apple Watch
2024-02-21 18:43:46,1.37,Davinder’s Apple Watch
2024-02-21 18:43:47,1.37,Davinder’s Apple Watch
2024-02-21 18:43:48,1.37,Davinder’s Apple Watch
2024-02-21 18:43:49,1.37,Davinder’s Apple Watch
2024-02-21 18:43:50,1.37,Davinder’s Apple Watch
2024-02-21 18:43:51,1.37,Davinder’s Apple Watch
2024-02-21 18:43:52,1.37,Davinder’s Apple Watch
2024-02-21 18:43:53,1.37,Davinder’s Apple Watch
2024-02-21 18:43:54,1.37,Davinder’s Apple Watch
2024-02-21 18:43:55,1.37,Davinder’s Apple Watch
2024-02-21 18:43:56,1.37,Davinder’s Apple Watch
2024-02-21 18:43:57,1.37,Davinder’s Apple Watch
2024-02-21 18:43:58,1.37,Davinder’s Apple Watch
2024-02-21 18:43:59,1.37,Davinder’s Apple Watch
2024-02-21 18:44:00,1.37,Davinder’s Apple Watch
2024-02-21 18:44:01,1.37,Davinder’s Apple Watch
2024-02-21 18:44:02,1.37,Davinder’s Apple Watch
2024-02-21 18:44:03,1.37,Davinder’s Apple Watch
2024-02-21 18:44:04,1.37,Davinder’s Apple Watch
2024-02-21 18:44:05,1.37,Davinder’s Apple Watch
2024-02-21 18:44:06,1.37,Davinder’s Apple Watch
2024-02-21 18:44:07,1.37,Davinder’s Apple Watch
2024-02-21 18:44:08,1.37,Davinder’s Apple Watch
2024-02-21 18:44:09,1.37,Davinder’s Apple Watch
2024-02-21 18:44:10,1.37,Davinder’s Apple Watch
2024-02-21 18:44:11,1.37,Davinder’s Apple Watch
2024-02-21 18:44:12,1.37,Davinder’s Apple Watch
2024-02-21 18:44:13,1.37,Davinder’s Apple Watch|johnspartan
2024-02-21 18:44:14,1.37,Davinder’s Apple Watch|johnspartan
2024-02-21 18:44:15,1.37,Davinder’s Apple Watch|johnspartan
2024-02-21 18:44:16,1.37,Davinder’s Apple Watch|johnspartan
2024-02-21 18:44:17,1.37,Davinder’s Apple Watch|johnspartan
2024-02-21 18:44:18,1.37,Davinder’s Apple Watch|johnspartan
2024-02-21 18:44:19,1.37,Davinder’s Apple Watch|johnspartan
2024-02-21 18:44:20,1.37,Davinder’s Apple Watch|johnspartan
2024-02-21 18:44:21,1.37,Davinder’s Apple Watch|johnspartan
2024-02-21 18:44:22,1.37,Davinder’s Apple Watch|johnspartan
2024-02-21 18:44:23,1.37,Davinder’s Apple Watch|johnspartan
2024-02-21 18:44:24,1.37,Davinder’s Apple Watch|johnspartan
2024-02-21 18:44:25,1.37,Davinder’s Apple Watch|johnspartan
2024-02-21 18:44:26,1.37,Davinder’s Apple Watch|johnspartan
2024-02-21 18:44:27,1.37,Davinder’s Apple Watch|johnspartan
2024-02-21 18:44:28,1.37,Davinder’s Apple Watch|johnspartan
2024-02-21 18:44:29,1.37,Davinder’s Apple Watch|johnspartan
2024-02-21 18:44:30,1.37,Davinder’s Apple Watch|johnspartan
2024-02-21 18:44:31,1.37,Davinder’s Apple Watch|johnspartan
2024-02-21 18:44:32,1.37,Davinder’s Apple Watch|johnspartan
2024-02-21 18:44:33,1.37,Davinder’s Apple Watch|johnspartan
2024-02-21 18:44:34,1.37,Davinder’s Apple Watch|johnspartan
2024-02-21 18:44:35,1.37,Davinder’s Apple Watch|johnspartan
2024-02-21 18:44:36,1.37,Davinder’s Apple Watch|johnspartan
2024-02-21 18:44:37,1.37,Davinder’s Apple Watch|johnspartan
2024-02-21 18:44:38,1.37,Davinder’s Apple Watch|johnspartan
2024-02-21 18:44:39,1.37,Davinder’s Apple Watch|johnspartan
2024-02-21 18:44:40,1.37,Davinder’s Apple Watch|johnspartan
2024-02-21 18:44:41,1.37,Davinder’s Apple Watch|johnspartan
2024-02-21 18:44:42,1.37,Davinder’s Apple Watch|johnspartan
2024-02-21 18:44:43,1.37,Davinder’s Apple Watch|johnspartan
2024-02-21 18:44:44,1.37,Davinder’s Apple Watch|johnspartan
2024-02-21 18:44:45,1.37,Davinder’s Apple Watch|johnspartan
2024-02-21 18:44:46,1.37,Davinder’s Apple Watch|johnspartan
2024-02-21 18:44:47,1.37,Davinder’s Apple Watch|johnspartan
2024-02-21 18:44:48,1.37,Davinder’s Apple Watch|johnspartan
2024-02-21 18:44:49,1.37,Davinder’s Apple Watch|johnspartan
2024-02-21 18:44:50,1.37,Davinder’s Apple Watch|johnspartan
2024-02-21 18:44:51,1.37,Davinder’s Apple Watch|johnspartan
2024-02-21 18:44:52,1.37,Davinder’s Apple Watch|johnspartan
2024-02-21 18:44:53,1.37,Davinder’s Apple Watch|johnspartan
2024-02-21 18:44:54,1.37,Davinder’s Apple Watch|johnspartan
2024-02-21 18:44:55,1.37,Davinder’s Apple Watch|johnspartan
2024-02-21 18:44:56,1.37,Davinder’s Apple Watch|johnspartan
2024-02-21 18:44:57,1.37,Davinder’s Apple Watch|johnspartan
2024-02-21 18:44:58,1.37,Davinder’s Apple Watch|johnspartan
2024-02-21 18:44:59,1.37,Davinder’s Apple Watch|johnspartan
2024-02-21 18:45:00,1.37,Davinder’s Apple Watch|johnspartan
2024-02-21 18:45:01,1.37,Davinder’s Apple Watch|johnspartan
2024-02-21 18:45:02,1.37,Davinder’s Apple Watch|johnspartan
2024-02-21 18:45:03,1.37,Davinder’s Apple Watch|johnspartan
2024-02-21 18:45:04,1.37,Davinder’s Apple Watch|johnspartan
2024-02-21 18:45:05,1.37,Davinder’s Apple Watch|johnspartan
2024-02-21 18:45:06,1.37,Davinder’s Apple Watch|johnspartan
2024-02-21 18:45:07,1.37,Davinder’s Apple Watch|johnspartan
2024-02-21 18:45:08,1.37,Davinder’s Apple Watch|johnspartan
2024-02-21 18:45:09,1.37,Davinder’s Apple Watch|johnspartan
2024-02-21 18:45:10,1.37,Davinder’s Apple Watch|johnspartan
2024-02-21 18:45:11,1.37,Davinder’s Apple Watch|johnspartan
2024-02-21 18:45:12,1.37,Davinder’s Apple Watch|johnspartan
2024-02-21 18:45:13,1.37,Davinder’s Apple Watch|johnspartan
2024-02-21 18:45:14,1.37,Davinder’s Apple Watch|johnspartan
2024-02-21 18:45:15,1.37,Davinder’s Apple Watch|johnspartan
2024-02-21 18:45:16,1.37,Davinder’s Apple Watch|johnspartan
2024-02-21 18:45:17,1.37,Davinder’s Apple Watch|johnspartan
2024-02-21 18:45:18,1.37,Davinder’s Apple Watch|johnspartan
2024-02-21 18:45:19,1.37,Davinder’s Apple Watch|johnspartan
2024-02-21 18:45:20,1.37,Davinder’s Apple Watch|johnspartan
2024-02-21 18:45:21,1.37,Davinder’s Apple Watch|johnspartan
2024-02-21 18:45:22,1.37,Davinder’s Apple Watch|johnspartan
2024-02-21 18:45:23,1.37,Davinder’s Apple Watch|johnspartan
2024-02-21 18:45:24,1.37,Davinder’s Apple Watch|johnspartan
2024-02-21 18:45:25,1.37,Davinder’s Apple Watch|johnspartan
2024-02-21 18:45:26,1.37,Davinder’s Apple Watch|johnspartan
2024-02-21 18:45:27,1.37,Davinder’s Apple Watch|johnspartan
2024-02-21 18:45:28,1.37,Davinder’s Apple Watch|johnspartan
2024-02-21 18:45:29,1.37,Davinder’s Apple Watch|johnspartan
2024-02-21 18:45:30,1.37,Davinder’s Apple Watch|johnspartan
2024-02-21 18:45:31,1.37,Davinder’s Apple Watch|johnspartan
2024-02-21 18:45:32,1.37,Davinder’s Apple Watch|johnspartan
2024-02-21 18:45:33,1.37,Davinder’s Apple Watch|johnspartan
2024-02-21 18:45:34,1.37,Davinder’s Apple Watch|johnspartan
2024-02-21 18:45:35,1.37,Davinder’s Apple Watch|johnspartan
2024-02-21 18:45:36,1.37,Davinder’s Apple Watch|johnspartan
2024-02-21 18:45:37,1.37,Davinder’s Apple Watch|johnspartan
2024-02-21 18:45:38,1.37,Davinder’s Apple Watch|johnspartan
2024-02-21 18:45:39,1.37,Davinder’s Apple Watch|johnspartan
2024-02-21 18:45:40,1.37,Davinder’s Apple Watch|johnspartan
2024-02-21 18:45:41,1.37,Davinder’s Apple Watch|johnspartan
2024-02-21 18:45:42,1.37,Davinder’s Apple Watch|johnspartan
2024-02-21 18:45:43,1.37,Davinder’s Apple Watch|johnspartan
2024-02-21 18:45:44,1.37,Davinder’s Apple Watch|johnspartan
2024-02-21 18:45:45,1.37,Davinder’s Apple Watch|johnspartan
2024-02-21 18:45:46,1.37,Davinder’s Apple Watch|johnspartan
2024-02-21 18:45:47,1.37,Davinder’s Apple Watch|johnspartan
2024-02-21 18:45:48,1.37,Davinder’s Apple Watch|johnspartan
2024-02-21 18:45:49,1.37,Davinder’s Apple Watch|johnspartan
2024-02-21 18:45:50,1.37,Davinder’s Apple Watch|johnspartan
2024-02-21 18:45:51,1.37,Davinder’s Apple Watch|johnspartan
2024-02-21 18:45:52,1.37,Davinder’s Apple Watch|johnspartan
2024-02-21 18:45:53,1.37,Davinder’s Apple Watch|johnspartan
2024-02-21 18:45:54,1.37,Davinder’s Apple Watch|johnspartan
2024-02-21 18:45:55,1.37,Davinder’s Apple Watch|johnspartan
2024-02-21 18:45:56,1.37,Davinder’s Apple Watch|johnspartan
2024-02-21 18:45:57,1.37,Davinder’s Apple Watch|johnspartan
2024-02-21 18:45:58,1.37,Davinder’s Apple Watch|johnspartan
2024-02-21 18:45:59,1.37,Davinder’s Apple Watch|johnspartan
2024-02-21 18:46:00,1.37,Davinder’s Apple Watch|johnspartan
2024-02-21 18:46:01,1.37,Davinder’s Apple Watch|johnspartan
2024-02-21 18:46:02,1.37,Davinder’s Apple Watch|johnspartan
2024-02-21 18:46:03,1.37,Davinder’s Apple Watch|johnspartan
2024-02-21 18:46:04,1.37,Davinder’s Apple Watch|johnspartan
2024-02-21 18:46:05,1.37,Davinder’s Apple Watch|johnspartan
2024-02-21 18:46:06,1.37,Davinder’s Apple Watch|johnspartan
2024-02-21 18:46:07,1.37,Davinder’s Apple Watch|johnspartan
2024-02-21 18:46:08,1.37,Davinder’s Apple Watch|johnspartan
2024-02-21 18:46:09,1.37,Davinder’s Apple Watch|johnspartan
2024-02-21 18:46:10,1.37,Davinder’s Apple Watch|johnspartan
2024-02-21 18:46:11,1.37,Davinder’s Apple Watch|johnspartan
2024-02-21 18:46:12,1.37,Davinder’s Apple Watch|johnspartan
2024-02-21 18:46:13,1.37,Davinder’s Apple Watch|johnspartan
2024-02-21 18:46:14,1.37,Davinder’s Apple Watch|johnspartan
2024-02-21 18:46:15,1.37,Davinder’s Apple Watch|johnspartan
2024-02-21 18:46:16,1.37,Davinder’s Apple Watch|johnspartan
2024-02-21 18:46:17,1.37,Davinder’s Apple Watch|johnspartan
2024-02-21 18:46:18,1.37,Davinder’s Apple Watch|johnspartan
2024-02-21 18:46:19,1.37,Davinder’s Apple Watch|johnspartan
2024-02-21 18:46:20,1.37,Davinder’s Apple Watch|johnspartan
2024-02-21 18:46:21,1.37,Davinder’s Apple Watch|johnspartan
2024-02-21 18:46:22,1.37,Davinder’s Apple Watch|johnspartan
2024-02-21 18:46:23,1.37,Davinder’s Apple Watch|johnspartan
2024-02-21 18:46:24,1.37,Davinder’s Apple Watch|johnspartan
2024-02-21 18:46:25,1.37,Davinder’s Apple Watch|johnspartan
2024-02-21 18:46:26,1.37,Davinder’s Apple Watch|johnspartan
2024-02-21 18:46:27,1.37,Davinder’s Apple Watch|johnspartan
2024-02-21 18:46:28,1.37,Davinder’s Apple Watch|johnspartan
2024-02-21 18:46:29,1.37,Davinder’s Apple Watch|johnspartan
2024-02-21 18:46:30,1.37,Davinder’s Apple Watch|johnspartan
2024-02-21 18:46:31,1.37,Davinder’s Apple Watch|johnspartan
2024-02-21 18:46:32,1.37,Davinder’s Apple Watch|johnspartan
2024-02-21 18:46:33,1.37,Davinder’s Apple Watch|johnspartan
2024-02-21 18:46:34,1.37,Davinder’s Apple Watch|johnspartan
2024-02-21 18:46:35,1.37,Davinder’s Apple Watch|johnspartan
2024-02-21 18:46:36,1.37,Davinder’s Apple Watch|johnspartan
2024-02-21 18:46:37,1.37,Davinder’s Apple Watch|johnspartan
2024-02-21 18:46:38,1.37,Davinder’s Apple Watch|johnspartan
2024-02-21 18:46:39,1.37,Davinder’s Apple Watch|johnspartan
2024-02-21 18:46:40,1.37,Davinder’s Apple Watch|johnspartan
2024-02-21 18:46:41,1.37,Davinder’s Apple Watch|johnspartan
2024-02-21 18:46:42,1.37,Davinder’s Apple Watch|johnspartan
2024-02-21 18:46:43,1.37,Davinder’s Apple Watch|johnspartan
2024-02-21 18:46:44,1.37,Davinder’s Apple Watch|johnspartan
2024-02-21 18:46:45,1.37,Davinder’s Apple Watch|johnspartan
2024-02-21 18:46:46,1.37,Davinder’s Apple Watch|johnspartan
2024-02-21 18:46:47,1.37,Davinder’s Apple Watch|johnspartan
2024-02-21 18:46:48,1.37,Davinder’s Apple Watch|johnspartan
2024-02-21 18:46:49,1.37,Davinder’s Apple Watch|johnspartan
2024-02-21 18:46:50,1.37,Davinder’s Apple Watch|johnspartan
2024-02-21 18:46:51,1.37,Davinder’s Apple Watch|johnspartan
2024-02-21 18:46:52,1.37,Davinder’s Apple Watch|johnspartan
2024-02-21 18:46:53,1.37,Davinder’s Apple Watch|johnspartan
2024-02-21 18:46:54,1.37,Davinder’s Apple Watch|johnspartan
2024-02-21 18:46:55,1.37,Davinder’s Apple Watch|johnspartan
2024-02-21 18:46:56,1.37,Davinder’s Apple Watch|johnspartan
2024-02-21 18:46:57,1.37,Davinder’s Apple Watch|johnspartan
2024-02-21 18:46:58,1.37,Davinder’s Apple Watch|johnspartan
2024-02-21 18:46:59,1.37,Davinder’s Apple Watch|johnspartan
2024-02-21 18:47:00,1.37,Davinder’s Apple Watch|johnspartan
2024-02-21 18:47:01,1.37,Davinder’s Apple Watch|johnspartan
2024-02-21 18:47:02,1.37,Davinder’s Apple Watch|johnspartan
2024-02-21 18:47:03,1.37,Davinder’s Apple Watch|johnspartan
2024-02-21 18:47:04,1.37,Davinder’s Apple Watch|johnspartan
2024-02-21 18:47:05,1.37,Davinder’s Apple Watch|johnspartan
2024-02-21 18:47:06,1.37,Davinder’s Apple Watch|johnspartan
2024-02-21 18:47:07,1.37,Davinder’s Apple Watch|johnspartan
2024-02-21 18:47:08,1.37,Davinder’s Apple Watch|johnspartan
2024-02-21 18:47:09,1.37,Davinder’s Apple Watch|johnspartan
2024-02-21 18:47:10,1.37,Davinder’s Apple Watch|johnspartan
2024-02-21 18:47:11,1.37,Davinder’s Apple Watch|johnspartan
2024-02-21 18:47:12,1.37,Davinder’s Apple Watch|johnspartan
2024-02-21 18:47:13,1.37,Davinder’s Apple Watch|johnspartan
2024-02-21 18:47:14,1.37,Davinder’s Apple Watch|johnspartan
2024-02-21 18:47:15,1.37,Davinder’s Apple Watch|johnspartan
2024-02-21 18:47:16,1.37,Davinder’s Apple Watch|johnspartan
2024-02-21 18:47:17,1.37,Davinder’s Apple Watch|johnspartan
2024-02-21 18:47:18,1.37,Davinder’s Apple Watch|johnspartan
2024-02-21 18:47:19,1.37,Davinder’s Apple Watch|johnspartan
2024-02-21 18:47:20,1.37,Davinder’s Apple Watch|johnspartan
2024-02-21 18:47:21,1.37,Davinder’s Apple Watch|johnspartan
2024-02-21 18:47:22,1.37,Davinder’s Apple Watch|johnspartan
2024-02-21 18:47:23,1.37,Davinder’s Apple Watch|johnspartan
2024-02-21 18:47:24,1.37,Davinder’s Apple Watch|johnspartan
2024-02-21 18:47:25,1.37,Davinder’s Apple Watch|johnspartan
2024-02-21 18:47:26,1.37,Davinder’s Apple Watch|johnspartan
2024-02-21 18:47:27,1.37,Davinder’s Apple Watch|johnspartan
2024-02-21 18:47:28,1.37,Davinder’s Apple Watch|johnspartan
2024-02-21 18:47:29,1.37,Davinder’s Apple Watch|johnspartan
2024-02-21 18:47:30,1.37,Davinder’s Apple Watch|johnspartan
2024-02-21 18:47:31,1.37,Davinder’s Apple Watch|johnspartan
2024-02-21 18:47:32,1.37,Davinder’s Apple Watch|johnspartan
2024-02-21 18:47:33,1.37,Davinder’s Apple Watch|johnspartan
2024-02-21 18:47:34,1.37,Davinder’s Apple Watch|johnspartan
2024-02-21 18:47:35,1.37,Davinder’s Apple Watch|johnspartan
2024-02-21 18:47:36,1.37,Davinder’s Apple Watch|johnspartan
2024-02-21 18:47:37,1.37,Davinder’s Apple Watch|johnspartan
2024-02-21 18:47:38,1.37,Davinder’s Apple Watch|johnspartan
2024-02-21 18:47:39,1.37,Davinder’s Apple Watch|johnspartan
2024-02-21 18:47:40,1.37,Davinder’s Apple Watch|johnspartan
2024-02-21 18:47:41,1.37,Davinder’s Apple Watch|johnspartan
2024-02-21 18:47:42,1.37,Davinder’s Apple Watch|johnspartan
2024-02-21 18:47:43,1.37,Davinder’s Apple Watch|johnspartan
2024-02-21 18:47:44,1.37,Davinder’s Apple Watch|johnspartan
2024-02-21 18:47:45,1.37,Davinder’s Apple Watch|johnspartan
2024-02-21 18:47:46,1.37,Davinder’s Apple Watch|johnspartan
2024-02-21 18:47:47,1.37,Davinder’s Apple Watch|johnspartan
2024-02-21 18:47:48,1.37,Davinder’s Apple Watch|johnspartan
2024-02-21 18:47:49,1.37,Davinder’s Apple Watch|johnspartan
2024-02-21 18:47:50,1.37,Davinder’s Apple Watch|johnspartan
2024-02-21 18:47:51,1.37,Davinder’s Apple Watch|johnspartan
2024-02-21 18:47:52,1.37,Davinder’s Apple Watch|johnspartan
2024-02-21 18:47:53,1.37,Davinder’s Apple Watch|johnspartan
2024-02-21 18:47:54,1.37,Davinder’s Apple Watch|johnspartan
2024-02-21 18:47:55,1.37,Davinder’s Apple Watch|johnspartan
2024-02-21 18:47:56,1.37,Davinder’s Apple Watch|johnspartan
2024-02-21 18:47:57,1.37,Davinder’s Apple Watch|johnspartan
2024-02-21 18:47:58,1.37,Davinder’s Apple Watch|johnspartan
2024-02-21 18:47:59,1.37,Davinder’s Apple Watch|johnspartan
2024-02-21 18:48:00,1.37,Davinder’s Apple Watch|johnspartan
2024-02-21 18:48:01,1.37,Davinder’s Apple Watch|johnspartan
2024-02-21 18:48:02,1.37,Davinder’s Apple Watch|johnspartan
2024-02-21 18:48:03,1.37,Davinder’s Apple Watch|johnspartan
2024-02-21 18:48:04,1.37,Davinder’s Apple Watch|johnspartan
2024-02-21 18:48:05,1.37,Davinder’s Apple Watch|johnspartan
2024-02-21 18:48:06,1.37,Davinder’s Apple Watch|johnspartan
2024-02-21 18:48:07,1.37,Davinder’s Apple Watch|johnspartan
2024-02-21 18:48:08,1.37,Davinder’s Apple Watch|johnspartan
2024-02-21 18:48:09,1.37,Davinder’s Apple Watch|johnspartan
2024-02-21 18:48:10,1.37,Davinder’s Apple Watch|johnspartan
2024-02-21 18:48:11,1.37,Davinder’s Apple Watch|johnspartan
2024-02-21 18:48:12,1.37,Davinder’s Apple Watch|johnspartan
2024-02-21 18:48:13,1.37,Davinder’s Apple Watch|johnspartan
2024-02-21 18:48:14,1.37,Davinder’s Apple Watch|johnspartan
2024-02-21 18:48:15,1.37,Davinder’s Apple Watch|johnspartan
2024-02-21 18:48:16,1.37,Davinder’s Apple Watch|johnspartan
2024-02-21 18:48:17,1.37,Davinder’s Apple Watch|johnspartan
2024-02-21 18:48:18,1.37,Davinder’s Apple Watch|johnspartan
2024-02-21 18:48:19,1.37,Davinder’s Apple Watch|johnspartan
2024-02-21 18:48:20,1.37,Davinder’s Apple Watch|johnspartan
2024-02-21 18:48:21,1.37,Davinder’s Apple Watch|johnspartan
2024-02-21 18:48:22,1.37,Davinder’s Apple Watch|johnspartan
2024-02-21 18:48:23,1.37,Davinder’s Apple Watch|johnspartan
2024-02-21 18:48:24,1.37,Davinder’s Apple Watch|johnspartan
2024-02-21 18:48:25,1.37,Davinder’s Apple Watch|johnspartan
2024-02-21 18:48:26,1.37,Davinder’s Apple Watch|johnspartan
2024-02-21 18:48:27,1.37,Davinder’s Apple Watch|johnspartan
2024-02-21 18:48:28,1.37,Davinder’s Apple Watch|johnspartan
2024-02-21 18:48:29,1.37,Davinder’s Apple Watch|johnspartan
2024-02-21 18:48:30,1.37,Davinder’s Apple Watch|johnspartan
2024-02-21 18:48:31,1.37,Davinder’s Apple Watch|johnspartan
2024-02-21 18:48:32,1.37,Davinder’s Apple Watch|johnspartan
2024-02-21 18:48:33,1.37,Davinder’s Apple Watch|johnspartan
2024-02-21 18:48:34,1.37,Davinder’s Apple Watch|johnspartan
2024-02-21 18:48:35,1.37,Davinder’s Apple Watch|johnspartan
2024-02-21 18:48:36,1.37,Davinder’s Apple Watch|johnspartan
2024-02-21 18:48:37,1.37,Davinder’s Apple Watch|johnspartan
2024-02-21 18:48:38,1.37,Davinder’s Apple Watch|johnspartan
2024-02-21 18:48:39,1.37,Davinder’s Apple Watch|johnspartan
2024-02-21 18:48:40,1.37,Davinder’s Apple Watch|johnspartan
2024-02-21 18:48:41,1.37,Davinder’s Apple Watch|johnspartan
2024-02-21 18:48:42,1.37,Davinder’s Apple Watch|johnspartan
2024-02-21 18:48:43,1.37,Davinder’s Apple Watch|johnspartan
2024-02-21 18:48:44,1.37,Davinder’s Apple Watch|johnspartan
2024-02-21 18:48:45,1.37,Davinder’s Apple Watch|johnspartan
2024-02-21 18:48:46,1.37,Davinder’s Apple Watch|johnspartan
2024-02-21 18:48:47,1.37,Davinder’s Apple Watch|johnspartan
2024-02-21 18:48:48,1.37,Davinder’s Apple Watch|johnspartan
2024-02-21 18:48:49,1.37,Davinder’s Apple Watch|johnspartan
2024-02-21 18:48:50,1.37,Davinder’s Apple Watch|johnspartan
2024-02-21 18:48:51,1.37,Davinder’s Apple Watch|johnspartan
2024-02-21 18:48:52,1.37,Davinder’s Apple Watch|johnspartan
2024-02-21 18:48:53,1.37,Davinder’s Apple Watch|johnspartan
2024-02-21 18:48:54,1.37,Davinder’s Apple Watch|johnspartan
2024-02-21 18:48:55,1.37,Davinder’s Apple Watch|johnspartan
2024-02-21 18:48:56,1.37,Davinder’s Apple Watch|johnspartan
2024-02-21 18:48:57,1.37,Davinder’s Apple Watch|johnspartan
2024-02-21 18:48:58,1.37,Davinder’s Apple Watch|johnspartan
2024-02-21 18:48:59,1.37,Davinder’s Apple Watch|johnspartan
2024-02-21 18:49:00,1.37,Davinder’s Apple Watch|johnspartan
2024-02-21 18:49:01,1.37,Davinder’s Apple Watch|johnspartan
2024-02-21 18:49:02,1.37,Davinder’s Apple Watch|johnspartan
2024-02-21 18:49:03,1.37,Davinder’s Apple Watch|johnspartan
2024-02-21 18:49:04,1.37,Davinder’s Apple Watch|johnspartan
2024-02-21 18:49:05,1.37,Davinder’s Apple Watch|johnspartan
2024-02-21 18:49:06,1.37,Davinder’s Apple Watch|johnspartan
2024-02-21 18:49:07,1.37,Davinder’s Apple Watch|johnspartan
2024-02-21 18:49:08,1.37,Davinder’s Apple Watch|johnspartan
2024-02-21 18:49:09,1.37,Davinder’s Apple Watch|johnspartan
2024-02-21 18:49:10,1.37,Davinder’s Apple Watch|johnspartan
2024-02-21 18:49:11,1.37,Davinder’s Apple Watch|johnspartan
2024-02-21 18:49:12,1.37,Davinder’s Apple Watch|johnspartan
2024-02-21 18:49:13,1.37,Davinder’s Apple Watch|johnspartan
2024-02-21 18:49:14,1.37,Davinder’s Apple Watch|johnspartan
2024-02-21 18:49:15,1.37,Davinder’s Apple Watch|johnspartan
2024-02-21 18:49:16,1.37,Davinder’s Apple Watch|johnspartan
2024-02-21 18:49:17,1.37,Davinder’s Apple Watch|johnspartan
2024-02-21 18:49:18,1.37,Davinder’s Apple Watch|johnspartan
2024-02-21 18:49:19,1.37,Davinder’s Apple Watch|johnspartan
2024-02-21 18:49:20,1.37,Davinder’s Apple Watch|johnspartan
2024-02-21 18:49:21,1.37,Davinder’s Apple Watch|johnspartan
2024-02-21 18:49:22,1.37,Davinder’s Apple Watch|johnspartan
2024-02-21 18:49:23,1.37,Davinder’s Apple Watch|johnspartan
2024-02-21 18:49:24,1.37,Davinder’s Apple Watch|johnspartan
2024-02-21 18:49:25,1.37,Davinder’s Apple Watch|johnspartan
2024-02-21 18:49:26,1.37,Davinder’s Apple Watch|johnspartan
2024-02-21 18:49:27,1.37,Davinder’s Apple Watch|johnspartan
2024-02-21 18:49:28,1.37,Davinder’s Apple Watch|johnspartan
2024-02-21 18:49:29,1.37,Davinder’s Apple Watch|johnspartan
2024-02-21 18:49:30,1.37,Davinder’s Apple Watch|johnspartan
2024-02-21 18:49:31,1.37,Davinder’s Apple Watch|johnspartan
2024-02-21 18:49:32,1.37,Davinder’s Apple Watch|johnspartan
2024-02-21 18:49:33,1.37,Davinder’s Apple Watch|johnspartan
2024-02-21 18:49:34,1.37,Davinder’s Apple Watch|johnspartan
2024-02-21 18:49:35,1.37,Davinder’s Apple Watch|johnspartan
2024-02-21 18:49:36,1.37,Davinder’s Apple Watch|johnspartan
2024-02-21 18:49:37,1.37,Davinder’s Apple Watch|johnspartan
2024-02-21 18:49:38,1.37,Davinder’s Apple Watch|johnspartan
2024-02-21 18:49:39,1.37,Davinder’s Apple Watch|johnspartan
2024-02-21 18:49:40,1.37,Davinder’s Apple Watch|johnspartan
2024-02-21 18:49:41,1.37,Davinder’s Apple Watch|johnspartan
2024-02-21 18:49:42,1.37,Davinder’s Apple Watch|johnspartan
2024-02-21 18:49:43,1.37,Davinder’s Apple Watch|johnspartan
2024-02-21 18:49:44,1.37,Davinder’s Apple Watch|johnspartan
2024-02-21 18:49:45,1.37,Davinder’s Apple Watch|johnspartan
2024-02-21 18:49:46,1.37,Davinder’s Apple Watch|johnspartan
2024-02-21 18:49:47,1.37,Davinder’s Apple Watch|johnspartan
2024-02-21 18:49:48,1.37,Davinder’s Apple Watch|johnspartan
2024-02-21 18:49:49,1.37,Davinder’s Apple Watch|johnspartan
2024-02-21 18:49:50,1.37,Davinder’s Apple Watch|johnspartan
2024-02-21 18:49:51,1.37,Davinder’s Apple Watch|johnspartan
2024-02-21 18:49:52,1.37,Davinder’s Apple Watch|johnspartan
2024-02-21 18:49:53,1.37,Davinder’s Apple Watch|johnspartan
2024-02-21 18:49:54,1.37,Davinder’s Apple Watch|johnspartan
2024-02-21 18:49:55,1.37,Davinder’s Apple Watch|johnspartan
2024-02-21 18:49:56,1.37,Davinder’s Apple Watch|johnspartan
2024-02-21 18:49:57,1.37,Davinder’s Apple Watch|johnspartan
2024-02-21 18:49:58,1.37,Davinder’s Apple Watch|johnspartan
2024-02-21 18:49:59,1.37,Davinder’s Apple Watch|johnspartan
2024-02-21 18:50:00,1.37,Davinder’s Apple Watch|johnspartan
2024-02-21 18:50:01,1.37,Davinder’s Apple Watch|johnspartan
2024-02-21 18:50:02,1.37,Davinder’s Apple Watch|johnspartan
2024-02-21 18:50:03,1.37,Davinder’s Apple Watch|johnspartan
2024-02-21 18:50:04,1.37,Davinder’s Apple Watch|johnspartan
2024-02-21 18:50:05,1.37,Davinder’s Apple Watch|johnspartan
2024-02-21 18:50:06,1.37,Davinder’s Apple Watch|johnspartan
2024-02-21 18:50:07,1.37,Davinder’s Apple Watch|johnspartan
2024-02-21 18:50:08,1.37,Davinder’s Apple Watch|johnspartan
2024-02-21 18:50:09,1.37,Davinder’s Apple Watch|johnspartan
2024-02-21 18:50:10,1.37,Davinder’s Apple Watch|johnspartan
2024-02-21 18:50:11,1.37,Davinder’s Apple Watch|johnspartan
2024-02-21 18:50:12,1.37,Davinder’s Apple Watch|johnspartan
2024-02-21 18:50:13,1.37,Davinder’s Apple Watch|johnspartan
2024-02-21 18:50:14,1.37,Davinder’s Apple Watch|johnspartan
2024-02-21 18:50:15,1.37,Davinder’s Apple Watch|johnspartan
2024-02-21 18:50:16,1.37,Davinder’s Apple Watch|johnspartan
2024-02-21 18:50:17,1.37,Davinder’s Apple Watch|johnspartan
2024-02-21 18:50:18,1.37,Davinder’s Apple Watch|johnspartan
2024-02-21 18:50:19,1.37,Davinder’s Apple Watch|johnspartan
2024-02-21 18:50:20,1.37,Davinder’s Apple Watch|johnspartan
2024-02-21 18:50:21,1.37,Davinder’s Apple Watch|johnspartan
2024-02-21 18:50:22,1.37,Davinder’s Apple Watch|johnspartan
2024-02-21 18:50:23,1.37,Davinder’s Apple Watch|johnspartan
2024-02-21 18:50:24,1.37,Davinder’s Apple Watch|johnspartan
2024-02-21 18:50:25,1.37,Davinder’s Apple Watch|johnspartan
2024-02-21 18:50:26,1.37,Davinder’s Apple Watch|johnspartan
2024-02-21 18:50:27,1.37,Davinder’s Apple Watch|johnspartan
2024-02-21 18:50:28,1.37,Davinder’s Apple Watch|johnspartan
2024-02-21 18:50:29,1.37,Davinder’s Apple Watch|johnspartan
2024-02-21 18:50:30,1.37,Davinder’s Apple Watch|johnspartan
2024-02-21 18:50:31,1.37,Davinder’s Apple Watch|johnspartan
2024-02-21 18:50:32,1.37,Davinder’s Apple Watch|johnspartan
2024-02-21 18:50:33,1.37,Davinder’s Apple Watch|johnspartan
2024-02-21 18:50:34,1.37,Davinder’s Apple Watch|johnspartan
2024-02-21 18:50:35,1.37,Davinder’s Apple Watch|johnspartan
2024-02-21 18:50:36,1.37,Davinder’s Apple Watch|johnspartan
2024-02-21 18:50:37,1.37,Davinder’s Apple Watch|johnspartan
2024-02-21 18:50:38,1.37,Davinder’s Apple Watch|johnspartan
2024-02-21 18:50:39,1.37,Davinder’s Apple Watch|johnspartan
2024-02-21 18:50:40,1.37,Davinder’s Apple Watch|johnspartan
2024-02-21 18:50:41,1.37,Davinder’s Apple Watch|johnspartan
2024-02-21 18:50:42,1.37,Davinder’s Apple Watch|johnspartan
2024-02-21 18:50:43,1.37,Davinder’s Apple Watch|johnspartan
2024-02-21 18:50:44,1.37,Davinder’s Apple Watch|johnspartan
2024-02-21 18:50:45,1.37,Davinder’s Apple Watch|johnspartan
2024-02-21 18:50:46,1.37,Davinder’s Apple Watch|johnspartan
2024-02-21 18:50:47,1.37,Davinder’s Apple Watch|johnspartan
2024-02-21 18:50:48,1.37,Davinder’s Apple Watch|johnspartan
2024-02-21 18:50:49,1.37,Davinder’s Apple Watch|johnspartan
2024-02-21 18:50:50,1.37,Davinder’s Apple Watch|johnspartan
2024-02-21 18:50:51,1.37,Davinder’s Apple Watch|johnspartan
2024-02-21 18:50:52,1.37,Davinder’s Apple Watch|johnspartan
2024-02-21 18:50:53,1.37,Davinder’s Apple Watch|johnspartan
2024-02-21 18:50:54,1.37,Davinder’s Apple Watch|johnspartan
2024-02-21 18:50:55,1.37,Davinder’s Apple Watch|johnspartan
2024-02-21 18:50:56,1.37,Davinder’s Apple Watch|johnspartan
2024-02-21 18:50:57,1.37,Davinder’s Apple Watch|johnspartan
2024-02-21 18:50:58,1.37,Davinder’s Apple Watch|johnspartan
2024-02-21 18:50:59,1.37,Davinder’s Apple Watch|johnspartan
2024-02-21 18:51:00,1.37,Davinder’s Apple Watch|johnspartan
2024-02-21 18:51:01,1.37,Davinder’s Apple Watch|johnspartan
2024-02-21 18:51:02,1.37,Davinder’s Apple Watch|johnspartan
2024-02-21 18:51:03,1.37,Davinder’s Apple Watch|johnspartan
2024-02-21 18:51:04,1.37,Davinder’s Apple Watch|johnspartan
2024-02-21 18:51:05,1.37,Davinder’s Apple Watch|johnspartan
2024-02-21 18:51:06,1.37,Davinder’s Apple Watch|johnspartan
2024-02-21 18:51:07,1.37,Davinder’s Apple Watch|johnspartan
2024-02-21 18:51:08,1.37,Davinder’s Apple Watch|johnspartan
2024-02-21 18:51:09,1.37,Davinder’s Apple Watch|johnspartan
2024-02-21 18:51:10,1.37,Davinder’s Apple Watch|johnspartan
2024-02-21 18:51:11,1.37,Davinder’s Apple Watch|johnspartan
2024-02-21 18:51:12,1.37,Davinder’s Apple Watch|johnspartan
2024-02-21 18:51:13,1.37,Davinder’s Apple Watch|johnspartan
2024-02-21 18:51:14,1.37,Davinder’s Apple Watch|johnspartan
2024-02-21 18:51:15,1.37,Davinder’s Apple Watch|johnspartan
2024-02-21 18:51:16,1.37,Davinder’s Apple Watch|johnspartan
2024-02-21 18:51:17,1.37,Davinder’s Apple Watch|johnspartan
2024-02-21 18:51:18,1.36,Davinder’s Apple Watch|johnspartan
2024-02-21 18:51:19,1.33,Davinder’s Apple Watch|johnspartan
2024-02-21 18:51:20,1.33,Davinder’s Apple Watch|johnspartan
2024-02-21 18:51:21,1.33,Davinder’s Apple Watch|johnspartan
2024-02-21 18:51:22,1.33,Davinder’s Apple Watch|johnspartan
2024-02-21 18:51:23,1.33,Davinder’s Apple Watch|johnspartan
2024-02-21 18:51:24,1.33,Davinder’s Apple Watch|johnspartan
2024-02-21 18:51:25,1.33,Davinder’s Apple Watch|johnspartan
2024-02-21 18:51:26,1.33,Davinder’s Apple Watch|johnspartan
2024-02-21 18:51:27,1.33,Davinder’s Apple Watch|johnspartan
2024-02-21 18:51:28,1.33,Davinder’s Apple Watch|johnspartan
2024-02-21 18:51:29,1.33,Davinder’s Apple Watch|johnspartan
2024-02-21 18:51:30,1.33,Davinder’s Apple Watch|johnspartan
2024-02-21 18:51:31,1.33,Davinder’s Apple Watch|johnspartan
2024-02-21 18:51:32,1.33,Davinder’s Apple Watch|johnspartan
2024-02-21 18:51:33,1.33,Davinder’s Apple Watch|johnspartan
2024-02-21 18:51:34,1.33,Davinder’s Apple Watch|johnspartan
2024-02-21 18:51:35,1.33,Davinder’s Apple Watch|johnspartan
2024-02-21 18:51:36,1.33,Davinder’s Apple Watch|johnspartan
2024-02-21 18:51:37,1.33,Davinder’s Apple Watch|johnspartan
2024-02-21 18:51:38,1.33,Davinder’s Apple Watch|johnspartan
2024-02-21 18:51:39,1.33,Davinder’s Apple Watch|johnspartan
2024-02-21 18:51:40,1.33,Davinder’s Apple Watch|johnspartan
2024-02-21 18:51:41,1.33,Davinder’s Apple Watch|johnspartan
2024-02-21 18:51:42,1.33,Davinder’s Apple Watch|johnspartan
2024-02-21 18:51:43,1.33,Davinder’s Apple Watch|johnspartan
2024-02-21 18:51:44,1.33,Davinder’s Apple Watch|johnspartan
2024-02-21 18:51:45,1.33,Davinder’s Apple Watch|johnspartan
2024-02-21 18:51:46,1.33,Davinder’s Apple Watch|johnspartan
2024-02-21 18:51:47,1.33,Davinder’s Apple Watch|johnspartan
2024-02-21 18:51:48,1.33,Davinder’s Apple Watch|johnspartan
2024-02-21 18:51:49,1.33,Davinder’s Apple Watch|johnspartan
2024-02-21 18:51:50,1.33,Davinder’s Apple Watch|johnspartan
2024-02-21 18:51:51,1.33,Davinder’s Apple Watch|johnspartan
2024-02-21 18:51:52,1.33,Davinder’s Apple Watch|johnspartan
2024-02-21 18:51:53,1.33,Davinder’s Apple Watch|johnspartan
2024-02-21 18:51:54,1.33,Davinder’s Apple Watch|johnspartan
2024-02-21 18:51:55,1.33,Davinder’s Apple Watch|johnspartan
2024-02-21 18:51:56,1.33,Davinder’s Apple Watch|johnspartan
2024-02-21 18:51:57,1.33,Davinder’s Apple Watch|johnspartan
2024-02-21 18:51:58,1.33,Davinder’s Apple Watch|johnspartan
2024-02-21 18:51:59,1.33,Davinder’s Apple Watch|johnspartan
2024-02-21 18:52:00,1.33,Davinder’s Apple Watch|johnspartan
2024-02-21 18:52:01,1.33,Davinder’s Apple Watch|johnspartan
2024-02-21 18:52:02,1.33,Davinder’s Apple Watch|johnspartan
2024-02-21 18:52:03,1.33,Davinder’s Apple Watch|johnspartan
2024-02-21 18:52:04,1.33,Davinder’s Apple Watch|johnspartan
2024-02-21 18:52:05,1.33,Davinder’s Apple Watch|johnspartan
2024-02-21 18:52:06,1.33,Davinder’s Apple Watch|johnspartan
2024-02-21 18:52:07,1.33,Davinder’s Apple Watch|johnspartan
2024-02-21 18:52:08,1.33,Davinder’s Apple Watch|johnspartan
2024-02-21 18:52:09,1.33,Davinder’s Apple Watch|johnspartan
2024-02-21 18:52:10,1.33,Davinder’s Apple Watch|johnspartan
2024-02-21 18:52:11,1.33,Davinder’s Apple Watch|johnspartan
2024-02-21 18:52:12,1.33,Davinder’s Apple Watch|johnspartan
2024-02-21 18:52:13,1.33,Davinder’s Apple Watch|johnspartan
2024-02-21 18:52:14,1.33,Davinder’s Apple Watch|johnspartan
2024-02-21 18:52:15,1.33,Davinder’s Apple Watch|johnspartan
2024-02-21 18:52:16,1.33,Davinder’s Apple Watch|johnspartan
2024-02-21 18:52:17,1.33,Davinder’s Apple Watch|johnspartan
2024-02-21 18:52:18,1.33,Davinder’s Apple Watch|johnspartan
2024-02-21 18:52:19,1.33,Davinder’s Apple Watch|johnspartan
2024-02-21 18:52:20,1.33,Davinder’s Apple Watch|johnspartan
2024-02-21 18:52:21,1.33,Davinder’s Apple Watch|johnspartan
2024-02-21 18:52:22,1.33,Davinder’s Apple Watch|johnspartan
2024-02-21 18:52:23,1.33,Davinder’s Apple Watch|johnspartan
2024-02-21 18:52:24,1.33,Davinder’s Apple Watch|johnspartan
2024-02-21 18:52:25,1.33,Davinder’s Apple Watch|johnspartan
2024-02-21 18:52:26,1.33,Davinder’s Apple Watch|johnspartan
2024-02-21 18:52:27,1.33,Davinder’s Apple Watch|johnspartan
2024-02-21 18:52:28,1.33,Davinder’s Apple Watch|johnspartan
2024-02-21 18:52:29,1.33,Davinder’s Apple Watch|johnspartan
2024-02-21 18:52:30,1.33,Davinder’s Apple Watch|johnspartan
2024-02-21 18:52:31,1.33,Davinder’s Apple Watch|johnspartan
2024-02-21 18:52:32,1.33,Davinder’s Apple Watch|johnspartan
2024-02-21 18:52:33,1.33,Davinder’s Apple Watch|johnspartan
2024-02-21 18:52:34,1.33,Davinder’s Apple Watch|johnspartan
2024-02-21 18:52:35,1.33,Davinder’s Apple Watch|johnspartan
2024-02-21 18:52:36,1.33,Davinder’s Apple Watch|johnspartan
2024-02-21 18:52:37,1.33,Davinder’s Apple Watch|johnspartan
2024-02-21 18:52:38,1.33,Davinder’s Apple Watch|johnspartan
2024-02-21 18:52:39,1.33,Davinder’s Apple Watch|johnspartan
2024-02-21 18:52:40,1.33,Davinder’s Apple Watch|johnspartan
2024-02-21 18:52:41,1.33,Davinder’s Apple Watch|johnspartan
2024-02-21 18:52:42,1.33,Davinder’s Apple Watch|johnspartan
2024-02-21 18:52:43,1.33,Davinder’s Apple Watch|johnspartan
2024-02-21 18:52:44,1.33,Davinder’s Apple Watch|johnspartan
2024-02-21 18:52:45,1.33,Davinder’s Apple Watch|johnspartan
2024-02-21 18:52:46,1.33,Davinder’s Apple Watch|johnspartan
2024-02-21 18:52:47,1.33,Davinder’s Apple Watch|johnspartan
2024-02-21 18:52:48,1.33,Davinder’s Apple Watch|johnspartan
2024-02-21 18:52:49,1.33,Davinder’s Apple Watch|johnspartan
2024-02-21 18:52:50,1.33,Davinder’s Apple Watch|johnspartan
2024-02-21 18:52:51,1.33,Davinder’s Apple Watch|johnspartan
2024-02-21 18:52:52,1.33,Davinder’s Apple Watch|johnspartan
2024-02-21 18:52:53,1.33,Davinder’s Apple Watch|johnspartan
2024-02-21 18:52:54,1.33,Davinder’s Apple Watch|johnspartan
2024-02-21 18:52:55,1.33,Davinder’s Apple Watch|johnspartan
2024-02-21 18:52:56,1.33,Davinder’s Apple Watch|johnspartan
2024-02-21 18:52:57,1.33,Davinder’s Apple Watch|johnspartan
2024-02-21 18:52:58,1.33,Davinder’s Apple Watch|johnspartan
2024-02-21 18:52:59,1.33,Davinder’s Apple Watch|johnspartan
2024-02-21 18:53:00,1.33,Davinder’s Apple Watch|johnspartan
2024-02-21 18:53:01,1.33,Davinder’s Apple Watch|johnspartan
2024-02-21 18:53:02,1.33,Davinder’s Apple Watch|johnspartan
2024-02-21 18:53:03,1.33,Davinder’s Apple Watch|johnspartan
2024-02-21 18:53:04,1.33,Davinder’s Apple Watch|johnspartan
2024-02-21 18:53:05,1.33,Davinder’s Apple Watch|johnspartan
2024-02-21 18:53:06,1.33,Davinder’s Apple Watch|johnspartan
2024-02-21 18:53:07,1.33,Davinder’s Apple Watch|johnspartan
2024-02-21 18:53:08,1.33,Davinder’s Apple Watch|johnspartan
2024-02-21 18:53:09,1.33,Davinder’s Apple Watch|johnspartan
2024-02-21 18:53:10,1.33,Davinder’s Apple Watch|johnspartan
2024-02-21 18:53:11,1.33,Davinder’s Apple Watch|johnspartan
2024-02-21 18:53:12,1.33,Davinder’s Apple Watch|johnspartan
2024-02-21 18:53:13,1.33,Davinder’s Apple Watch|johnspartan
2024-02-21 18:53:14,1.33,Davinder’s Apple Watch|johnspartan
2024-02-21 18:53:15,1.33,Davinder’s Apple Watch|johnspartan
2024-02-21 18:53:16,1.33,Davinder’s Apple Watch|johnspartan
2024-02-21 18:53:17,1.33,Davinder’s Apple Watch|johnspartan
2024-02-21 18:53:18,1.33,Davinder’s Apple Watch|johnspartan
2024-02-21 18:53:19,1.33,Davinder’s Apple Watch|johnspartan
2024-02-21 18:53:20,1.33,Davinder’s Apple Watch|johnspartan
2024-02-21 18:53:21,1.33,Davinder’s Apple Watch|johnspartan
2024-02-21 18:53:22,1.33,Davinder’s Apple Watch|johnspartan
2024-02-21 18:53:23,1.33,Davinder’s Apple Watch|johnspartan
2024-02-21 18:53:24,1.33,Davinder’s Apple Watch|johnspartan
2024-02-21 18:53:25,1.33,Davinder’s Apple Watch|johnspartan
2024-02-21 18:53:26,1.33,Davinder’s Apple Watch|johnspartan
2024-02-21 18:53:27,1.33,Davinder’s Apple Watch|johnspartan
2024-02-21 18:53:28,1.33,Davinder’s Apple Watch|johnspartan
2024-02-21 18:53:29,1.33,Davinder’s Apple Watch|johnspartan
2024-02-21 18:53:30,1.33,Davinder’s Apple Watch|johnspartan
2024-02-21 18:53:31,1.33,Davinder’s Apple Watch|johnspartan
2024-02-21 18:53:32,1.33,Davinder’s Apple Watch|johnspartan
2024-02-21 18:53:33,1.33,Davinder’s Apple Watch|johnspartan
2024-02-21 18:53:34,1.33,Davinder’s Apple Watch|johnspartan
2024-02-21 18:53:35,1.33,Davinder’s Apple Watch|johnspartan
2024-02-21 18:53:36,1.33,Davinder’s Apple Watch|johnspartan
2024-02-21 18:53:37,1.33,Davinder’s Apple Watch|johnspartan
2024-02-21 18:53:38,1.33,Davinder’s Apple Watch|johnspartan
2024-02-21 18:53:39,1.33,Davinder’s Apple Watch|johnspartan
2024-02-21 18:53:40,1.33,Davinder’s Apple Watch|johnspartan
2024-02-21 18:53:41,1.33,Davinder’s Apple Watch|johnspartan
2024-02-21 18:53:42,1.33,Davinder’s Apple Watch|johnspartan
2024-02-21 18:53:43,1.33,Davinder’s Apple Watch|johnspartan
2024-02-21 18:53:44,1.33,Davinder’s Apple Watch|johnspartan
2024-02-21 18:53:45,1.33,Davinder’s Apple Watch|johnspartan
2024-02-21 18:53:46,1.33,Davinder’s Apple Watch|johnspartan
2024-02-21 18:53:47,1.33,Davinder’s Apple Watch|johnspartan
2024-02-21 18:53:48,1.33,Davinder’s Apple Watch|johnspartan
2024-02-21 18:53:49,1.33,Davinder’s Apple Watch|johnspartan
2024-02-21 18:53:50,1.33,Davinder’s Apple Watch|johnspartan
2024-02-21 18:53:51,1.33,Davinder’s Apple Watch|johnspartan
2024-02-21 18:53:52,1.33,Davinder’s Apple Watch|johnspartan
2024-02-21 18:53:53,1.33,Davinder’s Apple Watch|johnspartan
2024-02-21 18:53:54,1.33,Davinder’s Apple Watch|johnspartan
2024-02-21 18:53:55,1.33,Davinder’s Apple Watch|johnspartan
2024-02-21 18:53:56,1.33,Davinder’s Apple Watch|johnspartan
2024-02-21 18:53:57,1.33,Davinder’s Apple Watch|johnspartan
2024-02-21 18:53:58,1.33,Davinder’s Apple Watch|johnspartan
2024-02-21 18:53:59,1.33,Davinder’s Apple Watch|johnspartan
2024-02-21 18:54:00,1.33,Davinder’s Apple Watch|johnspartan
2024-02-21 18:54:01,1.33,Davinder’s Apple Watch|johnspartan
2024-02-21 18:54:02,1.33,Davinder’s Apple Watch|johnspartan
2024-02-21 18:54:03,1.33,Davinder’s Apple Watch|johnspartan
2024-02-21 18:54:04,1.33,Davinder’s Apple Watch|johnspartan
2024-02-21 18:54:05,1.33,Davinder’s Apple Watch|johnspartan
2024-02-21 18:54:06,1.33,Davinder’s Apple Watch|johnspartan
2024-02-21 18:54:07,1.33,Davinder’s Apple Watch|johnspartan
2024-02-21 18:54:08,1.33,Davinder’s Apple Watch|johnspartan
2024-02-21 18:54:09,1.33,Davinder’s Apple Watch|johnspartan
2024-02-21 18:54:10,1.33,Davinder’s Apple Watch|johnspartan
2024-02-21 18:54:11,1.33,Davinder’s Apple Watch|johnspartan
2024-02-21 18:54:12,1.33,Davinder’s Apple Watch|johnspartan
2024-02-21 18:54:13,1.33,Davinder’s Apple Watch|johnspartan
2024-02-21 18:54:14,1.33,Davinder’s Apple Watch|johnspartan
2024-02-21 18:54:15,1.33,Davinder’s Apple Watch|johnspartan
2024-02-21 18:54:16,1.33,Davinder’s Apple Watch|johnspartan
2024-02-21 18:54:17,1.33,Davinder’s Apple Watch|johnspartan
2024-02-21 18:54:18,1.33,Davinder’s Apple Watch|johnspartan
2024-02-21 18:54:19,1.33,Davinder’s Apple Watch|johnspartan
2024-02-21 18:54:20,1.33,Davinder’s Apple Watch|johnspartan
2024-02-21 18:54:21,1.33,Davinder’s Apple Watch|johnspartan
2024-02-21 18:54:22,1.33,Davinder’s Apple Watch|johnspartan
2024-02-21 18:54:23,1.33,Davinder’s Apple Watch|johnspartan
2024-02-21 18:54:24,1.33,Davinder’s Apple Watch|johnspartan
2024-02-21 18:54:25,1.33,Davinder’s Apple Watch|johnspartan
2024-02-21 18:54:26,1.33,Davinder’s Apple Watch|johnspartan
2024-02-21 18:54:27,1.33,Davinder’s Apple Watch|johnspartan
2024-02-21 18:54:28,1.33,Davinder’s Apple Watch|johnspartan
2024-02-21 18:54:29,1.33,Davinder’s Apple Watch|johnspartan
2024-02-21 18:54:30,1.33,Davinder’s Apple Watch|johnspartan
2024-02-21 18:54:31,1.33,Davinder’s Apple Watch|johnspartan
2024-02-21 18:54:32,1.33,Davinder’s Apple Watch|johnspartan
2024-02-21 18:54:33,1.33,Davinder’s Apple Watch|johnspartan
2024-02-21 18:54:34,1.33,Davinder’s Apple Watch|johnspartan
2024-02-21 18:54:35,1.33,Davinder’s Apple Watch|johnspartan
2024-02-21 18:54:36,1.33,Davinder’s Apple Watch|johnspartan
2024-02-21 18:54:37,1.33,Davinder’s Apple Watch|johnspartan
2024-02-21 18:54:38,1.33,Davinder’s Apple Watch|johnspartan
2024-02-21 18:54:39,1.33,Davinder’s Apple Watch|johnspartan
2024-02-21 18:54:40,1.33,Davinder’s Apple Watch|johnspartan
2024-02-21 18:54:41,1.33,Davinder’s Apple Watch|johnspartan
2024-02-21 18:54:42,1.33,Davinder’s Apple Watch|johnspartan
2024-02-21 18:54:43,1.33,Davinder’s Apple Watch|johnspartan
2024-02-21 18:54:44,1.33,Davinder’s Apple Watch|johnspartan
2024-02-21 18:54:45,1.33,Davinder’s Apple Watch|johnspartan
2024-02-21 18:54:46,1.33,Davinder’s Apple Watch|johnspartan
2024-02-21 18:54:47,1.33,Davinder’s Apple Watch|johnspartan
2024-02-21 18:54:48,1.33,Davinder’s Apple Watch|johnspartan
2024-02-21 18:54:49,1.33,Davinder’s Apple Watch|johnspartan
2024-02-21 18:54:50,1.33,Davinder’s Apple Watch|johnspartan
2024-02-21 18:54:51,1.33,Davinder’s Apple Watch|johnspartan
2024-02-21 18:54:52,1.33,Davinder’s Apple Watch|johnspartan
2024-02-21 18:54:53,1.33,Davinder’s Apple Watch|johnspartan
2024-02-21 18:54:54,1.33,Davinder’s Apple Watch|johnspartan
2024-02-21 18:54:55,1.33,Davinder’s Apple Watch|johnspartan
2024-02-21 18:54:56,1.33,Davinder’s Apple Watch|johnspartan
2024-02-21 18:54:57,1.33,Davinder’s Apple Watch|johnspartan
2024-02-21 18:54:58,1.33,Davinder’s Apple Watch|johnspartan
2024-02-21 18:54:59,1.33,Davinder’s Apple Watch|johnspartan
2024-02-21 18:55:00,1.33,Davinder’s Apple Watch|johnspartan
2024-02-21 18:55:01,1.33,Davinder’s Apple Watch|johnspartan
2024-02-21 18:55:02,1.33,Davinder’s Apple Watch|johnspartan
2024-02-21 18:55:03,1.33,Davinder’s Apple Watch|johnspartan
2024-02-21 18:55:04,1.33,Davinder’s Apple Watch|johnspartan
2024-02-21 18:55:05,1.33,Davinder’s Apple Watch|johnspartan
2024-02-21 18:55:06,1.33,Davinder’s Apple Watch|johnspartan
2024-02-21 18:55:07,1.33,Davinder’s Apple Watch|johnspartan
2024-02-21 18:55:08,1.33,Davinder’s Apple Watch|johnspartan
2024-02-21 18:55:09,1.33,Davinder’s Apple Watch|johnspartan
2024-02-21 18:55:10,1.33,Davinder’s Apple Watch|johnspartan
2024-02-21 18:55:11,1.33,Davinder’s Apple Watch|johnspartan
2024-02-21 18:55:12,1.33,Davinder’s Apple Watch|johnspartan
2024-02-21 18:55:13,1.33,Davinder’s Apple Watch|johnspartan
2024-02-21 18:55:14,1.33,Davinder’s Apple Watch|johnspartan
2024-02-21 18:55:15,1.33,Davinder’s Apple Watch|johnspartan
2024-02-21 18:55:16,1.33,Davinder’s Apple Watch|johnspartan
2024-02-21 18:55:17,1.33,Davinder’s Apple Watch|johnspartan
2024-02-21 18:55:18,1.33,Davinder’s Apple Watch|johnspartan
2024-02-21 18:55:19,1.33,Davinder’s Apple Watch|johnspartan
2024-02-21 18:55:20,1.33,Davinder’s Apple Watch|johnspartan
2024-02-21 18:55:21,1.33,Davinder’s Apple Watch|johnspartan
2024-02-21 18:55:22,1.33,Davinder’s Apple Watch|johnspartan
2024-02-21 18:55:23,1.33,Davinder’s Apple Watch|johnspartan
2024-02-21 18:55:24,1.33,Davinder’s Apple Watch|johnspartan
2024-02-21 18:55:25,1.33,Davinder’s Apple Watch|johnspartan
2024-02-21 18:55:26,1.33,Davinder’s Apple Watch|johnspartan
2024-02-21 18:55:27,1.33,Davinder’s Apple Watch|johnspartan
2024-02-21 18:55:28,1.33,Davinder’s Apple Watch|johnspartan
2024-02-21 18:55:29,1.33,Davinder’s Apple Watch|johnspartan
2024-02-21 18:55:30,1.33,Davinder’s Apple Watch|johnspartan
2024-02-21 18:55:31,1.33,Davinder’s Apple Watch|johnspartan
2024-02-21 18:55:32,1.33,Davinder’s Apple Watch|johnspartan
2024-02-21 18:55:33,1.33,Davinder’s Apple Watch|johnspartan
2024-02-21 18:55:34,1.33,Davinder’s Apple Watch|johnspartan
2024-02-21 18:55:35,1.33,Davinder’s Apple Watch|johnspartan
2024-02-21 18:55:36,1.33,Davinder’s Apple Watch|johnspartan
2024-02-21 18:55:37,1.33,Davinder’s Apple Watch|johnspartan
2024-02-21 18:55:38,1.33,Davinder’s Apple Watch|johnspartan
2024-02-21 18:55:39,1.33,Davinder’s Apple Watch|johnspartan
2024-02-21 18:55:40,1.33,Davinder’s Apple Watch|johnspartan
2024-02-21 18:55:41,1.33,Davinder’s Apple Watch|johnspartan
2024-02-21 18:55:42,1.33,Davinder’s Apple Watch|johnspartan
2024-02-21 18:55:43,1.33,Davinder’s Apple Watch|johnspartan
2024-02-21 18:55:44,1.33,Davinder’s Apple Watch|johnspartan
2024-02-21 18:55:45,1.33,Davinder’s Apple Watch|johnspartan
2024-02-21 18:55:46,1.33,Davinder’s Apple Watch|johnspartan
2024-02-21 18:55:47,1.33,Davinder’s Apple Watch|johnspartan
2024-02-21 18:55:48,1.33,Davinder’s Apple Watch|johnspartan
2024-02-21 18:55:49,1.33,Davinder’s Apple Watch|johnspartan
2024-02-21 18:55:50,1.33,Davinder’s Apple Watch|johnspartan
2024-02-21 18:55:51,1.33,Davinder’s Apple Watch|johnspartan
2024-02-21 18:55:52,1.33,Davinder’s Apple Watch|johnspartan
2024-02-21 18:55:53,1.33,Davinder’s Apple Watch|johnspartan
2024-02-21 18:55:54,1.33,Davinder’s Apple Watch|johnspartan
2024-02-21 18:55:55,1.33,Davinder’s Apple Watch|johnspartan
2024-02-21 18:55:56,1.33,Davinder’s Apple Watch|johnspartan
2024-02-21 18:55:57,1.33,Davinder’s Apple Watch|johnspartan
2024-02-21 18:55:58,1.33,Davinder’s Apple Watch|johnspartan
2024-02-21 18:55:59,1.33,Davinder’s Apple Watch|johnspartan
2024-02-21 18:56:00,1.33,Davinder’s Apple Watch|johnspartan
2024-02-21 18:56:01,1.33,Davinder’s Apple Watch|johnspartan
2024-02-21 18:56:02,1.33,Davinder’s Apple Watch|johnspartan
2024-02-21 18:56:03,1.33,Davinder’s Apple Watch|johnspartan
2024-02-21 18:56:04,1.33,Davinder’s Apple Watch|johnspartan
2024-02-21 18:56:05,1.33,Davinder’s Apple Watch|johnspartan
2024-02-21 18:56:06,1.33,Davinder’s Apple Watch|johnspartan
2024-02-21 18:56:07,1.33,Davinder’s Apple Watch|johnspartan
2024-02-21 18:56:08,1.33,Davinder’s Apple Watch|johnspartan
2024-02-21 18:56:09,1.33,Davinder’s Apple Watch|johnspartan
2024-02-21 18:56:10,1.33,Davinder’s Apple Watch|johnspartan
2024-02-21 18:56:11,1.33,Davinder’s Apple Watch|johnspartan
2024-02-21 18:56:12,1.33,Davinder’s Apple Watch|johnspartan
2024-02-21 18:56:13,1.33,Davinder’s Apple Watch|johnspartan
2024-02-21 18:56:14,1.33,Davinder’s Apple Watch|johnspartan
2024-02-21 18:56:15,1.33,Davinder’s Apple Watch|johnspartan
2024-02-21 18:56:16,1.33,Davinder’s Apple Watch|johnspartan
2024-02-21 18:56:17,1.33,Davinder’s Apple Watch|johnspartan
2024-02-21 18:56:18,1.33,Davinder’s Apple Watch|johnspartan
2024-02-21 18:56:19,1.33,Davinder’s Apple Watch|johnspartan
2024-02-21 18:56:20,1.33,Davinder’s Apple Watch|johnspartan
2024-02-21 18:56:21,1.33,Davinder’s Apple Watch|johnspartan
2024-02-21 18:56:22,1.33,Davinder’s Apple Watch|johnspartan
2024-02-21 18:56:23,1.33,Davinder’s Apple Watch|johnspartan
2024-02-21 18:56:24,1.33,Davinder’s Apple Watch|johnspartan
2024-02-21 18:56:25,1.33,Davinder’s Apple Watch|johnspartan
2024-02-21 18:56:26,1.33,Davinder’s Apple Watch|johnspartan
2024-02-21 18:56:27,1.33,Davinder’s Apple Watch|johnspartan
2024-02-21 18:56:28,1.33,Davinder’s Apple Watch|johnspartan
2024-02-21 18:56:29,1.33,Davinder’s Apple Watch|johnspartan
2024-02-21 18:56:30,1.33,Davinder’s Apple Watch|johnspartan
2024-02-21 18:56:31,1.33,Davinder’s Apple Watch|johnspartan
2024-02-21 18:56:32,1.33,Davinder’s Apple Watch|johnspartan
2024-02-21 18:56:33,1.33,Davinder’s Apple Watch|johnspartan
2024-02-21 18:56:34,1.33,Davinder’s Apple Watch|johnspartan
2024-02-21 18:56:35,1.33,Davinder’s Apple Watch|johnspartan
2024-02-21 18:56:36,1.33,Davinder’s Apple Watch|johnspartan
2024-02-21 18:56:37,1.33,Davinder’s Apple Watch|johnspartan
2024-02-21 18:56:38,1.33,Davinder’s Apple Watch|johnspartan
2024-02-21 18:56:39,1.33,Davinder’s Apple Watch|johnspartan
2024-02-21 18:56:40,1.33,Davinder’s Apple Watch|johnspartan
2024-02-21 18:56:41,1.33,Davinder’s Apple Watch|johnspartan
2024-02-21 18:56:42,1.33,Davinder’s Apple Watch|johnspartan
2024-02-21 18:56:43,1.33,Davinder’s Apple Watch|johnspartan
2024-02-21 18:56:44,1.33,Davinder’s Apple Watch|johnspartan
2024-02-21 18:56:45,1.33,Davinder’s Apple Watch|johnspartan
2024-02-21 18:56:46,1.33,Davinder’s Apple Watch|johnspartan
2024-02-21 18:56:47,1.33,Davinder’s Apple Watch|johnspartan
2024-02-21 18:56:48,1.33,Davinder’s Apple Watch|johnspartan
2024-02-21 18:56:49,1.33,Davinder’s Apple Watch|johnspartan
2024-02-21 18:56:50,1.33,Davinder’s Apple Watch|johnspartan
2024-02-21 18:56:51,1.33,Davinder’s Apple Watch|johnspartan
2024-02-21 18:56:52,1.33,Davinder’s Apple Watch|johnspartan
2024-02-21 18:56:53,1.33,Davinder’s Apple Watch|johnspartan
2024-02-21 18:56:54,1.33,Davinder’s Apple Watch|johnspartan
2024-02-21 18:56:55,1.33,Davinder’s Apple Watch|johnspartan
2024-02-21 18:56:56,1.33,Davinder’s Apple Watch|johnspartan
2024-02-21 18:56:57,1.33,Davinder’s Apple Watch|johnspartan
2024-02-21 18:56:58,1.33,Davinder’s Apple Watch|johnspartan
2024-02-21 18:56:59,1.33,Davinder’s Apple Watch|johnspartan
2024-02-21 18:57:00,1.33,Davinder’s Apple Watch|johnspartan
2024-02-21 18:57:01,1.33,Davinder’s Apple Watch|johnspartan
2024-02-21 18:57:02,1.33,Davinder’s Apple Watch|johnspartan
2024-02-21 18:57:03,1.33,Davinder’s Apple Watch|johnspartan
2024-02-21 18:57:04,1.33,Davinder’s Apple Watch|johnspartan
2024-02-21 18:57:05,1.33,Davinder’s Apple Watch|johnspartan
2024-02-21 18:57:06,1.33,Davinder’s Apple Watch|johnspartan
2024-02-21 18:57:07,1.33,Davinder’s Apple Watch|johnspartan
2024-02-21 18:57:08,1.33,Davinder’s Apple Watch|johnspartan
2024-02-21 18:57:09,1.33,Davinder’s Apple Watch|johnspartan
2024-02-21 18:57:10,1.33,Davinder’s Apple Watch|johnspartan
2024-02-21 18:57:11,1.33,Davinder’s Apple Watch|johnspartan
2024-02-21 18:57:12,1.33,Davinder’s Apple Watch|johnspartan
2024-02-21 18:57:13,1.33,Davinder’s Apple Watch|johnspartan
2024-02-21 18:57:14,1.33,Davinder’s Apple Watch|johnspartan
2024-02-21 18:57:15,1.33,Davinder’s Apple Watch|johnspartan
2024-02-21 18:57:16,1.33,Davinder’s Apple Watch|johnspartan
2024-02-21 18:57:17,1.33,Davinder’s Apple Watch|johnspartan
2024-02-21 18:57:18,1.33,Davinder’s Apple Watch|johnspartan
2024-02-21 18:57:19,1.33,Davinder’s Apple Watch|johnspartan
2024-02-21 18:57:20,1.33,Davinder’s Apple Watch|johnspartan
2024-02-21 18:57:21,1.33,Davinder’s Apple Watch|johnspartan
2024-02-21 18:57:22,1.33,Davinder’s Apple Watch|johnspartan
2024-02-21 18:57:23,1.33,Davinder’s Apple Watch|johnspartan
2024-02-21 18:57:24,1.33,Davinder’s Apple Watch|johnspartan
2024-02-21 18:57:25,1.33,Davinder’s Apple Watch|johnspartan
2024-02-21 18:57:26,1.33,Davinder’s Apple Watch|johnspartan
2024-02-21 18:57:27,1.33,Davinder’s Apple Watch|johnspartan
2024-02-21 18:57:28,1.33,Davinder’s Apple Watch|johnspartan
2024-02-21 18:57:29,1.33,Davinder’s Apple Watch|johnspartan
2024-02-21 18:57:30,1.33,Davinder’s Apple Watch|johnspartan
2024-02-21 18:57:31,1.33,Davinder’s Apple Watch|johnspartan
2024-02-21 18:57:32,1.33,Davinder’s Apple Watch|johnspartan
2024-02-21 18:57:33,1.33,Davinder’s Apple Watch|johnspartan
2024-02-21 18:57:34,1.33,Davinder’s Apple Watch|johnspartan
2024-02-21 18:57:35,1.33,Davinder’s Apple Watch|johnspartan
2024-02-21 18:57:36,1.33,Davinder’s Apple Watch|johnspartan
2024-02-21 18:57:37,1.33,Davinder’s Apple Watch|johnspartan
2024-02-21 18:57:38,1.33,Davinder’s Apple Watch|johnspartan
2024-02-21 18:57:39,1.33,Davinder’s Apple Watch|johnspartan
2024-02-21 18:57:40,1.33,Davinder’s Apple Watch|johnspartan
2024-02-21 18:57:41,1.33,Davinder’s Apple Watch|johnspartan
2024-02-21 18:57:42,1.33,Davinder’s Apple Watch|johnspartan
2024-02-21 18:57:43,1.33,Davinder’s Apple Watch|johnspartan
2024-02-21 18:57:44,1.33,Davinder’s Apple Watch|johnspartan
2024-02-21 18:57:45,1.33,Davinder’s Apple Watch|johnspartan
2024-02-21 18:57:46,1.33,Davinder’s Apple Watch|johnspartan
2024-02-21 18:57:47,1.33,Davinder’s Apple Watch|johnspartan
2024-02-21 18:57:48,1.33,Davinder’s Apple Watch|johnspartan
2024-02-21 18:57:49,1.33,Davinder’s Apple Watch|johnspartan
2024-02-21 18:57:50,1.33,Davinder’s Apple Watch|johnspartan
2024-02-21 18:57:51,1.33,Davinder’s Apple Watch|johnspartan
2024-02-21 18:57:52,1.33,Davinder’s Apple Watch|johnspartan
2024-02-21 18:57:53,1.33,Davinder’s Apple Watch|johnspartan
2024-02-21 18:57:54,1.33,Davinder’s Apple Watch|johnspartan
2024-02-21 18:57:55,1.33,Davinder’s Apple Watch|johnspartan
2024-02-21 18:57:56,1.33,Davinder’s Apple Watch|johnspartan
2024-02-21 18:57:57,1.33,Davinder’s Apple Watch|johnspartan
2024-02-21 18:57:58,1.33,Davinder’s Apple Watch|johnspartan
2024-02-21 18:57:59,1.33,Davinder’s Apple Watch|johnspartan
2024-02-21 18:58:00,1.33,Davinder’s Apple Watch|johnspartan
2024-02-21 18:58:01,1.33,Davinder’s Apple Watch|johnspartan
2024-02-21 18:58:02,1.33,Davinder’s Apple Watch|johnspartan
2024-02-21 18:58:03,1.33,Davinder’s Apple Watch|johnspartan
2024-02-21 18:58:04,1.33,Davinder’s Apple Watch|johnspartan
2024-02-21 18:58:05,1.33,Davinder’s Apple Watch|johnspartan
2024-02-21 18:58:06,1.33,Davinder’s Apple Watch|johnspartan
2024-02-21 18:58:07,1.33,Davinder’s Apple Watch|johnspartan
2024-02-21 18:58:08,1.33,Davinder’s Apple Watch|johnspartan
2024-02-21 18:58:09,1.33,Davinder’s Apple Watch|johnspartan
2024-02-21 18:58:10,1.33,Davinder’s Apple Watch|johnspartan
2024-02-21 18:58:11,1.33,Davinder’s Apple Watch|johnspartan
2024-02-21 18:58:12,1.33,Davinder’s Apple Watch|johnspartan
2024-02-21 18:58:13,1.33,Davinder’s Apple Watch|johnspartan
2024-02-21 18:58:14,1.33,Davinder’s Apple Watch|johnspartan
2024-02-21 18:58:15,1.33,Davinder’s Apple Watch|johnspartan
2024-02-21 18:58:16,1.33,Davinder’s Apple Watch|johnspartan
2024-02-21 18:58:17,1.33,Davinder’s Apple Watch|johnspartan
2024-02-21 18:58:18,1.33,Davinder’s Apple Watch|johnspartan
2024-02-21 18:58:19,1.33,Davinder’s Apple Watch|johnspartan
2024-02-21 18:58:20,1.33,Davinder’s Apple Watch|johnspartan
2024-02-21 18:58:21,1.33,Davinder’s Apple Watch|johnspartan
2024-02-21 18:58:22,1.33,Davinder’s Apple Watch|johnspartan
2024-02-21 18:58:23,1.33,Davinder’s Apple Watch|johnspartan
2024-02-21 18:58:24,1.33,Davinder’s Apple Watch|johnspartan
2024-02-21 18:58:25,1.33,Davinder’s Apple Watch|johnspartan
2024-02-21 18:58:26,1.33,Davinder’s Apple Watch|johnspartan
2024-02-21 18:58:27,1.33,Davinder’s Apple Watch|johnspartan
2024-02-21 18:58:28,1.33,Davinder’s Apple Watch|johnspartan
2024-02-21 18:58:29,1.33,Davinder’s Apple Watch|johnspartan
2024-02-21 18:58:30,1.33,Davinder’s Apple Watch|johnspartan
2024-02-21 18:58:31,1.33,Davinder’s Apple Watch|johnspartan
2024-02-21 18:58:32,1.33,Davinder’s Apple Watch|johnspartan
2024-02-21 18:58:33,1.33,Davinder’s Apple Watch|johnspartan
2024-02-21 18:58:34,1.33,Davinder’s Apple Watch|johnspartan
2024-02-21 18:58:35,1.33,Davinder’s Apple Watch|johnspartan
2024-02-21 18:58:36,1.33,Davinder’s Apple Watch|johnspartan
2024-02-21 18:58:37,1.33,Davinder’s Apple Watch|johnspartan
2024-02-21 18:58:38,1.33,Davinder’s Apple Watch|johnspartan
2024-02-21 18:58:39,1.33,Davinder’s Apple Watch|johnspartan
2024-02-21 18:58:40,1.33,Davinder’s Apple Watch|johnspartan
2024-02-21 18:58:41,1.33,Davinder’s Apple Watch|johnspartan
2024-02-21 18:58:42,1.33,Davinder’s Apple Watch|johnspartan
2024-02-21 18:58:43,1.33,Davinder’s Apple Watch|johnspartan
2024-02-21 18:58:44,1.33,Davinder’s Apple Watch|johnspartan
2024-02-21 18:58:45,1.33,Davinder’s Apple Watch|johnspartan
2024-02-21 18:58:46,1.33,Davinder’s Apple Watch|johnspartan
2024-02-21 18:58:47,1.33,Davinder’s Apple Watch|johnspartan
2024-02-21 18:58:48,1.33,Davinder’s Apple Watch|johnspartan
2024-02-21 18:58:49,1.33,Davinder’s Apple Watch|johnspartan
2024-02-21 18:58:50,1.33,Davinder’s Apple Watch|johnspartan
2024-02-21 18:58:51,1.33,Davinder’s Apple Watch|johnspartan
2024-02-21 18:58:52,1.33,Davinder’s Apple Watch|johnspartan
2024-02-21 18:58:53,1.33,Davinder’s Apple Watch|johnspartan
2024-02-21 18:58:54,1.33,Davinder’s Apple Watch|johnspartan
2024-02-21 18:58:55,1.33,Davinder’s Apple Watch|johnspartan
2024-02-21 18:58:56,1.33,Davinder’s Apple Watch|johnspartan
2024-02-21 18:58:57,1.33,Davinder’s Apple Watch|johnspartan
2024-02-21 18:58:58,1.33,Davinder’s Apple Watch|johnspartan
2024-02-21 18:58:59,1.33,Davinder’s Apple Watch|johnspartan
2024-02-21 18:59:00,1.33,Davinder’s Apple Watch|johnspartan
2024-02-21 18:59:01,1.33,Davinder’s Apple Watch|johnspartan
2024-02-21 18:59:02,1.33,Davinder’s Apple Watch|johnspartan
2024-02-21 18:59:03,1.33,Davinder’s Apple Watch|johnspartan
2024-02-21 18:59:04,1.33,Davinder’s Apple Watch|johnspartan
2024-02-21 18:59:05,1.33,Davinder’s Apple Watch|johnspartan
2024-02-21 18:59:06,1.33,Davinder’s Apple Watch|johnspartan
2024-02-21 18:59:07,1.33,Davinder’s Apple Watch|johnspartan
2024-02-21 18:59:08,1.33,Davinder’s Apple Watch|johnspartan
2024-02-21 18:59:09,1.33,Davinder’s Apple Watch|johnspartan
2024-02-21 18:59:10,1.33,Davinder’s Apple Watch|johnspartan
2024-02-21 18:59:11,1.33,Davinder’s Apple Watch|johnspartan
2024-02-21 18:59:12,1.33,Davinder’s Apple Watch|johnspartan
2024-02-21 18:59:13,1.33,Davinder’s Apple Watch|johnspartan
2024-02-21 18:59:14,1.33,Davinder’s Apple Watch|johnspartan
2024-02-21 18:59:15,1.33,Davinder’s Apple Watch|johnspartan
2024-02-21 18:59:16,1.33,Davinder’s Apple Watch|johnspartan
2024-02-21 18:59:17,1.33,Davinder’s Apple Watch|johnspartan
2024-02-21 18:59:18,1.33,Davinder’s Apple Watch|johnspartan
2024-02-21 18:59:19,1.33,Davinder’s Apple Watch|johnspartan
2024-02-21 18:59:20,1.33,Davinder’s Apple Watch|johnspartan
2024-02-21 18:59:21,1.33,Davinder’s Apple Watch|johnspartan
2024-02-21 18:59:22,1.33,Davinder’s Apple Watch|johnspartan
2024-02-21 18:59:23,1.33,Davinder’s Apple Watch|johnspartan
2024-02-21 18:59:24,1.33,Davinder’s Apple Watch|johnspartan
2024-02-21 18:59:25,1.33,Davinder’s Apple Watch|johnspartan
2024-02-21 18:59:26,1.33,Davinder’s Apple Watch|johnspartan
2024-02-21 18:59:27,1.33,Davinder’s Apple Watch|johnspartan
2024-02-21 18:59:28,1.33,Davinder’s Apple Watch|johnspartan
2024-02-21 18:59:29,1.33,Davinder’s Apple Watch|johnspartan
2024-02-21 18:59:30,1.33,Davinder’s Apple Watch|johnspartan
2024-02-21 18:59:31,1.33,Davinder’s Apple Watch|johnspartan
2024-02-21 18:59:32,1.33,Davinder’s Apple Watch|johnspartan
2024-02-21 18:59:33,1.33,Davinder’s Apple Watch|johnspartan
2024-02-21 18:59:34,1.33,Davinder’s Apple Watch|johnspartan
2024-02-21 18:59:35,1.33,Davinder’s Apple Watch|johnspartan
2024-02-21 18:59:36,1.33,Davinder’s Apple Watch|johnspartan
2024-02-21 18:59:37,1.33,Davinder’s Apple Watch|johnspartan
2024-02-21 18:59:38,1.33,Davinder’s Apple Watch|johnspartan
2024-02-21 18:59:39,1.33,Davinder’s Apple Watch|johnspartan
2024-02-21 18:59:40,1.33,Davinder’s Apple Watch|johnspartan
2024-02-21 18:59:41,1.33,Davinder’s Apple Watch|johnspartan
2024-02-21 18:59:42,1.33,Davinder’s Apple Watch|johnspartan
2024-02-21 18:59:43,1.33,Davinder’s Apple Watch|johnspartan
2024-02-21 18:59:44,1.33,Davinder’s Apple Watch|johnspartan
2024-02-21 18:59:45,1.33,Davinder’s Apple Watch|johnspartan
2024-02-21 18:59:46,1.33,Davinder’s Apple Watch|johnspartan
2024-02-21 18:59:47,1.33,Davinder’s Apple Watch|johnspartan
2024-02-21 18:59:48,1.33,Davinder’s Apple Watch|johnspartan
2024-02-21 18:59:49,1.33,Davinder’s Apple Watch|johnspartan
2024-02-21 18:59:50,1.33,Davinder’s Apple Watch|johnspartan
2024-02-21 18:59:51,1.33,Davinder’s Apple Watch|johnspartan
2024-02-21 18:59:52,1.33,Davinder’s Apple Watch|johnspartan
2024-02-21 18:59:53,1.33,Davinder’s Apple Watch|johnspartan
2024-02-21 18:59:54,1.33,Davinder’s Apple Watch|johnspartan
2024-02-21 18:59:55,1.33,Davinder’s Apple Watch|johnspartan
2024-02-21 18:59:56,1.33,Davinder’s Apple Watch|johnspartan
2024-02-21 18:59:57,1.33,Davinder’s Apple Watch|johnspartan
2024-02-21 18:59:58,1.33,Davinder’s Apple Watch|johnspartan
2024-02-21 18:59:59,1.33,Davinder’s Apple Watch|johnspartan
2024-02-21 19:00:00,1.33,Davinder’s Apple Watch|johnspartan
2024-02-21 19:00:01,1.33,Davinder’s Apple Watch|johnspartan
2024-02-21 19:00:02,1.33,Davinder’s Apple Watch|johnspartan
2024-02-21 19:00:03,1.33,Davinder’s Apple Watch|johnspartan
2024-02-21 19:00:04,1.33,Davinder’s Apple Watch|johnspartan
2024-02-21 19:00:05,1.33,Davinder’s Apple Watch|johnspartan
2024-02-21 19:00:06,1.33,Davinder’s Apple Watch|johnspartan
2024-02-21 19:00:07,1.33,Davinder’s Apple Watch|johnspartan
2024-02-21 19:00:08,1.33,Davinder’s Apple Watch|johnspartan
2024-02-21 19:00:09,1.33,Davinder’s Apple Watch|johnspartan
2024-02-21 19:00:10,1.33,Davinder’s Apple Watch|johnspartan
2024-02-21 19:00:11,1.33,Davinder’s Apple Watch|johnspartan
2024-02-21 19:00:12,1.33,Davinder’s Apple Watch|johnspartan
2024-02-21 19:00:13,1.33,Davinder’s Apple Watch|johnspartan
2024-02-21 19:00:14,1.33,Davinder’s Apple Watch|johnspartan
2024-02-21 19:00:15,1.33,Davinder’s Apple Watch|johnspartan
2024-02-21 19:00:16,1.33,Davinder’s Apple Watch|johnspartan
2024-02-21 19:00:17,1.33,Davinder’s Apple Watch|johnspartan
2024-02-21 19:00:18,1.33,Davinder’s Apple Watch|johnspartan
2024-02-21 19:00:19,1.33,Davinder’s Apple Watch|johnspartan
2024-02-21 19:00:20,1.33,Davinder’s Apple Watch|johnspartan
2024-02-21 19:00:21,1.33,Davinder’s Apple Watch|johnspartan
2024-02-21 19:00:22,1.33,Davinder’s Apple Watch|johnspartan
2024-02-21 19:00:23,1.33,Davinder’s Apple Watch|johnspartan
2024-02-21 19:00:24,1.33,Davinder’s Apple Watch|johnspartan
2024-02-21 19:00:25,1.33,Davinder’s Apple Watch|johnspartan
2024-02-21 19:00:26,1.33,Davinder’s Apple Watch|johnspartan
2024-02-21 19:00:27,1.33,Davinder’s Apple Watch|johnspartan
2024-02-21 19:00:28,1.33,Davinder’s Apple Watch|johnspartan
2024-02-21 19:00:29,1.33,Davinder’s Apple Watch|johnspartan
2024-02-21 19:00:30,1.33,Davinder’s Apple Watch|johnspartan
2024-02-21 19:00:31,1.33,Davinder’s Apple Watch|johnspartan
2024-02-21 19:00:32,1.33,Davinder’s Apple Watch|johnspartan
2024-02-21 19:00:33,1.33,Davinder’s Apple Watch|johnspartan
2024-02-21 19:00:34,1.33,Davinder’s Apple Watch|johnspartan
2024-02-21 19:00:35,1.33,Davinder’s Apple Watch|johnspartan
2024-02-21 19:00:36,1.33,Davinder’s Apple Watch|johnspartan
2024-02-21 19:00:37,1.33,Davinder’s Apple Watch|johnspartan
2024-02-21 19:00:38,1.33,Davinder’s Apple Watch|johnspartan
2024-02-21 19:00:39,1.33,Davinder’s Apple Watch|johnspartan
2024-02-21 19:00:40,1.33,Davinder’s Apple Watch|johnspartan
2024-02-21 19:00:41,1.33,Davinder’s Apple Watch|johnspartan
2024-02-21 19:00:42,1.33,Davinder’s Apple Watch|johnspartan
2024-02-21 19:00:43,1.33,Davinder’s Apple Watch|johnspartan
2024-02-21 19:00:44,1.33,Davinder’s Apple Watch|johnspartan
2024-02-21 19:00:45,1.33,Davinder’s Apple Watch|johnspartan
2024-02-21 19:00:46,1.33,Davinder’s Apple Watch|johnspartan
2024-02-21 19:00:47,1.33,Davinder’s Apple Watch|johnspartan
2024-02-21 19:00:48,1.33,Davinder’s Apple Watch|johnspartan
2024-02-21 19:00:49,1.33,Davinder’s Apple Watch|johnspartan
2024-02-21 19:00:50,1.33,Davinder’s Apple Watch|johnspartan
2024-02-21 19:00:51,1.33,Davinder’s Apple Watch|johnspartan
2024-02-21 19:00:52,1.33,Davinder’s Apple Watch|johnspartan
2024-02-21 19:00:53,1.33,Davinder’s Apple Watch|johnspartan
2024-02-21 19:00:54,1.33,Davinder’s Apple Watch|johnspartan
2024-02-21 19:00:55,1.33,Davinder’s Apple Watch|johnspartan
2024-02-21 19:00:56,1.33,Davinder’s Apple Watch|johnspartan
2024-02-21 19:00:57,1.33,Davinder’s Apple Watch|johnspartan
2024-02-21 19:00:58,1.33,Davinder’s Apple Watch|johnspartan
2024-02-21 19:00:59,1.33,Davinder’s Apple Watch|johnspartan
2024-02-21 19:01:00,1.33,Davinder’s Apple Watch|johnspartan
2024-02-21 19:01:01,1.33,Davinder’s Apple Watch|johnspartan
2024-02-21 19:01:02,1.33,Davinder’s Apple Watch|johnspartan
2024-02-21 19:01:03,1.33,Davinder’s Apple Watch|johnspartan
2024-02-21 19:01:04,1.33,Davinder’s Apple Watch|johnspartan
2024-02-21 19:01:05,1.33,Davinder’s Apple Watch|johnspartan
2024-02-21 19:01:06,1.33,Davinder’s Apple Watch|johnspartan
2024-02-21 19:01:07,1.33,Davinder’s Apple Watch|johnspartan
2024-02-21 19:01:08,1.33,Davinder’s Apple Watch|johnspartan
2024-02-21 19:01:09,1.33,Davinder’s Apple Watch|johnspartan
2024-02-21 19:01:10,1.33,Davinder’s Apple Watch|johnspartan
2024-02-21 19:01:11,1.33,Davinder’s Apple Watch|johnspartan
2024-02-21 19:01:12,1.33,Davinder’s Apple Watch|johnspartan
2024-02-21 19:01:13,1.33,Davinder’s Apple Watch|johnspartan
2024-02-21 19:01:14,1.33,Davinder’s Apple Watch|johnspartan
2024-02-21 19:01:15,1.33,Davinder’s Apple Watch|johnspartan
2024-02-21 19:01:16,1.33,Davinder’s Apple Watch|johnspartan
2024-02-21 19:01:17,1.33,Davinder’s Apple Watch|johnspartan
2024-02-21 19:01:18,1.33,Davinder’s Apple Watch|johnspartan
2024-02-21 19:01:19,1.3,Davinder’s Apple Watch|johnspartan
2024-02-21 19:01:20,1.16,Davinder’s Apple Watch|johnspartan
2024-02-21 19:01:21,1.16,Davinder’s Apple Watch|johnspartan
2024-02-21 19:01:22,1.16,Davinder’s Apple Watch|johnspartan
2024-02-21 19:01:23,1.16,Davinder’s Apple Watch|johnspartan
2024-02-21 19:01:24,1.16,Davinder’s Apple Watch|johnspartan
2024-02-21 19:01:25,1.16,Davinder’s Apple Watch|johnspartan
2024-02-21 19:01:26,1.16,Davinder’s Apple Watch|johnspartan
2024-02-21 19:01:27,1.16,Davinder’s Apple Watch|johnspartan
2024-02-21 19:01:28,1.16,Davinder’s Apple Watch|johnspartan
2024-02-21 19:01:29,1.16,Davinder’s Apple Watch|johnspartan
2024-02-21 19:01:30,1.16,Davinder’s Apple Watch|johnspartan
2024-02-21 19:01:31,1.16,Davinder’s Apple Watch|johnspartan
2024-02-21 19:01:32,1.16,Davinder’s Apple Watch|johnspartan
2024-02-21 19:01:33,1.16,Davinder’s Apple Watch|johnspartan
2024-02-21 19:01:34,1.16,Davinder’s Apple Watch|johnspartan
2024-02-21 19:01:35,1.16,Davinder’s Apple Watch|johnspartan
2024-02-21 19:01:36,1.16,Davinder’s Apple Watch|johnspartan
2024-02-21 19:01:37,1.16,Davinder’s Apple Watch|johnspartan
2024-02-21 19:01:38,1.16,Davinder’s Apple Watch|johnspartan
2024-02-21 19:01:39,1.16,Davinder’s Apple Watch|johnspartan
2024-02-21 19:01:40,1.16,Davinder’s Apple Watch|johnspartan
2024-02-21 19:01:41,1.16,Davinder’s Apple Watch|johnspartan
2024-02-21 19:01:42,1.16,Davinder’s Apple Watch|johnspartan
2024-02-21 19:01:43,1.16,Davinder’s Apple Watch|johnspartan
2024-02-21 19:01:44,1.16,Davinder’s Apple Watch|johnspartan
2024-02-21 19:01:45,1.16,Davinder’s Apple Watch|johnspartan
2024-02-21 19:01:46,1.16,Davinder’s Apple Watch|johnspartan
2024-02-21 19:01:47,1.16,Davinder’s Apple Watch|johnspartan
2024-02-21 19:01:48,1.16,Davinder’s Apple Watch|johnspartan
2024-02-21 19:01:49,1.16,Davinder’s Apple Watch|johnspartan
2024-02-21 19:01:50,1.16,Davinder’s Apple Watch|johnspartan
2024-02-21 19:01:51,1.16,Davinder’s Apple Watch|johnspartan
2024-02-21 19:01:52,1.16,Davinder’s Apple Watch|johnspartan
2024-02-21 19:01:53,1.16,Davinder’s Apple Watch|johnspartan
2024-02-21 19:01:54,1.16,Davinder’s Apple Watch|johnspartan
2024-02-21 19:01:55,1.16,Davinder’s Apple Watch|johnspartan
2024-02-21 19:01:56,1.16,Davinder’s Apple Watch|johnspartan
2024-02-21 19:01:57,1.16,Davinder’s Apple Watch|johnspartan
2024-02-21 19:01:58,1.16,Davinder’s Apple Watch|johnspartan
2024-02-21 19:01:59,1.16,Davinder’s Apple Watch|johnspartan
2024-02-21 19:02:00,1.16,Davinder’s Apple Watch|johnspartan
2024-02-21 19:02:01,1.16,Davinder’s Apple Watch|johnspartan
2024-02-21 19:02:02,1.16,Davinder’s Apple Watch|johnspartan
2024-02-21 19:02:03,1.16,Davinder’s Apple Watch|johnspartan
2024-02-21 19:02:04,1.16,Davinder’s Apple Watch|johnspartan
2024-02-21 19:02:05,1.16,Davinder’s Apple Watch|johnspartan
2024-02-21 19:02:06,1.16,Davinder’s Apple Watch|johnspartan
2024-02-21 19:02:07,1.16,Davinder’s Apple Watch|johnspartan
2024-02-21 19:02:08,1.16,Davinder’s Apple Watch|johnspartan
2024-02-21 19:02:09,1.16,Davinder’s Apple Watch|johnspartan
2024-02-21 19:02:10,1.16,Davinder’s Apple Watch|johnspartan
2024-02-21 19:02:11,1.16,Davinder’s Apple Watch|johnspartan
2024-02-21 19:02:12,1.16,Davinder’s Apple Watch|johnspartan
2024-02-21 19:02:13,1.16,Davinder’s Apple Watch|johnspartan
2024-02-21 19:02:14,1.16,Davinder’s Apple Watch|johnspartan
2024-02-21 19:02:15,1.16,Davinder’s Apple Watch|johnspartan
2024-02-21 19:02:16,1.16,Davinder’s Apple Watch|johnspartan
2024-02-21 19:02:17,1.16,Davinder’s Apple Watch|johnspartan
2024-02-21 19:02:18,1.16,Davinder’s Apple Watch|johnspartan
2024-02-21 19:02:19,0.993,Davinder’s Apple Watch|johnspartan
2024-02-21 19:02:20,0.961,Davinder’s Apple Watch|johnspartan
2024-02-21 19:02:21,0.961,Davinder’s Apple Watch|johnspartan
2024-02-21 19:02:22,0.961,Davinder’s Apple Watch|johnspartan
2024-02-21 19:02:23,0.961,Davinder’s Apple Watch|johnspartan
2024-02-21 19:02:24,0.961,Davinder’s Apple Watch|johnspartan
2024-02-21 19:02:25,0.961,Davinder’s Apple Watch|johnspartan
2024-02-21 19:02:26,0.961,Davinder’s Apple Watch|johnspartan
2024-02-21 19:02:27,0.961,Davinder’s Apple Watch|johnspartan
2024-02-21 19:02:28,0.961,Davinder’s Apple Watch|johnspartan
2024-02-21 19:02:29,0.961,Davinder’s Apple Watch|johnspartan
2024-02-21 19:02:30,0.961,Davinder’s Apple Watch|johnspartan
2024-02-21 19:02:31,0.961,Davinder’s Apple Watch|johnspartan
2024-02-21 19:02:32,0.961,Davinder’s Apple Watch|johnspartan
2024-02-21 19:02:33,0.961,Davinder’s Apple Watch|johnspartan
2024-02-21 19:02:34,0.961,Davinder’s Apple Watch|johnspartan
2024-02-21 19:02:35,0.961,Davinder’s Apple Watch|johnspartan
2024-02-21 19:02:36,0.961,Davinder’s Apple Watch|johnspartan
2024-02-21 19:02:37,0.961,Davinder’s Apple Watch|johnspartan
2024-02-21 19:02:38,0.961,Davinder’s Apple Watch|johnspartan
2024-02-21 19:02:39,0.961,Davinder’s Apple Watch|johnspartan
2024-02-21 19:02:40,0.961,Davinder’s Apple Watch|johnspartan
2024-02-21 19:02:41,0.961,Davinder’s Apple Watch|johnspartan
2024-02-21 19:02:42,0.961,Davinder’s Apple Watch|johnspartan
2024-02-21 19:02:43,0.961,Davinder’s Apple Watch|johnspartan
2024-02-21 19:02:44,0.961,Davinder’s Apple Watch|johnspartan
2024-02-21 19:02:45,0.961,Davinder’s Apple Watch|johnspartan
2024-02-21 19:02:46,0.961,Davinder’s Apple Watch|johnspartan
2024-02-21 19:02:47,0.961,Davinder’s Apple Watch|johnspartan
2024-02-21 19:02:48,0.961,Davinder’s Apple Watch|johnspartan
2024-02-21 19:02:49,0.961,Davinder’s Apple Watch|johnspartan
2024-02-21 19:02:50,0.961,Davinder’s Apple Watch|johnspartan
2024-02-21 19:02:51,0.961,Davinder’s Apple Watch|johnspartan
2024-02-21 19:02:52,0.961,Davinder’s Apple Watch|johnspartan
2024-02-21 19:02:53,0.961,Davinder’s Apple Watch|johnspartan
2024-02-21 19:02:54,0.961,Davinder’s Apple Watch|johnspartan
2024-02-21 19:02:55,0.961,Davinder’s Apple Watch|johnspartan
2024-02-21 19:02:56,0.961,Davinder’s Apple Watch|johnspartan
2024-02-21 19:02:57,0.961,Davinder’s Apple Watch|johnspartan
2024-02-21 19:02:58,0.961,Davinder’s Apple Watch|johnspartan
2024-02-21 19:02:59,0.961,Davinder’s Apple Watch|johnspartan
2024-02-21 19:03:00,0.961,Davinder’s Apple Watch|johnspartan
2024-02-21 19:03:01,0.961,Davinder’s Apple Watch|johnspartan
2024-02-21 19:03:02,0.961,Davinder’s Apple Watch|johnspartan
2024-02-21 19:03:03,0.961,Davinder’s Apple Watch|johnspartan
2024-02-21 19:03:04,0.961,Davinder’s Apple Watch|johnspartan
2024-02-21 19:03:05,0.961,Davinder’s Apple Watch|johnspartan
2024-02-21 19:03:06,0.961,Davinder’s Apple Watch|johnspartan
2024-02-21 19:03:07,0.961,Davinder’s Apple Watch|johnspartan
2024-02-21 19:03:08,0.961,Davinder’s Apple Watch|johnspartan
2024-02-21 19:03:09,0.961,Davinder’s Apple Watch|johnspartan
2024-02-21 19:03:10,0.961,Davinder’s Apple Watch|johnspartan
2024-02-21 19:03:11,0.961,Davinder’s Apple Watch|johnspartan
2024-02-21 19:03:12,0.961,Davinder’s Apple Watch|johnspartan
2024-02-21 19:03:13,0.961,Davinder’s Apple Watch|johnspartan
2024-02-21 19:03:14,0.961,Davinder’s Apple Watch|johnspartan
2024-02-21 19:03:15,0.961,Davinder’s Apple Watch|johnspartan
2024-02-21 19:03:16,0.961,Davinder’s Apple Watch|johnspartan
2024-02-21 19:03:17,0.961,Davinder’s Apple Watch|johnspartan
2024-02-21 19:03:18,1.05,Davinder’s Apple Watch|johnspartan
2024-02-21 19:03:19,1.15,Davinder’s Apple Watch|johnspartan
2024-02-21 19:03:20,1.15,Davinder’s Apple Watch|johnspartan
2024-02-21 19:03:21,1.15,Davinder’s Apple Watch|johnspartan
2024-02-21 19:03:22,1.15,Davinder’s Apple Watch|johnspartan
2024-02-21 19:03:23,1.15,Davinder’s Apple Watch|johnspartan
2024-02-21 19:03:24,1.15,Davinder’s Apple Watch|johnspartan
2024-02-21 19:03:25,1.15,Davinder’s Apple Watch|johnspartan
2024-02-21 19:03:26,1.15,Davinder’s Apple Watch|johnspartan
2024-02-21 19:03:27,1.15,Davinder’s Apple Watch|johnspartan
2024-02-21 19:03:28,1.15,Davinder’s Apple Watch|johnspartan
2024-02-21 19:03:29,1.15,Davinder’s Apple Watch|johnspartan
2024-02-21 19:03:30,1.15,Davinder’s Apple Watch|johnspartan
2024-02-21 19:03:31,1.15,Davinder’s Apple Watch|johnspartan
2024-02-21 19:03:32,1.15,Davinder’s Apple Watch|johnspartan
2024-02-21 19:03:33,1.15,Davinder’s Apple Watch|johnspartan
2024-02-21 19:03:34,1.15,Davinder’s Apple Watch|johnspartan
2024-02-21 19:03:35,1.15,Davinder’s Apple Watch|johnspartan
2024-02-21 19:03:36,1.15,Davinder’s Apple Watch|johnspartan
2024-02-21 19:03:37,1.15,Davinder’s Apple Watch|johnspartan
2024-02-21 19:03:38,1.15,Davinder’s Apple Watch|johnspartan
2024-02-21 19:03:39,1.15,Davinder’s Apple Watch|johnspartan
2024-02-21 19:03:40,1.15,Davinder’s Apple Watch|johnspartan
2024-02-21 19:03:41,1.15,Davinder’s Apple Watch|johnspartan
2024-02-21 19:03:42,1.15,Davinder’s Apple Watch|johnspartan
2024-02-21 19:03:43,1.15,Davinder’s Apple Watch|johnspartan
2024-02-21 19:03:44,1.15,Davinder’s Apple Watch|johnspartan
2024-02-21 19:03:45,1.15,Davinder’s Apple Watch|johnspartan
2024-02-21 19:03:46,1.15,Davinder’s Apple Watch|johnspartan
2024-02-21 19:03:47,1.15,Davinder’s Apple Watch|johnspartan
2024-02-21 19:03:48,1.15,Davinder’s Apple Watch|johnspartan
2024-02-21 19:03:49,1.15,Davinder’s Apple Watch|johnspartan
2024-02-21 19:03:50,1.15,Davinder’s Apple Watch|johnspartan
2024-02-21 19:03:51,1.15,Davinder’s Apple Watch|johnspartan
2024-02-21 19:03:52,1.15,Davinder’s Apple Watch|johnspartan
2024-02-21 19:03:53,1.15,Davinder’s Apple Watch|johnspartan
2024-02-21 19:03:54,1.15,Davinder’s Apple Watch|johnspartan
2024-02-21 19:03:55,1.15,Davinder’s Apple Watch|johnspartan
2024-02-21 19:03:56,1.15,Davinder’s Apple Watch|johnspartan
2024-02-21 19:03:57,1.15,Davinder’s Apple Watch|johnspartan
2024-02-21 19:03:58,1.15,Davinder’s Apple Watch|johnspartan
2024-02-21 19:03:59,1.15,Davinder’s Apple Watch|johnspartan
2024-02-21 19:04:00,1.15,Davinder’s Apple Watch|johnspartan
2024-02-21 19:04:01,1.15,Davinder’s Apple Watch|johnspartan
2024-02-21 19:04:02,1.15,Davinder’s Apple Watch|johnspartan
2024-02-21 19:04:03,1.15,Davinder’s Apple Watch|johnspartan
2024-02-21 19:04:04,1.15,Davinder’s Apple Watch|johnspartan
2024-02-21 19:04:05,1.15,Davinder’s Apple Watch|johnspartan
2024-02-21 19:04:06,1.15,Davinder’s Apple Watch|johnspartan
2024-02-21 19:04:07,1.15,Davinder’s Apple Watch|johnspartan
2024-02-21 19:04:08,1.15,Davinder’s Apple Watch|johnspartan
2024-02-21 19:04:09,1.15,Davinder’s Apple Watch|johnspartan
2024-02-21 19:04:10,1.15,Davinder’s Apple Watch|johnspartan
2024-02-21 19:04:11,1.15,Davinder’s Apple Watch|johnspartan
2024-02-21 19:04:12,1.15,Davinder’s Apple Watch|johnspartan
2024-02-21 19:04:13,1.15,Davinder’s Apple Watch|johnspartan
2024-02-21 19:04:14,1.15,Davinder’s Apple Watch|johnspartan
2024-02-21 19:04:15,1.15,Davinder’s Apple Watch|johnspartan
2024-02-21 19:04:16,1.15,Davinder’s Apple Watch|johnspartan
2024-02-21 19:04:17,1.17,Davinder’s Apple Watch|johnspartan
2024-02-21 19:04:18,1.3,Davinder’s Apple Watch|johnspartan
2024-02-21 19:04:19,1.3,Davinder’s Apple Watch|johnspartan
2024-02-21 19:04:20,1.3,Davinder’s Apple Watch|johnspartan
2024-02-21 19:04:21,1.3,Davinder’s Apple Watch|johnspartan
2024-02-21 19:04:22,1.3,Davinder’s Apple Watch|johnspartan
2024-02-21 19:04:23,1.3,Davinder’s Apple Watch|johnspartan
2024-02-21 19:04:24,1.3,Davinder’s Apple Watch|johnspartan
2024-02-21 19:04:25,1.3,Davinder’s Apple Watch|johnspartan
2024-02-21 19:04:26,1.3,Davinder’s Apple Watch|johnspartan
2024-02-21 19:04:27,1.3,Davinder’s Apple Watch|johnspartan
2024-02-21 19:04:28,1.3,Davinder’s Apple Watch|johnspartan
2024-02-21 19:04:29,1.3,Davinder’s Apple Watch|johnspartan
2024-02-21 19:04:30,1.3,Davinder’s Apple Watch|johnspartan
2024-02-21 19:04:31,1.3,Davinder’s Apple Watch|johnspartan
2024-02-21 19:04:32,1.3,Davinder’s Apple Watch|johnspartan
2024-02-21 19:04:33,1.3,Davinder’s Apple Watch|johnspartan
2024-02-21 19:04:34,1.3,Davinder’s Apple Watch|johnspartan
2024-02-21 19:04:35,1.3,Davinder’s Apple Watch|johnspartan
2024-02-21 19:04:36,1.3,Davinder’s Apple Watch|johnspartan
2024-02-21 19:04:37,1.3,Davinder’s Apple Watch|johnspartan
2024-02-21 19:04:38,1.3,Davinder’s Apple Watch|johnspartan
2024-02-21 19:04:39,1.3,Davinder’s Apple Watch|johnspartan
2024-02-21 19:04:40,1.3,Davinder’s Apple Watch|johnspartan
2024-02-21 19:04:41,1.3,Davinder’s Apple Watch|johnspartan
2024-02-21 19:04:42,1.3,Davinder’s Apple Watch|johnspartan
2024-02-21 19:04:43,1.3,Davinder’s Apple Watch|johnspartan
2024-02-21 19:04:44,1.3,Davinder’s Apple Watch|johnspartan
2024-02-21 19:04:45,1.3,Davinder’s Apple Watch|johnspartan
2024-02-21 19:04:46,1.3,Davinder’s Apple Watch|johnspartan
2024-02-21 19:04:47,1.3,Davinder’s Apple Watch|johnspartan
2024-02-21 19:04:48,1.3,Davinder’s Apple Watch|johnspartan
2024-02-21 19:04:49,1.3,Davinder’s Apple Watch|johnspartan
2024-02-21 19:04:50,1.3,Davinder’s Apple Watch|johnspartan
2024-02-21 19:04:51,1.3,Davinder’s Apple Watch|johnspartan
2024-02-21 19:04:52,1.3,Davinder’s Apple Watch|johnspartan
2024-02-21 19:04:53,1.3,Davinder’s Apple Watch|johnspartan
2024-02-21 19:04:54,1.3,Davinder’s Apple Watch|johnspartan
2024-02-21 19:04:55,1.3,Davinder’s Apple Watch|johnspartan
2024-02-21 19:04:56,1.3,Davinder’s Apple Watch|johnspartan
2024-02-21 19:04:57,1.3,Davinder’s Apple Watch|johnspartan
2024-02-21 19:04:58,1.3,Davinder’s Apple Watch|johnspartan
2024-02-21 19:04:59,1.3,Davinder’s Apple Watch|johnspartan
2024-02-21 19:05:00,1.3,Davinder’s Apple Watch|johnspartan
2024-02-21 19:05:01,1.3,Davinder’s Apple Watch|johnspartan
2024-02-21 19:05:02,1.3,Davinder’s Apple Watch|johnspartan
2024-02-21 19:05:03,1.3,Davinder’s Apple Watch|johnspartan
2024-02-21 19:05:04,1.3,Davinder’s Apple Watch|johnspartan
2024-02-21 19:05:05,1.3,Davinder’s Apple Watch|johnspartan
2024-02-21 19:05:06,1.3,Davinder’s Apple Watch|johnspartan
2024-02-21 19:05:07,1.3,Davinder’s Apple Watch|johnspartan
2024-02-21 19:05:08,1.3,Davinder’s Apple Watch|johnspartan
2024-02-21 19:05:09,1.3,Davinder’s Apple Watch|johnspartan
2024-02-21 19:05:10,1.3,Davinder’s Apple Watch|johnspartan
2024-02-21 19:05:11,1.3,Davinder’s Apple Watch|johnspartan
2024-02-21 19:05:12,1.3,Davinder’s Apple Watch|johnspartan
2024-02-21 19:05:13,1.3,Davinder’s Apple Watch|johnspartan
2024-02-21 19:05:14,1.3,Davinder’s Apple Watch|johnspartan
2024-02-21 19:05:15,1.3,Davinder’s Apple Watch|johnspartan
2024-02-21 19:05:16,1.3,Davinder’s Apple Watch|johnspartan
2024-02-21 19:05:17,1.39,Davinder’s Apple Watch|johnspartan
2024-02-21 19:05:18,1.41,Davinder’s Apple Watch|johnspartan
2024-02-21 19:05:19,1.41,Davinder’s Apple Watch|johnspartan
2024-02-21 19:05:20,1.41,Davinder’s Apple Watch|johnspartan
2024-02-21 19:05:21,1.41,Davinder’s Apple Watch|johnspartan
2024-02-21 19:05:22,1.41,Davinder’s Apple Watch|johnspartan
2024-02-21 19:05:23,1.41,Davinder’s Apple Watch|johnspartan
2024-02-21 19:05:24,1.41,Davinder’s Apple Watch|johnspartan
2024-02-21 19:05:25,1.41,Davinder’s Apple Watch|johnspartan
2024-02-21 19:05:26,1.41,Davinder’s Apple Watch|johnspartan
2024-02-21 19:05:27,1.41,Davinder’s Apple Watch|johnspartan
2024-02-21 19:05:28,1.41,Davinder’s Apple Watch|johnspartan
2024-02-21 19:05:29,1.41,Davinder’s Apple Watch|johnspartan
2024-02-21 19:05:30,1.41,Davinder’s Apple Watch|johnspartan
2024-02-21 19:05:31,1.41,Davinder’s Apple Watch|johnspartan
2024-02-21 19:05:32,1.41,Davinder’s Apple Watch|johnspartan
2024-02-21 19:05:33,1.41,Davinder’s Apple Watch|johnspartan
2024-02-21 19:05:34,1.41,Davinder’s Apple Watch|johnspartan
2024-02-21 19:05:35,1.41,Davinder’s Apple Watch|johnspartan
2024-02-21 19:05:36,1.41,Davinder’s Apple Watch|johnspartan
2024-02-21 19:05:37,1.41,Davinder’s Apple Watch|johnspartan
2024-02-21 19:05:38,1.41,Davinder’s Apple Watch|johnspartan
2024-02-21 19:05:39,1.41,Davinder’s Apple Watch|johnspartan
2024-02-21 19:05:40,1.41,Davinder’s Apple Watch|johnspartan
2024-02-21 19:05:41,1.41,Davinder’s Apple Watch|johnspartan
2024-02-21 19:05:42,1.41,Davinder’s Apple Watch|johnspartan
2024-02-21 19:05:43,1.41,Davinder’s Apple Watch|johnspartan
2024-02-21 19:05:44,1.41,Davinder’s Apple Watch|johnspartan
2024-02-21 19:05:45,1.41,Davinder’s Apple Watch|johnspartan
2024-02-21 19:05:46,1.41,Davinder’s Apple Watch|johnspartan
2024-02-21 19:05:47,1.41,Davinder’s Apple Watch|johnspartan
2024-02-21 19:05:48,1.41,Davinder’s Apple Watch|johnspartan
2024-02-21 19:05:49,1.41,Davinder’s Apple Watch|johnspartan
2024-02-21 19:05:50,1.41,Davinder’s Apple Watch|johnspartan
2024-02-21 19:05:51,1.41,Davinder’s Apple Watch|johnspartan
2024-02-21 19:05:52,1.41,Davinder’s Apple Watch|johnspartan
2024-02-21 19:05:53,1.41,Davinder’s Apple Watch|johnspartan
2024-02-21 19:05:54,1.41,Davinder’s Apple Watch|johnspartan
2024-02-21 19:05:55,1.41,Davinder’s Apple Watch|johnspartan
2024-02-21 19:05:56,1.41,Davinder’s Apple Watch|johnspartan
2024-02-21 19:05:57,1.41,Davinder’s Apple Watch|johnspartan
2024-02-21 19:05:58,0.644,Davinder’s Apple Watch|johnspartan
2024-02-21 19:05:59,0.237,Davinder’s Apple Watch|johnspartan
2024-02-21 19:06:00,0.237,Davinder’s Apple Watch|johnspartan
2024-02-21 19:06:01,0.237,Davinder’s Apple Watch|johnspartan
2024-02-21 19:06:02,0.237,Davinder’s Apple Watch|johnspartan
2024-02-21 19:06:03,0.237,Davinder’s Apple Watch|johnspartan
2024-02-21 19:06:04,0.237,Davinder’s Apple Watch|johnspartan
2024-02-21 19:06:05,0.237,Davinder’s Apple Watch|johnspartan
2024-02-21 19:06:06,0.237,Davinder’s Apple Watch|johnspartan
2024-02-21 19:06:07,0.237,Davinder’s Apple Watch|johnspartan
2024-02-21 19:06:08,0.237,Davinder’s Apple Watch|johnspartan
2024-02-21 19:06:09,0.237,Davinder’s Apple Watch|johnspartan
2024-02-21 19:06:10,0.237,Davinder’s Apple Watch|johnspartan
