Date/Time,Min (count/min),Max (count/min),Avg (count/min),Source
2024-04-07 10:19:35,157,157,157,Davinder’s Apple Watch
2024-04-07 10:19:39,157,157,157,Davinder’s Apple Watch
2024-04-07 10:19:45,155,155,155,Davinder’s Apple Watch
2024-04-07 10:19:48,154,154,154,Davinder’s Apple Watch
2024-04-07 10:19:55,151,151,151,Davinder’s Apple Watch
2024-04-07 10:19:56,150,150,150,Davinder’s Apple Watch
2024-04-07 10:20:02,148,148,148,Davinder’s Apple Watch
2024-04-07 10:20:06,146,146,146,Davinder’s Apple Watch
2024-04-07 10:20:14,140,140,140,Davinder’s Apple Watch
2024-04-07 10:20:18,139,139,139,Davinder’s Apple Watch
2024-04-07 10:20:24,142,142,142,Davinder’s Apple Watch
2024-04-07 10:20:28,145,145,145,Davinder’s Apple Watch
2024-04-07 10:20:31,146,146,146,Davinder’s Apple Watch
2024-04-07 10:20:36,141,141,141,Davinder’s Apple Watch
2024-04-07 10:20:43,137,137,137,Davinder’s Apple Watch
2024-04-07 10:20:46,137,137,137,Davinder’s Apple Watch
2024-04-07 10:20:51,136,136,136,Davinder’s Apple Watch
2024-04-07 10:20:56,135,135,135,Davinder’s Apple Watch
2024-04-07 10:21:05,135,135,135,Davinder’s Apple Watch
2024-04-07 10:21:08,134,134,134,Davinder’s Apple Watch
2024-04-07 10:21:14,135,135,135,Davinder’s Apple Watch
2024-04-07 10:21:20,130,130,130,Davinder’s Apple Watch
2024-04-07 10:21:22,129,129,129,Davinder’s Apple Watch
2024-04-07 10:21:29,129,129,129,Davinder’s Apple Watch
2024-04-07 10:21:32,126,126,126,Davinder’s Apple Watch
