,Date/Time,Min (count/min),Max (count/min),Avg (count/min),Source,Track Description
0,2024-01-03 19:13:05,93,93,93,Davinder’s Apple Watch,
1,2024-01-03 19:16:45,160,160,160,Davinder’s Apple Watch,Slayer - Raining Blood
2,2024-01-03 19:16:50,167,167,167,Davinder’s Apple Watch,Slayer - Raining Blood
3,2024-01-03 19:16:54,168,168,168,Davinder’s Apple Watch,Slayer - Raining Blood
4,2024-01-03 19:17:01,166,166,166,Davinder’s Apple Watch,Slayer - Raining Blood
5,2024-01-03 19:17:05,166,166,166,Davinder’s Apple Watch,Slayer - Raining Blood
6,2024-01-03 19:17:07,166,166,166,Davinder’s Apple Watch,Slayer - Raining Blood
7,2024-01-03 19:17:13,166,166,166,Davinder’s Apple Watch,Slayer - Raining Blood
8,2024-01-03 19:17:21,166,166,166,Davinder’s Apple Watch,Rage Against the Machine - Down Rodeo
9,2024-01-03 19:17:22,166,166,166,Davinder’s Apple Watch,Rage Against the Machine - Down Rodeo
10,2024-01-03 19:17:30,165,165,165,Davinder’s Apple Watch,American Nightmare - The World Is Blue
11,2024-01-03 19:17:32,164,164,164,Davinder’s Apple Watch,The Dillinger Escape Plan - Prancer
12,2024-01-03 19:17:39,160,160,160,Davinder’s Apple Watch,The Dillinger Escape Plan - Prancer
13,2024-01-03 19:17:52,162,162,162,Davinder’s Apple Watch,The Dillinger Escape Plan - Prancer
14,2024-01-03 19:18:06,164,164,164,Davinder’s Apple Watch,The Dillinger Escape Plan - Prancer
15,2024-01-03 19:18:11,164,164,164,Davinder’s Apple Watch,The Dillinger Escape Plan - Prancer
16,2024-01-03 19:18:15,164,164,164,Davinder’s Apple Watch,The Dillinger Escape Plan - Prancer
17,2024-01-03 19:18:21,164,164,164,Davinder’s Apple Watch,The Dillinger Escape Plan - Prancer
18,2024-01-03 19:18:22,164,164,164,Davinder’s Apple Watch,The Dillinger Escape Plan - Prancer
19,2024-01-03 19:18:32,164,164,164,Davinder’s Apple Watch,The Dillinger Escape Plan - Prancer
20,2024-01-03 19:18:37,166,166,166,Davinder’s Apple Watch,The Dillinger Escape Plan - Prancer
21,2024-01-03 19:18:46,167,167,167,Davinder’s Apple Watch,The Dillinger Escape Plan - Prancer
22,2024-01-03 19:18:51,167,167,167,Davinder’s Apple Watch,The Dillinger Escape Plan - Prancer
23,2024-01-03 19:18:52,167,167,167,Davinder’s Apple Watch,The Dillinger Escape Plan - Prancer
24,2024-01-03 19:18:57,168,168,168,Davinder’s Apple Watch,The Dillinger Escape Plan - Prancer
25,2024-01-03 19:19:06,167,167,167,Davinder’s Apple Watch,The Dillinger Escape Plan - Prancer
26,2024-01-03 19:19:10,168,168,168,Davinder’s Apple Watch,The Dillinger Escape Plan - Prancer
27,2024-01-03 19:19:12,168,168,168,Davinder’s Apple Watch,The Dillinger Escape Plan - Prancer
28,2024-01-03 19:19:20,169,169,169,Davinder’s Apple Watch,The Dillinger Escape Plan - Prancer
29,2024-01-03 19:19:22,167,167,167,Davinder’s Apple Watch,The Dillinger Escape Plan - Prancer
30,2024-01-03 19:19:30,170,170,170,Davinder’s Apple Watch,The Dillinger Escape Plan - Prancer
31,2024-01-03 19:19:36,169,169,169,Davinder’s Apple Watch,The Dillinger Escape Plan - Prancer
32,2024-01-03 19:19:47,170,170,170,Davinder’s Apple Watch,The Dillinger Escape Plan - Prancer
33,2024-01-03 19:19:53,170,170,170,Davinder’s Apple Watch,The Dillinger Escape Plan - Prancer
34,2024-01-03 19:19:59,170,170,170,Davinder’s Apple Watch,The Dillinger Escape Plan - Prancer
35,2024-01-03 19:20:02,170,170,170,Davinder’s Apple Watch,The Dillinger Escape Plan - Prancer
36,2024-01-03 19:20:11,169,169,169,Davinder’s Apple Watch,The Dillinger Escape Plan - Prancer
37,2024-01-03 19:20:16,168,168,168,Davinder’s Apple Watch,The Dillinger Escape Plan - Prancer
38,2024-01-03 19:20:17,168,168,168,Davinder’s Apple Watch,The Dillinger Escape Plan - Prancer
39,2024-01-03 19:20:22,169,169,169,Davinder’s Apple Watch,The Dillinger Escape Plan - Prancer
40,2024-01-03 19:20:27,170,170,170,Davinder’s Apple Watch,The Dillinger Escape Plan - Prancer
41,2024-01-03 19:20:33,170,170,170,Davinder’s Apple Watch,The Dillinger Escape Plan - Prancer
42,2024-01-03 19:20:40,171,171,171,Davinder’s Apple Watch,The Dillinger Escape Plan - Prancer
43,2024-01-03 19:20:42,171,171,171,Davinder’s Apple Watch,The Dillinger Escape Plan - Prancer
44,2024-01-03 19:20:49,171,171,171,Davinder’s Apple Watch,The Dillinger Escape Plan - Prancer
45,2024-01-03 19:20:55,171,171,171,Davinder’s Apple Watch,The Dillinger Escape Plan - Prancer
46,2024-01-03 19:20:57,171,171,171,Davinder’s Apple Watch,The Dillinger Escape Plan - Prancer
47,2024-01-03 19:21:03,171,171,171,Davinder’s Apple Watch,The Dillinger Escape Plan - Prancer
48,2024-01-03 19:21:09,171,171,171,Davinder’s Apple Watch,The Dillinger Escape Plan - Prancer
49,2024-01-03 19:21:14,171,171,171,Davinder’s Apple Watch,The Dillinger Escape Plan - Prancer
50,2024-01-03 19:21:21,171,171,171,Davinder’s Apple Watch,The Dillinger Escape Plan - Prancer
51,2024-01-03 19:21:24,171,171,171,Davinder’s Apple Watch,System Of A Down - Bounce
52,2024-01-03 19:21:31,171,171,171,Davinder’s Apple Watch,System Of A Down - Bounce
53,2024-01-03 19:21:42,171,171,171,Davinder’s Apple Watch,System Of A Down - Bounce
54,2024-01-03 19:21:51,170,170,170,Davinder’s Apple Watch,System Of A Down - Bounce
55,2024-01-03 19:21:54,171,171,171,Davinder’s Apple Watch,System Of A Down - Bounce
56,2024-01-03 19:21:58,172,172,172,Davinder’s Apple Watch,System Of A Down - Bounce
57,2024-01-03 19:22:11,171,171,171,Davinder’s Apple Watch,System Of A Down - Bounce
58,2024-01-03 19:22:14,171,171,171,Davinder’s Apple Watch,System Of A Down - Bounce
59,2024-01-03 19:22:21,169,169,169,Davinder’s Apple Watch,System Of A Down - Bounce
60,2024-01-03 19:22:22,169,169,169,Davinder’s Apple Watch,System Of A Down - Bounce
61,2024-01-03 19:22:27,170,170,170,Davinder’s Apple Watch,System Of A Down - Bounce
62,2024-01-03 19:22:36,172,172,172,Davinder’s Apple Watch,System Of A Down - Bounce
63,2024-01-03 19:22:40,172,172,172,Davinder’s Apple Watch,System Of A Down - Bounce
64,2024-01-03 19:22:42,172,172,172,Davinder’s Apple Watch,System Of A Down - Bounce
65,2024-01-03 19:22:47,173,173,173,Davinder’s Apple Watch,System Of A Down - Bounce
66,2024-01-03 19:23:32,177,177,177,Davinder’s Apple Watch,Slayer - Angel of Death
67,2024-01-03 19:23:41,177,177,177,Davinder’s Apple Watch,Slayer - Angel of Death
68,2024-01-03 19:23:42,177,177,177,Davinder’s Apple Watch,Slayer - Angel of Death
69,2024-01-03 19:23:49,178,178,178,Davinder’s Apple Watch,Slayer - Angel of Death
70,2024-01-03 19:23:55,178,178,178,Davinder’s Apple Watch,Slayer - Angel of Death
71,2024-01-03 19:23:59,178,178,178,Davinder’s Apple Watch,Slayer - Angel of Death
72,2024-01-03 19:24:05,178,178,178,Davinder’s Apple Watch,Slayer - Angel of Death
73,2024-01-03 19:24:07,178,178,178,Davinder’s Apple Watch,Slayer - Angel of Death
74,2024-01-03 19:24:16,178,178,178,Davinder’s Apple Watch,Slayer - Angel of Death
75,2024-01-03 19:24:20,178,178,178,Davinder’s Apple Watch,Slayer - Angel of Death
76,2024-01-03 19:24:22,178,178,178,Davinder’s Apple Watch,Slayer - Angel of Death
77,2024-01-03 19:24:27,178,178,178,Davinder’s Apple Watch,Slayer - Angel of Death
78,2024-01-03 19:24:32,178,178,178,Davinder’s Apple Watch,Slayer - Angel of Death
79,2024-01-03 19:24:37,179,179,179,Davinder’s Apple Watch,Slayer - Angel of Death
80,2024-01-03 19:24:42,180,180,180,Davinder’s Apple Watch,Slayer - Angel of Death
81,2024-01-03 19:24:51,179,179,179,Davinder’s Apple Watch,Slayer - Angel of Death
82,2024-01-03 19:24:52,179,179,179,Davinder’s Apple Watch,Slayer - Angel of Death
83,2024-01-03 19:25:01,177,177,177,Davinder’s Apple Watch,Slayer - Angel of Death
84,2024-01-03 19:25:06,179,179,179,Davinder’s Apple Watch,Slayer - Angel of Death
85,2024-01-03 19:25:11,178,178,178,Davinder’s Apple Watch,Slayer - Angel of Death
86,2024-01-03 19:25:16,176,176,176,Davinder’s Apple Watch,Slayer - Angel of Death
87,2024-01-03 19:25:18,176,176,176,Davinder’s Apple Watch,Slayer - Angel of Death
88,2024-01-03 19:25:22,176,176,176,Davinder’s Apple Watch,Slayer - Angel of Death
89,2024-01-03 19:25:31,176,176,176,Davinder’s Apple Watch,Slayer - Angel of Death
90,2024-01-03 19:25:32,176,176,176,Davinder’s Apple Watch,Slayer - Angel of Death
91,2024-01-03 19:25:40,175,175,175,Davinder’s Apple Watch,Slayer - Angel of Death
92,2024-01-03 19:25:42,174,174,174,Davinder’s Apple Watch,Slayer - Angel of Death
93,2024-01-03 19:25:49,173,173,173,Davinder’s Apple Watch,Slayer - Angel of Death
94,2024-01-03 19:25:52,173,173,173,Davinder’s Apple Watch,Slayer - Angel of Death
95,2024-01-03 19:26:01,170,170,170,Davinder’s Apple Watch,Slayer - Angel of Death
96,2024-01-03 19:26:04,169,169,169,Davinder’s Apple Watch,Slayer - Angel of Death
97,2024-01-03 19:26:07,168,168,168,Davinder’s Apple Watch,Slayer - Angel of Death
98,2024-01-03 19:26:13,170,170,170,Davinder’s Apple Watch,Slayer - Angel of Death
99,2024-01-03 19:26:18,169,169,169,Davinder’s Apple Watch,Slayer - Angel of Death
100,2024-01-03 19:26:26,168,168,168,Davinder’s Apple Watch,Slayer - Angel of Death
101,2024-01-03 19:26:31,167,167,167,Davinder’s Apple Watch,Slayer - Angel of Death
102,2024-01-03 19:26:32,167,167,167,Davinder’s Apple Watch,Slayer - Angel of Death
103,2024-01-03 19:26:37,167,167,167,Davinder’s Apple Watch,Slayer - Angel of Death
104,2024-01-03 19:26:42,166,166,166,Davinder’s Apple Watch,Slayer - Angel of Death
105,2024-01-03 19:26:47,165,165,165,Davinder’s Apple Watch,Slayer - Angel of Death
106,2024-01-03 19:26:56,159,159,159,Davinder’s Apple Watch,Slayer - Angel of Death
107,2024-01-03 19:26:57,160,160,160,Davinder’s Apple Watch,Slayer - Angel of Death
108,2024-01-03 19:27:04,159,159,159,Davinder’s Apple Watch,Slayer - Angel of Death
109,2024-01-03 19:27:11,163,163,163,Davinder’s Apple Watch,Slayer - Angel of Death
110,2024-01-03 19:27:12,163,163,163,Davinder’s Apple Watch,Slayer - Angel of Death
111,2024-01-03 19:27:20,164,164,164,Davinder’s Apple Watch,Slayer - Angel of Death
112,2024-01-03 19:27:29,165,165,165,Davinder’s Apple Watch,Slayer - Angel of Death
113,2024-01-03 19:27:33,165,165,165,Davinder’s Apple Watch,Slayer - Angel of Death
114,2024-01-03 19:27:39,168,168,168,Davinder’s Apple Watch,Slayer - Angel of Death
115,2024-01-03 19:27:46,167,167,167,Davinder’s Apple Watch,Slayer - Angel of Death
116,2024-01-03 19:27:47,168,168,168,Davinder’s Apple Watch,Slayer - Angel of Death
117,2024-01-03 19:27:53,170,170,170,Davinder’s Apple Watch,Slayer - Angel of Death
118,2024-01-03 19:27:57,168,168,168,Davinder’s Apple Watch,Slayer - Angel of Death
119,2024-01-03 19:28:06,168,168,168,Davinder’s Apple Watch,Slayer - Angel of Death
120,2024-01-03 19:28:08,167,167,167,Davinder’s Apple Watch,Slayer - Angel of Death
121,2024-01-03 19:28:16,166,166,166,Davinder’s Apple Watch,The Dillinger Escape Plan - Panasonic Youth
122,2024-01-03 19:28:18,166,166,166,Davinder’s Apple Watch,The Dillinger Escape Plan - Panasonic Youth
123,2024-01-03 19:28:47,170,170,170,Davinder’s Apple Watch,The Dillinger Escape Plan - Panasonic Youth
124,2024-01-03 19:28:56,172,172,172,Davinder’s Apple Watch,The Dillinger Escape Plan - Panasonic Youth
125,2024-01-03 19:28:58,172,172,172,Davinder’s Apple Watch,The Dillinger Escape Plan - Panasonic Youth
126,2024-01-03 19:29:02,173,173,173,Davinder’s Apple Watch,The Dillinger Escape Plan - Panasonic Youth
127,2024-01-03 19:29:19,173,173,173,Davinder’s Apple Watch,The Dillinger Escape Plan - Panasonic Youth
128,2024-01-03 19:29:24,172,172,172,Davinder’s Apple Watch,The Dillinger Escape Plan - Panasonic Youth
129,2024-01-03 19:29:28,173,173,173,Davinder’s Apple Watch,The Dillinger Escape Plan - Panasonic Youth
130,2024-01-03 19:29:32,174,174,174,Davinder’s Apple Watch,The Dillinger Escape Plan - Panasonic Youth
131,2024-01-03 19:29:41,175,175,175,Davinder’s Apple Watch,The Dillinger Escape Plan - Panasonic Youth
132,2024-01-03 19:29:43,174,174,174,Davinder’s Apple Watch,The Dillinger Escape Plan - Panasonic Youth
133,2024-01-03 19:29:49,175,175,175,Davinder’s Apple Watch,The Dillinger Escape Plan - Panasonic Youth
134,2024-01-03 19:29:52,174,174,174,Davinder’s Apple Watch,The Dillinger Escape Plan - Panasonic Youth
135,2024-01-03 19:30:01,173,173,173,Davinder’s Apple Watch,The Dillinger Escape Plan - Panasonic Youth
136,2024-01-03 19:30:02,173,173,173,Davinder’s Apple Watch,The Dillinger Escape Plan - Panasonic Youth
137,2024-01-03 19:30:10,169,169,169,Davinder’s Apple Watch,The Dillinger Escape Plan - Panasonic Youth
138,2024-01-03 19:30:12,169,169,169,Davinder’s Apple Watch,The Dillinger Escape Plan - Panasonic Youth
139,2024-01-03 19:30:17,169,169,169,Davinder’s Apple Watch,The Dillinger Escape Plan - Panasonic Youth
140,2024-01-03 19:30:22,167,167,167,Davinder’s Apple Watch,The Dillinger Escape Plan - Panasonic Youth
141,2024-01-03 19:30:29,167,167,167,Davinder’s Apple Watch,The Dillinger Escape Plan - Panasonic Youth
142,2024-01-03 19:30:35,170,170,170,Davinder’s Apple Watch,The Dillinger Escape Plan - Panasonic Youth
143,2024-01-03 19:30:37,169,169,169,Davinder’s Apple Watch,System Of A Down - Prison Song
144,2024-01-03 19:30:46,166,166,166,Davinder’s Apple Watch,
145,2024-01-03 19:30:50,165,165,165,Davinder’s Apple Watch,
146,2024-01-03 19:30:53,163,163,163,Davinder’s Apple Watch,
147,2024-01-03 19:30:57,163,163,163,Davinder’s Apple Watch,Slayer - Bloodline
148,2024-01-03 19:31:05,164,164,164,Davinder’s Apple Watch,Slayer - Bloodline
149,2024-01-03 19:31:07,165,165,165,Davinder’s Apple Watch,Slayer - Bloodline
150,2024-01-03 19:31:16,164,164,164,Davinder’s Apple Watch,Slayer - Bloodline
151,2024-01-03 19:31:19,164,164,164,Davinder’s Apple Watch,Slayer - Bloodline
152,2024-01-03 19:31:23,165,165,165,Davinder’s Apple Watch,Slayer - Bloodline
153,2024-01-03 19:31:27,165,165,165,Davinder’s Apple Watch,Slayer - Bloodline
154,2024-01-03 19:31:35,163,163,163,Davinder’s Apple Watch,Slayer - Bloodline
155,2024-01-03 19:31:40,161,161,161,Davinder’s Apple Watch,Slayer - Bloodline
156,2024-01-03 19:31:44,160,160,160,Davinder’s Apple Watch,Slayer - Bloodline
157,2024-01-03 19:31:51,161,161,161,Davinder’s Apple Watch,Slayer - Bloodline
158,2024-01-03 19:31:52,161,161,161,Davinder’s Apple Watch,Slayer - Bloodline
159,2024-01-03 19:31:58,157,157,157,Davinder’s Apple Watch,Slayer - Bloodline
160,2024-01-03 19:32:05,155,155,155,Davinder’s Apple Watch,Slayer - Bloodline
161,2024-01-03 19:32:07,155,155,155,Davinder’s Apple Watch,Slayer - Bloodline
162,2024-01-03 19:32:14,155,155,155,Davinder’s Apple Watch,Slayer - Bloodline
163,2024-01-03 19:32:18,155,155,155,Davinder’s Apple Watch,Slayer - Bloodline
164,2024-01-03 19:32:26,156,156,156,Davinder’s Apple Watch,Slayer - Bloodline
165,2024-01-03 19:32:28,156,156,156,Davinder’s Apple Watch,Slayer - Bloodline
166,2024-01-03 19:32:36,155,155,155,Davinder’s Apple Watch,Slayer - Bloodline
167,2024-01-03 19:32:41,154,154,154,Davinder’s Apple Watch,Slayer - Bloodline
168,2024-01-03 19:32:42,153,153,153,Davinder’s Apple Watch,Slayer - Bloodline
169,2024-01-03 19:32:47,155,155,155,Davinder’s Apple Watch,Slayer - Bloodline
170,2024-01-03 19:32:55,154,154,154,Davinder’s Apple Watch,Slayer - Bloodline
171,2024-01-03 19:32:58,153,153,153,Davinder’s Apple Watch,Slayer - Bloodline
172,2024-01-03 19:33:03,152,152,152,Davinder’s Apple Watch,Slayer - Bloodline
173,2024-01-03 19:33:09,153,153,153,Davinder’s Apple Watch,Slayer - Bloodline
174,2024-01-03 19:33:12,152,152,152,Davinder’s Apple Watch,Slayer - Bloodline
175,2024-01-03 19:33:17,149,149,149,Davinder’s Apple Watch,Slayer - Bloodline
176,2024-01-03 19:33:24,150,150,150,Davinder’s Apple Watch,Slayer - Bloodline
177,2024-01-03 19:33:31,154,154,154,Davinder’s Apple Watch,Slayer - Bloodline
178,2024-01-03 19:33:35,155,155,155,Davinder’s Apple Watch,Slayer - Bloodline
179,2024-01-03 19:33:41,154,154,154,Davinder’s Apple Watch,Slayer - Bloodline
180,2024-01-03 19:33:42,154,154,154,Davinder’s Apple Watch,Slayer - Bloodline
181,2024-01-03 19:33:50,154,154,154,Davinder’s Apple Watch,Slayer - Bloodline
182,2024-01-03 19:33:54,155,155,155,Davinder’s Apple Watch,Slayer - Bloodline
183,2024-01-03 19:34:01,155,155,155,Davinder’s Apple Watch,Slayer - Bloodline
184,2024-01-03 19:34:03,153,153,153,Davinder’s Apple Watch,Slayer - Bloodline
185,2024-01-03 19:34:08,153,153,153,Davinder’s Apple Watch,Slayer - Bloodline
186,2024-01-03 19:34:12,152,152,152,Davinder’s Apple Watch,Slayer - Bloodline
187,2024-01-03 19:34:19,149,149,149,Davinder’s Apple Watch,Slayer - Bloodline
188,2024-01-03 19:34:26,150,150,150,Davinder’s Apple Watch,Slayer - Bloodline
189,2024-01-03 19:34:30,149,149,149,Davinder’s Apple Watch,Slayer - Bloodline
190,2024-01-03 19:34:32,149,149,149,Davinder’s Apple Watch,The Dillinger Escape Plan - 43% Burnt
191,2024-01-03 19:34:37,149,149,149,Davinder’s Apple Watch,The Dillinger Escape Plan - 43% Burnt
192,2024-01-03 19:34:46,150,150,150,Davinder’s Apple Watch,The Dillinger Escape Plan - 43% Burnt
193,2024-01-03 19:34:51,151,151,151,Davinder’s Apple Watch,The Dillinger Escape Plan - 43% Burnt
194,2024-01-03 19:34:52,152,152,152,Davinder’s Apple Watch,The Dillinger Escape Plan - 43% Burnt
195,2024-01-03 19:34:59,153,153,153,Davinder’s Apple Watch,The Dillinger Escape Plan - 43% Burnt
196,2024-01-03 19:35:02,153,153,153,Davinder’s Apple Watch,The Dillinger Escape Plan - 43% Burnt
197,2024-01-03 19:35:11,155,155,155,Davinder’s Apple Watch,The Dillinger Escape Plan - 43% Burnt
198,2024-01-03 19:35:16,155,155,155,Davinder’s Apple Watch,The Dillinger Escape Plan - 43% Burnt
199,2024-01-03 19:35:19,155,155,155,Davinder’s Apple Watch,The Dillinger Escape Plan - 43% Burnt
200,2024-01-03 19:35:26,156,156,156,Davinder’s Apple Watch,The Dillinger Escape Plan - 43% Burnt
201,2024-01-03 19:35:29,156,156,156,Davinder’s Apple Watch,The Dillinger Escape Plan - 43% Burnt
202,2024-01-03 19:35:34,157,157,157,Davinder’s Apple Watch,The Dillinger Escape Plan - 43% Burnt
203,2024-01-03 19:35:40,158,158,158,Davinder’s Apple Watch,The Dillinger Escape Plan - 43% Burnt
204,2024-01-03 19:35:44,158,158,158,Davinder’s Apple Watch,The Dillinger Escape Plan - 43% Burnt
205,2024-01-03 19:35:47,158,158,158,Davinder’s Apple Watch,The Dillinger Escape Plan - 43% Burnt
206,2024-01-03 19:35:52,157,157,157,Davinder’s Apple Watch,The Dillinger Escape Plan - 43% Burnt
207,2024-01-03 19:36:00,157,157,157,Davinder’s Apple Watch,The Dillinger Escape Plan - 43% Burnt
208,2024-01-03 19:36:02,158,158,158,Davinder’s Apple Watch,The Dillinger Escape Plan - 43% Burnt
209,2024-01-03 19:36:11,154,154,154,Davinder’s Apple Watch,The Dillinger Escape Plan - 43% Burnt
210,2024-01-03 19:36:15,153,153,153,Davinder’s Apple Watch,The Dillinger Escape Plan - 43% Burnt
211,2024-01-03 19:36:19,152,152,152,Davinder’s Apple Watch,The Dillinger Escape Plan - 43% Burnt
212,2024-01-03 19:36:23,151,151,151,Davinder’s Apple Watch,The Dillinger Escape Plan - 43% Burnt
213,2024-01-03 19:36:27,150,150,150,Davinder’s Apple Watch,The Dillinger Escape Plan - 43% Burnt
214,2024-01-03 19:36:32,150,150,150,Davinder’s Apple Watch,The Dillinger Escape Plan - 43% Burnt
215,2024-01-03 19:36:37,148,148,148,Davinder’s Apple Watch,The Dillinger Escape Plan - 43% Burnt
216,2024-01-03 19:36:46,147,147,147,Davinder’s Apple Watch,The Dillinger Escape Plan - 43% Burnt
217,2024-01-03 19:36:50,147,147,147,Davinder’s Apple Watch,The Dillinger Escape Plan - 43% Burnt
218,2024-01-03 19:36:52,147,147,147,Davinder’s Apple Watch,The Dillinger Escape Plan - 43% Burnt
219,2024-01-03 19:36:57,148,148,148,Davinder’s Apple Watch,The Dillinger Escape Plan - 43% Burnt
220,2024-01-03 19:37:06,150,150,150,Davinder’s Apple Watch,The Dillinger Escape Plan - 43% Burnt
221,2024-01-03 19:37:10,149,149,149,Davinder’s Apple Watch,The Dillinger Escape Plan - 43% Burnt
222,2024-01-03 19:37:13,149,149,149,Davinder’s Apple Watch,The Dillinger Escape Plan - 43% Burnt
223,2024-01-03 19:37:19,147,147,147,Davinder’s Apple Watch,The Dillinger Escape Plan - 43% Burnt
224,2024-01-03 19:37:26,145,145,145,Davinder’s Apple Watch,The Dillinger Escape Plan - 43% Burnt
225,2024-01-03 19:37:30,146,146,146,Davinder’s Apple Watch,The Dillinger Escape Plan - 43% Burnt
226,2024-01-03 19:37:32,147,147,147,Davinder’s Apple Watch,The Dillinger Escape Plan - 43% Burnt
227,2024-01-03 19:37:41,149,149,149,Davinder’s Apple Watch,The Dillinger Escape Plan - 43% Burnt
228,2024-01-03 19:37:46,151,151,151,Davinder’s Apple Watch,The Dillinger Escape Plan - 43% Burnt
229,2024-01-03 19:37:51,151,151,151,Davinder’s Apple Watch,The Dillinger Escape Plan - 43% Burnt
230,2024-01-03 19:37:52,152,152,152,Davinder’s Apple Watch,The Dillinger Escape Plan - 43% Burnt
231,2024-01-03 19:37:59,153,153,153,Davinder’s Apple Watch,The Dillinger Escape Plan - 43% Burnt
232,2024-01-03 19:38:03,153,153,153,Davinder’s Apple Watch,The Dillinger Escape Plan - 43% Burnt
233,2024-01-03 19:38:11,152,152,152,Davinder’s Apple Watch,The Dillinger Escape Plan - 43% Burnt
234,2024-01-03 19:38:14,153,153,153,Davinder’s Apple Watch,The Dillinger Escape Plan - 43% Burnt
235,2024-01-03 19:38:20,152,152,152,Davinder’s Apple Watch,The Dillinger Escape Plan - 43% Burnt
236,2024-01-03 19:38:26,153,153,153,Davinder’s Apple Watch,The Dillinger Escape Plan - 43% Burnt
237,2024-01-03 19:38:27,153,153,153,Davinder’s Apple Watch,The Dillinger Escape Plan - 43% Burnt
238,2024-01-03 19:38:32,153,153,153,Davinder’s Apple Watch,The Dillinger Escape Plan - 43% Burnt
239,2024-01-03 19:38:41,151,151,151,Davinder’s Apple Watch,The Dillinger Escape Plan - 43% Burnt
240,2024-01-03 19:38:44,151,151,151,Davinder’s Apple Watch,The Dillinger Escape Plan - 43% Burnt
241,2024-01-03 19:38:51,151,151,151,Davinder’s Apple Watch,The Dillinger Escape Plan - 43% Burnt
242,2024-01-03 19:38:53,151,151,151,Davinder’s Apple Watch,The Dillinger Escape Plan - 43% Burnt
243,2024-01-03 19:38:57,149,149,149,Davinder’s Apple Watch,The Dillinger Escape Plan - 43% Burnt
244,2024-01-03 19:39:06,152,152,152,Davinder’s Apple Watch,System Of A Down - Sugar
245,2024-01-03 19:39:11,151,151,151,Davinder’s Apple Watch,System Of A Down - Sugar
246,2024-01-03 19:39:16,151,151,151,Davinder’s Apple Watch,System Of A Down - Sugar
247,2024-01-03 19:39:21,150,150,150,Davinder’s Apple Watch,System Of A Down - Sugar
248,2024-01-03 19:39:22,150,150,150,Davinder’s Apple Watch,System Of A Down - Sugar
249,2024-01-03 19:39:27,149,149,149,Davinder’s Apple Watch,System Of A Down - Sugar
250,2024-01-03 19:39:36,149,149,149,Davinder’s Apple Watch,System Of A Down - Sugar
251,2024-01-03 19:39:37,150,150,150,Davinder’s Apple Watch,System Of A Down - Sugar
252,2024-01-03 19:39:45,150,150,150,Davinder’s Apple Watch,System Of A Down - Sugar
253,2024-01-03 19:39:51,149,149,149,Davinder’s Apple Watch,System Of A Down - Sugar
254,2024-01-03 19:39:53,149,149,149,Davinder’s Apple Watch,System Of A Down - Sugar
255,2024-01-03 19:39:57,149,149,149,Davinder’s Apple Watch,System Of A Down - Sugar
256,2024-01-03 19:40:06,150,150,150,Davinder’s Apple Watch,System Of A Down - Sugar
257,2024-01-03 19:40:09,149,149,149,Davinder’s Apple Watch,System Of A Down - Sugar
258,2024-01-03 19:40:14,149,149,149,Davinder’s Apple Watch,System Of A Down - Sugar
259,2024-01-03 19:40:20,150,150,150,Davinder’s Apple Watch,System Of A Down - Sugar
260,2024-01-03 19:40:23,149,149,149,Davinder’s Apple Watch,System Of A Down - Sugar
261,2024-01-03 19:40:29,147,147,147,Davinder’s Apple Watch,System Of A Down - Sugar
262,2024-01-03 19:40:33,148,148,148,Davinder’s Apple Watch,System Of A Down - Sugar
263,2024-01-03 19:40:41,148,148,148,Davinder’s Apple Watch,System Of A Down - Sugar
264,2024-01-03 19:40:44,148,148,148,Davinder’s Apple Watch,System Of A Down - Sugar
265,2024-01-03 19:40:48,149,149,149,Davinder’s Apple Watch,System Of A Down - Sugar
266,2024-01-03 19:40:55,150,150,150,Davinder’s Apple Watch,System Of A Down - Sugar
267,2024-01-03 19:40:58,150,150,150,Davinder’s Apple Watch,System Of A Down - Sugar
268,2024-01-03 19:41:02,150,150,150,Davinder’s Apple Watch,System Of A Down - Sugar
269,2024-01-03 19:41:11,149,149,149,Davinder’s Apple Watch,System Of A Down - Sugar
270,2024-01-03 19:41:12,149,149,149,Davinder’s Apple Watch,System Of A Down - Sugar
271,2024-01-03 19:41:21,147,147,147,Davinder’s Apple Watch,System Of A Down - Sugar
272,2024-01-03 19:41:26,147,147,147,Davinder’s Apple Watch,System Of A Down - Sugar
273,2024-01-03 19:41:27,147,147,147,Davinder’s Apple Watch,System Of A Down - Sugar
274,2024-01-03 19:41:33,149,149,149,Davinder’s Apple Watch,System Of A Down - Sugar
275,2024-01-03 19:41:38,149,149,149,Davinder’s Apple Watch,Rage Against the Machine - Killing In the Name
276,2024-01-03 19:41:46,148,148,148,Davinder’s Apple Watch,Rage Against the Machine - Killing In the Name
277,2024-01-03 19:41:51,146,146,146,Davinder’s Apple Watch,Rage Against the Machine - Killing In the Name
278,2024-01-03 19:41:54,145,145,145,Davinder’s Apple Watch,Rage Against the Machine - Killing In the Name
279,2024-01-03 19:42:00,143,143,143,Davinder’s Apple Watch,Rage Against the Machine - Killing In the Name
280,2024-01-03 19:42:06,143,143,143,Davinder’s Apple Watch,Rage Against the Machine - Killing In the Name
281,2024-01-03 19:42:08,142,142,142,Davinder’s Apple Watch,Rage Against the Machine - Killing In the Name
282,2024-01-03 19:42:15,141,141,141,Davinder’s Apple Watch,Rage Against the Machine - Killing In the Name
283,2024-01-03 19:42:19,140,140,140,Davinder’s Apple Watch,Rage Against the Machine - Killing In the Name
284,2024-01-03 19:42:25,141,141,141,Davinder’s Apple Watch,Rage Against the Machine - Killing In the Name
285,2024-01-03 19:42:27,141,141,141,Davinder’s Apple Watch,Rage Against the Machine - Killing In the Name
286,2024-01-03 19:42:36,142,142,142,Davinder’s Apple Watch,Rage Against the Machine - Killing In the Name
287,2024-01-03 19:42:41,140,140,140,Davinder’s Apple Watch,Rage Against the Machine - Killing In the Name
288,2024-01-03 19:42:45,140,140,140,Davinder’s Apple Watch,Rage Against the Machine - Killing In the Name
289,2024-01-03 19:42:47,141,141,141,Davinder’s Apple Watch,Rage Against the Machine - Killing In the Name
290,2024-01-03 19:42:55,142,142,142,Davinder’s Apple Watch,Rage Against the Machine - Killing In the Name
291,2024-01-03 19:42:57,142,142,142,Davinder’s Apple Watch,Rage Against the Machine - Killing In the Name
292,2024-01-03 19:43:03,144,144,144,Davinder’s Apple Watch,Rage Against the Machine - Killing In the Name
293,2024-01-03 19:43:11,141,141,141,Davinder’s Apple Watch,Rage Against the Machine - Killing In the Name
