Date/Time,Step Count (count),Source
2024-01-03 19:18:09,0.03,Davinder’s Apple Watch
2024-01-03 19:18:10,1.39,Davinder’s Apple Watch
2024-01-03 19:18:11,1.39,Davinder’s Apple Watch
2024-01-03 19:18:12,1.39,Davinder’s Apple Watch
2024-01-03 19:18:13,1.39,Davinder’s Apple Watch
2024-01-03 19:18:14,1.39,Davinder’s Apple Watch
2024-01-03 19:18:15,1.39,Davinder’s Apple Watch
2024-01-03 19:18:16,1.39,Davinder’s Apple Watch
2024-01-03 19:18:17,1.39,Davinder’s Apple Watch
2024-01-03 19:18:18,1.39,Davinder’s Apple Watch
2024-01-03 19:18:19,1.39,Davinder’s Apple Watch
2024-01-03 19:18:20,1.39,Davinder’s Apple Watch
2024-01-03 19:18:21,1.39,Davinder’s Apple Watch
2024-01-03 19:18:22,1.39,Davinder’s Apple Watch
2024-01-03 19:18:23,1.39,Davinder’s Apple Watch
2024-01-03 19:18:24,1.39,Davinder’s Apple Watch
2024-01-03 19:18:25,1.39,Davinder’s Apple Watch
2024-01-03 19:18:26,1.39,Davinder’s Apple Watch
2024-01-03 19:18:27,1.39,Davinder’s Apple Watch
2024-01-03 19:18:28,1.39,Davinder’s Apple Watch
2024-01-03 19:18:29,1.39,Davinder’s Apple Watch
2024-01-03 19:18:30,1.39,Davinder’s Apple Watch
2024-01-03 19:18:31,1.39,Davinder’s Apple Watch
2024-01-03 19:18:32,1.39,Davinder’s Apple Watch
2024-01-03 19:18:33,1.39,Davinder’s Apple Watch
2024-01-03 19:18:34,1.39,Davinder’s Apple Watch
2024-01-03 19:18:35,1.39,Davinder’s Apple Watch
2024-01-03 19:18:36,1.39,Davinder’s Apple Watch
2024-01-03 19:18:37,1.39,Davinder’s Apple Watch
2024-01-03 19:18:38,1.39,Davinder’s Apple Watch
2024-01-03 19:18:39,1.39,Davinder’s Apple Watch
2024-01-03 19:18:40,1.39,Davinder’s Apple Watch
2024-01-03 19:18:41,1.39,Davinder’s Apple Watch
2024-01-03 19:18:42,1.39,Davinder’s Apple Watch
2024-01-03 19:18:43,1.39,Davinder’s Apple Watch
2024-01-03 19:18:44,1.39,Davinder’s Apple Watch
2024-01-03 19:18:45,1.39,Davinder’s Apple Watch
2024-01-03 19:18:46,1.39,Davinder’s Apple Watch
2024-01-03 19:18:47,1.39,Davinder’s Apple Watch
2024-01-03 19:18:48,1.39,Davinder’s Apple Watch
2024-01-03 19:18:49,1.39,Davinder’s Apple Watch
2024-01-03 19:18:50,1.39,Davinder’s Apple Watch
2024-01-03 19:18:51,1.39,Davinder’s Apple Watch
2024-01-03 19:18:52,1.39,Davinder’s Apple Watch
2024-01-03 19:18:53,1.39,Davinder’s Apple Watch
2024-01-03 19:18:54,1.39,Davinder’s Apple Watch
2024-01-03 19:18:55,1.39,Davinder’s Apple Watch
2024-01-03 19:18:56,1.39,Davinder’s Apple Watch
2024-01-03 19:18:57,1.39,Davinder’s Apple Watch
2024-01-03 19:18:58,1.39,Davinder’s Apple Watch
2024-01-03 19:18:59,1.39,Davinder’s Apple Watch
2024-01-03 19:19:00,1.39,Davinder’s Apple Watch
2024-01-03 19:19:01,1.39,Davinder’s Apple Watch
2024-01-03 19:19:02,1.39,Davinder’s Apple Watch
2024-01-03 19:19:03,1.39,Davinder’s Apple Watch
2024-01-03 19:19:04,1.39,Davinder’s Apple Watch
2024-01-03 19:19:05,1.39,Davinder’s Apple Watch
2024-01-03 19:19:06,1.39,Davinder’s Apple Watch
2024-01-03 19:19:07,1.39,Davinder’s Apple Watch
2024-01-03 19:19:08,1.39,Davinder’s Apple Watch
2024-01-03 19:19:09,1.39,Davinder’s Apple Watch
2024-01-03 19:19:10,1.39,Davinder’s Apple Watch
2024-01-03 19:19:11,1.39,Davinder’s Apple Watch
2024-01-03 19:19:12,1.39,Davinder’s Apple Watch
2024-01-03 19:19:13,1.39,Davinder’s Apple Watch
2024-01-03 19:19:14,1.39,Davinder’s Apple Watch
2024-01-03 19:19:15,1.39,Davinder’s Apple Watch
2024-01-03 19:19:16,1.39,Davinder’s Apple Watch
2024-01-03 19:19:17,1.39,Davinder’s Apple Watch
2024-01-03 19:19:18,1.39,Davinder’s Apple Watch
2024-01-03 19:19:19,1.39,Davinder’s Apple Watch
2024-01-03 19:19:20,1.39,Davinder’s Apple Watch
2024-01-03 19:19:21,1.39,Davinder’s Apple Watch
2024-01-03 19:19:22,1.39,Davinder’s Apple Watch
2024-01-03 19:19:23,1.39,Davinder’s Apple Watch
2024-01-03 19:19:24,1.39,Davinder’s Apple Watch
2024-01-03 19:19:25,1.39,Davinder’s Apple Watch
2024-01-03 19:19:26,1.39,Davinder’s Apple Watch
2024-01-03 19:19:27,1.39,Davinder’s Apple Watch
2024-01-03 19:19:28,1.39,Davinder’s Apple Watch
2024-01-03 19:19:29,1.39,Davinder’s Apple Watch
2024-01-03 19:19:30,1.39,Davinder’s Apple Watch
2024-01-03 19:19:31,1.39,Davinder’s Apple Watch
2024-01-03 19:19:32,1.39,Davinder’s Apple Watch
2024-01-03 19:19:33,1.39,Davinder’s Apple Watch
2024-01-03 19:19:34,1.39,Davinder’s Apple Watch
2024-01-03 19:19:35,1.39,Davinder’s Apple Watch
2024-01-03 19:19:36,1.39,Davinder’s Apple Watch
2024-01-03 19:19:37,1.39,Davinder’s Apple Watch
2024-01-03 19:19:38,1.39,Davinder’s Apple Watch
2024-01-03 19:19:39,1.39,Davinder’s Apple Watch
2024-01-03 19:19:40,1.39,Davinder’s Apple Watch
2024-01-03 19:19:41,1.39,Davinder’s Apple Watch
2024-01-03 19:19:42,1.39,Davinder’s Apple Watch
2024-01-03 19:19:43,1.39,Davinder’s Apple Watch
2024-01-03 19:19:44,1.39,Davinder’s Apple Watch
2024-01-03 19:19:45,1.39,Davinder’s Apple Watch
2024-01-03 19:19:46,1.39,Davinder’s Apple Watch
2024-01-03 19:19:47,1.39,Davinder’s Apple Watch
2024-01-03 19:19:48,1.39,Davinder’s Apple Watch
2024-01-03 19:19:49,1.39,Davinder’s Apple Watch
2024-01-03 19:19:50,1.39,Davinder’s Apple Watch
2024-01-03 19:19:51,1.39,Davinder’s Apple Watch
2024-01-03 19:19:52,1.39,Davinder’s Apple Watch
2024-01-03 19:19:53,1.39,Davinder’s Apple Watch
2024-01-03 19:19:54,1.39,Davinder’s Apple Watch
2024-01-03 19:19:55,1.39,Davinder’s Apple Watch
2024-01-03 19:19:56,1.39,Davinder’s Apple Watch
2024-01-03 19:19:57,1.39,Davinder’s Apple Watch
2024-01-03 19:19:58,1.39,Davinder’s Apple Watch
2024-01-03 19:19:59,1.39,Davinder’s Apple Watch
2024-01-03 19:20:00,1.39,Davinder’s Apple Watch
2024-01-03 19:20:01,1.39,Davinder’s Apple Watch
2024-01-03 19:20:02,1.39,Davinder’s Apple Watch
2024-01-03 19:20:03,1.39,Davinder’s Apple Watch
2024-01-03 19:20:04,1.39,Davinder’s Apple Watch
2024-01-03 19:20:05,1.39,Davinder’s Apple Watch
2024-01-03 19:20:06,1.39,Davinder’s Apple Watch
2024-01-03 19:20:07,1.39,Davinder’s Apple Watch
2024-01-03 19:20:08,1.39,Davinder’s Apple Watch
2024-01-03 19:20:09,1.39,Davinder’s Apple Watch
2024-01-03 19:20:10,1.39,Davinder’s Apple Watch
2024-01-03 19:20:11,1.39,Davinder’s Apple Watch
2024-01-03 19:20:12,1.39,Davinder’s Apple Watch
2024-01-03 19:20:13,1.39,Davinder’s Apple Watch
2024-01-03 19:20:14,1.39,Davinder’s Apple Watch
2024-01-03 19:20:15,1.39,Davinder’s Apple Watch
2024-01-03 19:20:16,1.39,Davinder’s Apple Watch
2024-01-03 19:20:17,1.39,Davinder’s Apple Watch
2024-01-03 19:20:18,1.39,Davinder’s Apple Watch
2024-01-03 19:20:19,1.39,Davinder’s Apple Watch
2024-01-03 19:20:20,1.39,Davinder’s Apple Watch
2024-01-03 19:20:21,1.39,Davinder’s Apple Watch
2024-01-03 19:20:22,1.39,Davinder’s Apple Watch
2024-01-03 19:20:23,1.39,Davinder’s Apple Watch
2024-01-03 19:20:24,1.39,Davinder’s Apple Watch
2024-01-03 19:20:25,1.39,Davinder’s Apple Watch
2024-01-03 19:20:26,1.39,Davinder’s Apple Watch
2024-01-03 19:20:27,1.39,Davinder’s Apple Watch
2024-01-03 19:20:28,1.39,Davinder’s Apple Watch
2024-01-03 19:20:29,1.39,Davinder’s Apple Watch
2024-01-03 19:20:30,1.39,Davinder’s Apple Watch
2024-01-03 19:20:31,1.39,Davinder’s Apple Watch
2024-01-03 19:20:32,1.39,Davinder’s Apple Watch
2024-01-03 19:20:33,1.39,Davinder’s Apple Watch
2024-01-03 19:20:34,1.39,Davinder’s Apple Watch
2024-01-03 19:20:35,1.39,Davinder’s Apple Watch
2024-01-03 19:20:36,1.39,Davinder’s Apple Watch
2024-01-03 19:20:37,1.39,Davinder’s Apple Watch
2024-01-03 19:20:38,1.39,Davinder’s Apple Watch
2024-01-03 19:20:39,1.39,Davinder’s Apple Watch
2024-01-03 19:20:40,1.39,Davinder’s Apple Watch
2024-01-03 19:20:41,1.39,Davinder’s Apple Watch
2024-01-03 19:20:42,1.39,Davinder’s Apple Watch
2024-01-03 19:20:43,1.39,Davinder’s Apple Watch
2024-01-03 19:20:44,1.39,Davinder’s Apple Watch
2024-01-03 19:20:45,1.39,Davinder’s Apple Watch
2024-01-03 19:20:46,1.39,Davinder’s Apple Watch
2024-01-03 19:20:47,1.39,Davinder’s Apple Watch
2024-01-03 19:20:48,1.39,Davinder’s Apple Watch
2024-01-03 19:20:49,1.39,Davinder’s Apple Watch
2024-01-03 19:20:50,1.39,Davinder’s Apple Watch
2024-01-03 19:20:51,1.39,Davinder’s Apple Watch
2024-01-03 19:20:52,1.39,Davinder’s Apple Watch
2024-01-03 19:20:53,1.39,Davinder’s Apple Watch
2024-01-03 19:20:54,1.39,Davinder’s Apple Watch
2024-01-03 19:20:55,1.39,Davinder’s Apple Watch
2024-01-03 19:20:56,1.39,Davinder’s Apple Watch
2024-01-03 19:20:57,1.39,Davinder’s Apple Watch
2024-01-03 19:20:58,1.39,Davinder’s Apple Watch
2024-01-03 19:20:59,1.39,Davinder’s Apple Watch
2024-01-03 19:21:00,1.39,Davinder’s Apple Watch
2024-01-03 19:21:01,1.39,Davinder’s Apple Watch
2024-01-03 19:21:02,1.39,Davinder’s Apple Watch
2024-01-03 19:21:03,1.39,Davinder’s Apple Watch
2024-01-03 19:21:04,1.39,Davinder’s Apple Watch
2024-01-03 19:21:05,1.39,Davinder’s Apple Watch
2024-01-03 19:21:06,1.39,Davinder’s Apple Watch
2024-01-03 19:21:07,1.39,Davinder’s Apple Watch
2024-01-03 19:21:08,1.39,Davinder’s Apple Watch
2024-01-03 19:21:09,1.39,Davinder’s Apple Watch
2024-01-03 19:21:10,1.39,Davinder’s Apple Watch
2024-01-03 19:21:11,1.39,Davinder’s Apple Watch
2024-01-03 19:21:12,1.39,Davinder’s Apple Watch
2024-01-03 19:21:13,1.39,Davinder’s Apple Watch
2024-01-03 19:21:14,1.39,Davinder’s Apple Watch
2024-01-03 19:21:15,1.39,Davinder’s Apple Watch
2024-01-03 19:21:16,1.39,Davinder’s Apple Watch
2024-01-03 19:21:17,1.39,Davinder’s Apple Watch
2024-01-03 19:21:18,1.39,Davinder’s Apple Watch
2024-01-03 19:21:19,1.39,Davinder’s Apple Watch
2024-01-03 19:21:20,1.39,Davinder’s Apple Watch
2024-01-03 19:21:21,1.39,Davinder’s Apple Watch
2024-01-03 19:21:22,1.39,Davinder’s Apple Watch
2024-01-03 19:21:23,1.39,Davinder’s Apple Watch
2024-01-03 19:21:24,1.39,Davinder’s Apple Watch
2024-01-03 19:21:25,1.39,Davinder’s Apple Watch
2024-01-03 19:21:26,1.39,Davinder’s Apple Watch
2024-01-03 19:21:27,1.39,Davinder’s Apple Watch
2024-01-03 19:21:28,1.39,Davinder’s Apple Watch
2024-01-03 19:21:29,1.39,Davinder’s Apple Watch
2024-01-03 19:21:30,1.39,Davinder’s Apple Watch
2024-01-03 19:21:31,1.39,Davinder’s Apple Watch
2024-01-03 19:21:32,1.39,Davinder’s Apple Watch
2024-01-03 19:21:33,1.39,Davinder’s Apple Watch
2024-01-03 19:21:34,1.39,Davinder’s Apple Watch
2024-01-03 19:21:35,1.39,Davinder’s Apple Watch
2024-01-03 19:21:36,1.39,Davinder’s Apple Watch
2024-01-03 19:21:37,1.39,Davinder’s Apple Watch
2024-01-03 19:21:38,1.39,Davinder’s Apple Watch
2024-01-03 19:21:39,1.39,Davinder’s Apple Watch
2024-01-03 19:21:40,1.39,Davinder’s Apple Watch
2024-01-03 19:21:41,1.39,Davinder’s Apple Watch
2024-01-03 19:21:42,1.39,Davinder’s Apple Watch
2024-01-03 19:21:43,1.39,Davinder’s Apple Watch
2024-01-03 19:21:44,1.39,Davinder’s Apple Watch
2024-01-03 19:21:45,1.39,Davinder’s Apple Watch
2024-01-03 19:21:46,1.39,Davinder’s Apple Watch
2024-01-03 19:21:47,1.39,Davinder’s Apple Watch
2024-01-03 19:21:48,1.39,Davinder’s Apple Watch
2024-01-03 19:21:49,1.39,Davinder’s Apple Watch
2024-01-03 19:21:50,1.39,Davinder’s Apple Watch
2024-01-03 19:21:51,1.39,Davinder’s Apple Watch
2024-01-03 19:21:52,1.39,Davinder’s Apple Watch
2024-01-03 19:21:53,1.39,Davinder’s Apple Watch
2024-01-03 19:21:54,1.39,Davinder’s Apple Watch
2024-01-03 19:21:55,1.39,Davinder’s Apple Watch
2024-01-03 19:21:56,1.39,Davinder’s Apple Watch
2024-01-03 19:21:57,1.39,Davinder’s Apple Watch
2024-01-03 19:21:58,1.39,Davinder’s Apple Watch
2024-01-03 19:21:59,1.39,Davinder’s Apple Watch
2024-01-03 19:22:00,1.39,Davinder’s Apple Watch
2024-01-03 19:22:01,1.39,Davinder’s Apple Watch
2024-01-03 19:22:02,1.39,Davinder’s Apple Watch
2024-01-03 19:22:03,1.39,Davinder’s Apple Watch
2024-01-03 19:22:04,1.39,Davinder’s Apple Watch
2024-01-03 19:22:05,1.39,Davinder’s Apple Watch
2024-01-03 19:22:06,1.39,Davinder’s Apple Watch
2024-01-03 19:22:07,1.39,Davinder’s Apple Watch
2024-01-03 19:22:08,1.39,Davinder’s Apple Watch
2024-01-03 19:22:09,1.39,Davinder’s Apple Watch
2024-01-03 19:22:10,1.39,Davinder’s Apple Watch
2024-01-03 19:22:11,1.39,Davinder’s Apple Watch
2024-01-03 19:22:12,1.39,Davinder’s Apple Watch
2024-01-03 19:22:13,1.39,Davinder’s Apple Watch
2024-01-03 19:22:14,1.39,Davinder’s Apple Watch
2024-01-03 19:22:15,1.39,Davinder’s Apple Watch
2024-01-03 19:22:16,1.39,Davinder’s Apple Watch
2024-01-03 19:22:17,1.39,Davinder’s Apple Watch
2024-01-03 19:22:18,1.39,Davinder’s Apple Watch
2024-01-03 19:22:19,1.39,Davinder’s Apple Watch
2024-01-03 19:22:20,1.39,Davinder’s Apple Watch
2024-01-03 19:22:21,1.39,Davinder’s Apple Watch
2024-01-03 19:22:22,1.39,Davinder’s Apple Watch
2024-01-03 19:22:23,1.39,Davinder’s Apple Watch
2024-01-03 19:22:24,1.39,Davinder’s Apple Watch
2024-01-03 19:22:25,1.39,Davinder’s Apple Watch
2024-01-03 19:22:26,1.39,Davinder’s Apple Watch
2024-01-03 19:22:27,1.39,Davinder’s Apple Watch
2024-01-03 19:22:28,1.39,Davinder’s Apple Watch
2024-01-03 19:22:29,1.39,Davinder’s Apple Watch
2024-01-03 19:22:30,1.39,Davinder’s Apple Watch
2024-01-03 19:22:31,1.39,Davinder’s Apple Watch
2024-01-03 19:22:32,1.39,Davinder’s Apple Watch
2024-01-03 19:22:33,1.39,Davinder’s Apple Watch
2024-01-03 19:22:34,1.39,Davinder’s Apple Watch
2024-01-03 19:22:35,1.39,Davinder’s Apple Watch
2024-01-03 19:22:36,1.39,Davinder’s Apple Watch
2024-01-03 19:22:37,1.39,Davinder’s Apple Watch
2024-01-03 19:22:38,1.39,Davinder’s Apple Watch
2024-01-03 19:22:39,1.39,Davinder’s Apple Watch
2024-01-03 19:22:40,1.39,Davinder’s Apple Watch
2024-01-03 19:22:41,1.39,Davinder’s Apple Watch
2024-01-03 19:22:42,1.39,Davinder’s Apple Watch
2024-01-03 19:22:43,1.39,Davinder’s Apple Watch
2024-01-03 19:22:44,1.39,Davinder’s Apple Watch
2024-01-03 19:22:45,1.39,Davinder’s Apple Watch
2024-01-03 19:22:46,1.39,Davinder’s Apple Watch
2024-01-03 19:22:47,1.39,Davinder’s Apple Watch
2024-01-03 19:22:48,1.39,Davinder’s Apple Watch
2024-01-03 19:22:49,1.39,Davinder’s Apple Watch
2024-01-03 19:22:50,1.39,Davinder’s Apple Watch
2024-01-03 19:22:51,1.39,Davinder’s Apple Watch
2024-01-03 19:22:52,1.39,Davinder’s Apple Watch
2024-01-03 19:22:53,1.39,Davinder’s Apple Watch
2024-01-03 19:22:54,1.39,Davinder’s Apple Watch
2024-01-03 19:22:55,1.39,Davinder’s Apple Watch
2024-01-03 19:22:56,1.39,Davinder’s Apple Watch
2024-01-03 19:22:57,1.39,Davinder’s Apple Watch
2024-01-03 19:22:58,1.39,Davinder’s Apple Watch
2024-01-03 19:22:59,1.39,Davinder’s Apple Watch
2024-01-03 19:23:00,1.39,Davinder’s Apple Watch
2024-01-03 19:23:01,1.39,Davinder’s Apple Watch
2024-01-03 19:23:02,1.39,Davinder’s Apple Watch
2024-01-03 19:23:03,1.39,Davinder’s Apple Watch
2024-01-03 19:23:04,1.39,Davinder’s Apple Watch
2024-01-03 19:23:05,1.39,Davinder’s Apple Watch
2024-01-03 19:23:06,1.39,Davinder’s Apple Watch
2024-01-03 19:23:07,1.39,Davinder’s Apple Watch
2024-01-03 19:23:08,1.39,Davinder’s Apple Watch
2024-01-03 19:23:09,1.39,Davinder’s Apple Watch
2024-01-03 19:23:10,1.39,Davinder’s Apple Watch
2024-01-03 19:23:11,1.39,Davinder’s Apple Watch
2024-01-03 19:23:12,1.39,Davinder’s Apple Watch
2024-01-03 19:23:13,1.39,Davinder’s Apple Watch
2024-01-03 19:23:14,1.39,Davinder’s Apple Watch
2024-01-03 19:23:15,1.39,Davinder’s Apple Watch
2024-01-03 19:23:16,1.39,Davinder’s Apple Watch
2024-01-03 19:23:17,1.39,Davinder’s Apple Watch
2024-01-03 19:23:18,1.39,Davinder’s Apple Watch
2024-01-03 19:23:19,1.39,Davinder’s Apple Watch
2024-01-03 19:23:20,1.39,Davinder’s Apple Watch
2024-01-03 19:23:21,1.39,Davinder’s Apple Watch
2024-01-03 19:23:22,1.39,Davinder’s Apple Watch
2024-01-03 19:23:23,1.39,Davinder’s Apple Watch
2024-01-03 19:23:24,1.39,Davinder’s Apple Watch
2024-01-03 19:23:25,1.39,Davinder’s Apple Watch
2024-01-03 19:23:26,1.39,Davinder’s Apple Watch
2024-01-03 19:23:27,1.39,Davinder’s Apple Watch
2024-01-03 19:23:28,1.39,Davinder’s Apple Watch
2024-01-03 19:23:29,1.39,Davinder’s Apple Watch
2024-01-03 19:23:30,1.39,Davinder’s Apple Watch
2024-01-03 19:23:31,1.39,Davinder’s Apple Watch
2024-01-03 19:23:32,1.39,Davinder’s Apple Watch
2024-01-03 19:23:33,1.39,Davinder’s Apple Watch
2024-01-03 19:23:34,1.39,Davinder’s Apple Watch
2024-01-03 19:23:35,1.39,Davinder’s Apple Watch
2024-01-03 19:23:36,1.39,Davinder’s Apple Watch
2024-01-03 19:23:37,1.39,Davinder’s Apple Watch
2024-01-03 19:23:38,1.39,Davinder’s Apple Watch
2024-01-03 19:23:39,1.39,Davinder’s Apple Watch
2024-01-03 19:23:40,1.39,Davinder’s Apple Watch
2024-01-03 19:23:41,1.39,Davinder’s Apple Watch
2024-01-03 19:23:42,1.39,Davinder’s Apple Watch
2024-01-03 19:23:43,1.39,Davinder’s Apple Watch
2024-01-03 19:23:44,1.39,Davinder’s Apple Watch
2024-01-03 19:23:45,1.39,Davinder’s Apple Watch
2024-01-03 19:23:46,1.39,Davinder’s Apple Watch
2024-01-03 19:23:47,1.39,Davinder’s Apple Watch
2024-01-03 19:23:48,1.39,Davinder’s Apple Watch
2024-01-03 19:23:49,1.39,Davinder’s Apple Watch
2024-01-03 19:23:50,1.39,Davinder’s Apple Watch
2024-01-03 19:23:51,1.39,Davinder’s Apple Watch
2024-01-03 19:23:52,1.39,Davinder’s Apple Watch
2024-01-03 19:23:53,1.39,Davinder’s Apple Watch
2024-01-03 19:23:54,1.39,Davinder’s Apple Watch
2024-01-03 19:23:55,1.39,Davinder’s Apple Watch
2024-01-03 19:23:56,1.39,Davinder’s Apple Watch
2024-01-03 19:23:57,1.39,Davinder’s Apple Watch
2024-01-03 19:23:58,1.39,Davinder’s Apple Watch
2024-01-03 19:23:59,1.39,Davinder’s Apple Watch
2024-01-03 19:24:00,1.39,Davinder’s Apple Watch
2024-01-03 19:24:01,1.39,Davinder’s Apple Watch
2024-01-03 19:24:02,1.39,Davinder’s Apple Watch
2024-01-03 19:24:03,1.39,Davinder’s Apple Watch
2024-01-03 19:24:04,1.39,Davinder’s Apple Watch
2024-01-03 19:24:05,1.39,Davinder’s Apple Watch
2024-01-03 19:24:06,1.39,Davinder’s Apple Watch
2024-01-03 19:24:07,1.39,Davinder’s Apple Watch
2024-01-03 19:24:08,1.39,Davinder’s Apple Watch
2024-01-03 19:24:09,1.39,Davinder’s Apple Watch
2024-01-03 19:24:10,1.39,Davinder’s Apple Watch
2024-01-03 19:24:11,1.39,Davinder’s Apple Watch
2024-01-03 19:24:12,1.39,Davinder’s Apple Watch
2024-01-03 19:24:13,1.39,Davinder’s Apple Watch
2024-01-03 19:24:14,1.39,Davinder’s Apple Watch
2024-01-03 19:24:15,1.39,Davinder’s Apple Watch
2024-01-03 19:24:16,1.39,Davinder’s Apple Watch
2024-01-03 19:24:17,1.39,Davinder’s Apple Watch
2024-01-03 19:24:18,1.39,Davinder’s Apple Watch
2024-01-03 19:24:19,1.39,Davinder’s Apple Watch
2024-01-03 19:24:20,1.39,Davinder’s Apple Watch
2024-01-03 19:24:21,1.39,Davinder’s Apple Watch
2024-01-03 19:24:22,1.39,Davinder’s Apple Watch
2024-01-03 19:24:23,1.39,Davinder’s Apple Watch
2024-01-03 19:24:24,1.39,Davinder’s Apple Watch
2024-01-03 19:24:25,1.39,Davinder’s Apple Watch
2024-01-03 19:24:26,1.39,Davinder’s Apple Watch
2024-01-03 19:24:27,1.39,Davinder’s Apple Watch
2024-01-03 19:24:28,1.39,Davinder’s Apple Watch
2024-01-03 19:24:29,1.39,Davinder’s Apple Watch
2024-01-03 19:24:30,1.39,Davinder’s Apple Watch
2024-01-03 19:24:31,1.39,Davinder’s Apple Watch
2024-01-03 19:24:32,1.39,Davinder’s Apple Watch
2024-01-03 19:24:33,1.39,Davinder’s Apple Watch
2024-01-03 19:24:34,1.39,Davinder’s Apple Watch
2024-01-03 19:24:35,1.39,Davinder’s Apple Watch
2024-01-03 19:24:36,1.39,Davinder’s Apple Watch
2024-01-03 19:24:37,1.39,Davinder’s Apple Watch
2024-01-03 19:24:38,1.39,Davinder’s Apple Watch
2024-01-03 19:24:39,1.39,Davinder’s Apple Watch
2024-01-03 19:24:40,1.39,Davinder’s Apple Watch
2024-01-03 19:24:41,1.39,Davinder’s Apple Watch
2024-01-03 19:24:42,1.39,Davinder’s Apple Watch
2024-01-03 19:24:43,1.39,Davinder’s Apple Watch
2024-01-03 19:24:44,1.39,Davinder’s Apple Watch
2024-01-03 19:24:45,1.39,Davinder’s Apple Watch
2024-01-03 19:24:46,1.39,Davinder’s Apple Watch
2024-01-03 19:24:47,1.39,Davinder’s Apple Watch
2024-01-03 19:24:48,1.39,Davinder’s Apple Watch
2024-01-03 19:24:49,1.39,Davinder’s Apple Watch
2024-01-03 19:24:50,1.39,Davinder’s Apple Watch
2024-01-03 19:24:51,1.39,Davinder’s Apple Watch
2024-01-03 19:24:52,1.39,Davinder’s Apple Watch
2024-01-03 19:24:53,1.39,Davinder’s Apple Watch
2024-01-03 19:24:54,1.39,Davinder’s Apple Watch
2024-01-03 19:24:55,1.39,Davinder’s Apple Watch
2024-01-03 19:24:56,1.39,Davinder’s Apple Watch
2024-01-03 19:24:57,1.39,Davinder’s Apple Watch
2024-01-03 19:24:58,1.39,Davinder’s Apple Watch
2024-01-03 19:24:59,1.39,Davinder’s Apple Watch
2024-01-03 19:25:00,1.39,Davinder’s Apple Watch
2024-01-03 19:25:01,1.39,Davinder’s Apple Watch
2024-01-03 19:25:02,1.39,Davinder’s Apple Watch
2024-01-03 19:25:03,1.39,Davinder’s Apple Watch
2024-01-03 19:25:04,1.39,Davinder’s Apple Watch
2024-01-03 19:25:05,1.39,Davinder’s Apple Watch
2024-01-03 19:25:06,1.39,Davinder’s Apple Watch
2024-01-03 19:25:07,1.39,Davinder’s Apple Watch
2024-01-03 19:25:08,1.39,Davinder’s Apple Watch
2024-01-03 19:25:09,1.39,Davinder’s Apple Watch
2024-01-03 19:25:10,1.39,Davinder’s Apple Watch
2024-01-03 19:25:11,1.39,Davinder’s Apple Watch
2024-01-03 19:25:12,1.39,Davinder’s Apple Watch
2024-01-03 19:25:13,1.39,Davinder’s Apple Watch
2024-01-03 19:25:14,1.39,Davinder’s Apple Watch
2024-01-03 19:25:15,1.39,Davinder’s Apple Watch
2024-01-03 19:25:16,1.39,Davinder’s Apple Watch
2024-01-03 19:25:17,1.39,Davinder’s Apple Watch
2024-01-03 19:25:18,1.39,Davinder’s Apple Watch
2024-01-03 19:25:19,1.39,Davinder’s Apple Watch
2024-01-03 19:25:20,1.39,Davinder’s Apple Watch
2024-01-03 19:25:21,1.39,Davinder’s Apple Watch
2024-01-03 19:25:22,1.39,Davinder’s Apple Watch
2024-01-03 19:25:23,1.39,Davinder’s Apple Watch
2024-01-03 19:25:24,1.39,Davinder’s Apple Watch
2024-01-03 19:25:25,1.39,Davinder’s Apple Watch
2024-01-03 19:25:26,1.39,Davinder’s Apple Watch
2024-01-03 19:25:27,1.39,Davinder’s Apple Watch
2024-01-03 19:25:28,1.39,Davinder’s Apple Watch
2024-01-03 19:25:29,1.39,Davinder’s Apple Watch
2024-01-03 19:25:30,1.39,Davinder’s Apple Watch
2024-01-03 19:25:31,1.39,Davinder’s Apple Watch
2024-01-03 19:25:32,1.39,Davinder’s Apple Watch
2024-01-03 19:25:33,1.39,Davinder’s Apple Watch
2024-01-03 19:25:34,1.39,Davinder’s Apple Watch
2024-01-03 19:25:35,1.39,Davinder’s Apple Watch
2024-01-03 19:25:36,1.39,Davinder’s Apple Watch
2024-01-03 19:25:37,1.39,Davinder’s Apple Watch
2024-01-03 19:25:38,1.39,Davinder’s Apple Watch
2024-01-03 19:25:39,1.39,Davinder’s Apple Watch
2024-01-03 19:25:40,1.39,Davinder’s Apple Watch
2024-01-03 19:25:41,1.39,Davinder’s Apple Watch
2024-01-03 19:25:42,1.39,Davinder’s Apple Watch
2024-01-03 19:25:43,1.39,Davinder’s Apple Watch
2024-01-03 19:25:44,1.39,Davinder’s Apple Watch
2024-01-03 19:25:45,1.39,Davinder’s Apple Watch
2024-01-03 19:25:46,1.39,Davinder’s Apple Watch
2024-01-03 19:25:47,1.39,Davinder’s Apple Watch
2024-01-03 19:25:48,1.39,Davinder’s Apple Watch
2024-01-03 19:25:49,1.39,Davinder’s Apple Watch
2024-01-03 19:25:50,1.39,Davinder’s Apple Watch
2024-01-03 19:25:51,1.39,Davinder’s Apple Watch
2024-01-03 19:25:52,1.39,Davinder’s Apple Watch
2024-01-03 19:25:53,1.39,Davinder’s Apple Watch
2024-01-03 19:25:54,1.39,Davinder’s Apple Watch
2024-01-03 19:25:55,1.39,Davinder’s Apple Watch
2024-01-03 19:25:56,1.39,Davinder’s Apple Watch
2024-01-03 19:25:57,1.39,Davinder’s Apple Watch
2024-01-03 19:25:58,1.39,Davinder’s Apple Watch
2024-01-03 19:25:59,1.39,Davinder’s Apple Watch
2024-01-03 19:26:00,1.39,Davinder’s Apple Watch
2024-01-03 19:26:01,1.39,Davinder’s Apple Watch
2024-01-03 19:26:02,1.39,Davinder’s Apple Watch
2024-01-03 19:26:03,1.39,Davinder’s Apple Watch
2024-01-03 19:26:04,1.39,Davinder’s Apple Watch
2024-01-03 19:26:05,1.39,Davinder’s Apple Watch
2024-01-03 19:26:06,1.39,Davinder’s Apple Watch
2024-01-03 19:26:07,1.39,Davinder’s Apple Watch
2024-01-03 19:26:08,1.39,Davinder’s Apple Watch
2024-01-03 19:26:09,1.39,Davinder’s Apple Watch
2024-01-03 19:26:10,1.39,Davinder’s Apple Watch
2024-01-03 19:26:11,1.39,Davinder’s Apple Watch
2024-01-03 19:26:12,1.39,Davinder’s Apple Watch
2024-01-03 19:26:13,1.39,Davinder’s Apple Watch
2024-01-03 19:26:14,1.39,Davinder’s Apple Watch
2024-01-03 19:26:15,1.39,Davinder’s Apple Watch
2024-01-03 19:26:16,1.39,Davinder’s Apple Watch
2024-01-03 19:26:17,1.39,Davinder’s Apple Watch
2024-01-03 19:26:18,1.39,Davinder’s Apple Watch
2024-01-03 19:26:19,1.39,Davinder’s Apple Watch
2024-01-03 19:26:20,1.39,Davinder’s Apple Watch
2024-01-03 19:26:21,1.39,Davinder’s Apple Watch
2024-01-03 19:26:22,1.39,Davinder’s Apple Watch
2024-01-03 19:26:23,1.39,Davinder’s Apple Watch
2024-01-03 19:26:24,1.39,Davinder’s Apple Watch
2024-01-03 19:26:25,1.39,Davinder’s Apple Watch
2024-01-03 19:26:26,1.39,Davinder’s Apple Watch
2024-01-03 19:26:27,1.39,Davinder’s Apple Watch
2024-01-03 19:26:28,1.39,Davinder’s Apple Watch
2024-01-03 19:26:29,1.39,Davinder’s Apple Watch
2024-01-03 19:26:30,1.39,Davinder’s Apple Watch
2024-01-03 19:26:31,1.39,Davinder’s Apple Watch
2024-01-03 19:26:32,1.39,Davinder’s Apple Watch
2024-01-03 19:26:33,1.39,Davinder’s Apple Watch
2024-01-03 19:26:34,1.39,Davinder’s Apple Watch
2024-01-03 19:26:35,1.39,Davinder’s Apple Watch
2024-01-03 19:26:36,1.39,Davinder’s Apple Watch
2024-01-03 19:26:37,1.39,Davinder’s Apple Watch
2024-01-03 19:26:38,1.39,Davinder’s Apple Watch
2024-01-03 19:26:39,1.39,Davinder’s Apple Watch
2024-01-03 19:26:40,1.39,Davinder’s Apple Watch
2024-01-03 19:26:41,1.39,Davinder’s Apple Watch
2024-01-03 19:26:42,1.39,Davinder’s Apple Watch
2024-01-03 19:26:43,1.39,Davinder’s Apple Watch
2024-01-03 19:26:44,1.39,Davinder’s Apple Watch
2024-01-03 19:26:45,1.39,Davinder’s Apple Watch
2024-01-03 19:26:46,1.39,Davinder’s Apple Watch
2024-01-03 19:26:47,1.39,Davinder’s Apple Watch
2024-01-03 19:26:48,1.39,Davinder’s Apple Watch
2024-01-03 19:26:49,1.39,Davinder’s Apple Watch
2024-01-03 19:26:50,1.39,Davinder’s Apple Watch
2024-01-03 19:26:51,1.39,Davinder’s Apple Watch
2024-01-03 19:26:52,1.39,Davinder’s Apple Watch
2024-01-03 19:26:53,1.39,Davinder’s Apple Watch
2024-01-03 19:26:54,1.39,Davinder’s Apple Watch
2024-01-03 19:26:55,1.39,Davinder’s Apple Watch
2024-01-03 19:26:56,1.39,Davinder’s Apple Watch
2024-01-03 19:26:57,1.39,Davinder’s Apple Watch
2024-01-03 19:26:58,1.39,Davinder’s Apple Watch
2024-01-03 19:26:59,1.39,Davinder’s Apple Watch
2024-01-03 19:27:00,1.39,Davinder’s Apple Watch
2024-01-03 19:27:01,1.39,Davinder’s Apple Watch
2024-01-03 19:27:02,1.39,Davinder’s Apple Watch
2024-01-03 19:27:03,1.39,Davinder’s Apple Watch
2024-01-03 19:27:04,1.39,Davinder’s Apple Watch
2024-01-03 19:27:05,1.39,Davinder’s Apple Watch
2024-01-03 19:27:06,1.39,Davinder’s Apple Watch
2024-01-03 19:27:07,1.39,Davinder’s Apple Watch
2024-01-03 19:27:08,1.39,Davinder’s Apple Watch
2024-01-03 19:27:09,1.39,Davinder’s Apple Watch
2024-01-03 19:27:10,1.39,Davinder’s Apple Watch
2024-01-03 19:27:11,1.39,Davinder’s Apple Watch
2024-01-03 19:27:12,1.39,Davinder’s Apple Watch
2024-01-03 19:27:13,1.39,Davinder’s Apple Watch
2024-01-03 19:27:14,1.39,Davinder’s Apple Watch
2024-01-03 19:27:15,1.39,Davinder’s Apple Watch
2024-01-03 19:27:16,1.39,Davinder’s Apple Watch
2024-01-03 19:27:17,1.39,Davinder’s Apple Watch
2024-01-03 19:27:18,1.39,Davinder’s Apple Watch
2024-01-03 19:27:19,1.39,Davinder’s Apple Watch
2024-01-03 19:27:20,1.39,Davinder’s Apple Watch
2024-01-03 19:27:21,1.39,Davinder’s Apple Watch
2024-01-03 19:27:22,1.39,Davinder’s Apple Watch
2024-01-03 19:27:23,1.39,Davinder’s Apple Watch
2024-01-03 19:27:24,1.39,Davinder’s Apple Watch
2024-01-03 19:27:25,1.39,Davinder’s Apple Watch
2024-01-03 19:27:26,1.39,Davinder’s Apple Watch
2024-01-03 19:27:27,1.39,Davinder’s Apple Watch
2024-01-03 19:27:28,1.39,Davinder’s Apple Watch
2024-01-03 19:27:29,1.39,Davinder’s Apple Watch
2024-01-03 19:27:30,1.39,Davinder’s Apple Watch
2024-01-03 19:27:31,1.39,Davinder’s Apple Watch
2024-01-03 19:27:32,1.39,Davinder’s Apple Watch
2024-01-03 19:27:33,1.39,Davinder’s Apple Watch
2024-01-03 19:27:34,1.39,Davinder’s Apple Watch
2024-01-03 19:27:35,1.39,Davinder’s Apple Watch
2024-01-03 19:27:36,1.39,Davinder’s Apple Watch
2024-01-03 19:27:37,1.39,Davinder’s Apple Watch
2024-01-03 19:27:38,1.39,Davinder’s Apple Watch
2024-01-03 19:27:39,1.39,Davinder’s Apple Watch
2024-01-03 19:27:40,1.39,Davinder’s Apple Watch
2024-01-03 19:27:41,1.39,Davinder’s Apple Watch
2024-01-03 19:27:42,1.39,Davinder’s Apple Watch
2024-01-03 19:27:43,1.39,Davinder’s Apple Watch
2024-01-03 19:27:44,1.39,Davinder’s Apple Watch
2024-01-03 19:27:45,1.39,Davinder’s Apple Watch
2024-01-03 19:27:46,1.39,Davinder’s Apple Watch
2024-01-03 19:27:47,1.39,Davinder’s Apple Watch
2024-01-03 19:27:48,1.39,Davinder’s Apple Watch
2024-01-03 19:27:49,1.39,Davinder’s Apple Watch
2024-01-03 19:27:50,1.39,Davinder’s Apple Watch
2024-01-03 19:27:51,1.39,Davinder’s Apple Watch
2024-01-03 19:27:52,1.39,Davinder’s Apple Watch
2024-01-03 19:27:53,1.39,Davinder’s Apple Watch
2024-01-03 19:27:54,1.39,Davinder’s Apple Watch
2024-01-03 19:27:55,1.39,Davinder’s Apple Watch
2024-01-03 19:27:56,1.39,Davinder’s Apple Watch
2024-01-03 19:27:57,1.39,Davinder’s Apple Watch
2024-01-03 19:27:58,1.39,Davinder’s Apple Watch
2024-01-03 19:27:59,1.39,Davinder’s Apple Watch
2024-01-03 19:28:00,1.39,Davinder’s Apple Watch
2024-01-03 19:28:01,1.39,Davinder’s Apple Watch
2024-01-03 19:28:02,1.39,Davinder’s Apple Watch
2024-01-03 19:28:03,1.39,Davinder’s Apple Watch
2024-01-03 19:28:04,1.39,Davinder’s Apple Watch
2024-01-03 19:28:05,1.39,Davinder’s Apple Watch
2024-01-03 19:28:06,1.39,Davinder’s Apple Watch
2024-01-03 19:28:07,1.39,Davinder’s Apple Watch
2024-01-03 19:28:08,1.39,Davinder’s Apple Watch
2024-01-03 19:28:09,1.39,Davinder’s Apple Watch
2024-01-03 19:28:10,1.39,Davinder’s Apple Watch
2024-01-03 19:28:11,1.23,Davinder’s Apple Watch
2024-01-03 19:28:12,1.21,Davinder’s Apple Watch
2024-01-03 19:28:13,1.21,Davinder’s Apple Watch
2024-01-03 19:28:14,1.21,Davinder’s Apple Watch
2024-01-03 19:28:15,1.21,Davinder’s Apple Watch
2024-01-03 19:28:16,1.21,Davinder’s Apple Watch
2024-01-03 19:28:17,1.21,Davinder’s Apple Watch
2024-01-03 19:28:18,1.21,Davinder’s Apple Watch
2024-01-03 19:28:19,1.21,Davinder’s Apple Watch
2024-01-03 19:28:20,1.21,Davinder’s Apple Watch
2024-01-03 19:28:21,1.21,Davinder’s Apple Watch
2024-01-03 19:28:22,1.21,Davinder’s Apple Watch
2024-01-03 19:28:23,1.21,Davinder’s Apple Watch
2024-01-03 19:28:24,1.21,Davinder’s Apple Watch
2024-01-03 19:28:25,1.21,Davinder’s Apple Watch
2024-01-03 19:28:26,1.21,Davinder’s Apple Watch
2024-01-03 19:28:27,1.21,Davinder’s Apple Watch
2024-01-03 19:28:28,1.21,Davinder’s Apple Watch
2024-01-03 19:28:29,1.21,Davinder’s Apple Watch
2024-01-03 19:28:30,1.21,Davinder’s Apple Watch
2024-01-03 19:28:31,1.21,Davinder’s Apple Watch
2024-01-03 19:28:32,1.21,Davinder’s Apple Watch
2024-01-03 19:28:33,1.21,Davinder’s Apple Watch
2024-01-03 19:28:34,1.21,Davinder’s Apple Watch
2024-01-03 19:28:35,1.21,Davinder’s Apple Watch
2024-01-03 19:28:36,1.21,Davinder’s Apple Watch
2024-01-03 19:28:37,1.21,Davinder’s Apple Watch
2024-01-03 19:28:38,1.21,Davinder’s Apple Watch
2024-01-03 19:28:39,1.21,Davinder’s Apple Watch
2024-01-03 19:28:40,1.21,Davinder’s Apple Watch
2024-01-03 19:28:41,1.21,Davinder’s Apple Watch
2024-01-03 19:28:42,1.21,Davinder’s Apple Watch
2024-01-03 19:28:43,1.21,Davinder’s Apple Watch
2024-01-03 19:28:44,1.21,Davinder’s Apple Watch
2024-01-03 19:28:45,1.21,Davinder’s Apple Watch
2024-01-03 19:28:46,1.21,Davinder’s Apple Watch
2024-01-03 19:28:47,1.21,Davinder’s Apple Watch
2024-01-03 19:28:48,1.21,Davinder’s Apple Watch
2024-01-03 19:28:49,1.21,Davinder’s Apple Watch
2024-01-03 19:28:50,1.21,Davinder’s Apple Watch
2024-01-03 19:28:51,1.21,Davinder’s Apple Watch
2024-01-03 19:28:52,1.21,Davinder’s Apple Watch
2024-01-03 19:28:53,1.21,Davinder’s Apple Watch
2024-01-03 19:28:54,1.21,Davinder’s Apple Watch
2024-01-03 19:28:55,1.21,Davinder’s Apple Watch
2024-01-03 19:28:56,1.21,Davinder’s Apple Watch
2024-01-03 19:28:57,1.21,Davinder’s Apple Watch
2024-01-03 19:28:58,1.21,Davinder’s Apple Watch
2024-01-03 19:28:59,1.21,Davinder’s Apple Watch
2024-01-03 19:29:00,1.21,Davinder’s Apple Watch
2024-01-03 19:29:01,1.21,Davinder’s Apple Watch
2024-01-03 19:29:02,1.21,Davinder’s Apple Watch
2024-01-03 19:29:03,1.21,Davinder’s Apple Watch
2024-01-03 19:29:04,1.21,Davinder’s Apple Watch
2024-01-03 19:29:05,1.21,Davinder’s Apple Watch
2024-01-03 19:29:06,1.21,Davinder’s Apple Watch
2024-01-03 19:29:07,1.21,Davinder’s Apple Watch
2024-01-03 19:29:08,1.21,Davinder’s Apple Watch
2024-01-03 19:29:09,1.21,Davinder’s Apple Watch
2024-01-03 19:29:10,1.21,Davinder’s Apple Watch
2024-01-03 19:29:11,1.21,Davinder’s Apple Watch
2024-01-03 19:29:12,1.21,Davinder’s Apple Watch
2024-01-03 19:29:13,1.21,Davinder’s Apple Watch
2024-01-03 19:29:14,1.21,Davinder’s Apple Watch
2024-01-03 19:29:15,1.21,Davinder’s Apple Watch
2024-01-03 19:29:16,1.21,Davinder’s Apple Watch
2024-01-03 19:29:17,1.21,Davinder’s Apple Watch
2024-01-03 19:29:18,1.21,Davinder’s Apple Watch
2024-01-03 19:29:19,1.21,Davinder’s Apple Watch
2024-01-03 19:29:20,1.21,Davinder’s Apple Watch
2024-01-03 19:29:21,1.21,Davinder’s Apple Watch
2024-01-03 19:29:22,1.21,Davinder’s Apple Watch
2024-01-03 19:29:23,1.21,Davinder’s Apple Watch
2024-01-03 19:29:24,1.21,Davinder’s Apple Watch
2024-01-03 19:29:25,1.21,Davinder’s Apple Watch
2024-01-03 19:29:26,1.21,Davinder’s Apple Watch
2024-01-03 19:29:27,1.21,Davinder’s Apple Watch
2024-01-03 19:29:28,1.21,Davinder’s Apple Watch
2024-01-03 19:29:29,1.21,Davinder’s Apple Watch
2024-01-03 19:29:30,1.21,Davinder’s Apple Watch
2024-01-03 19:29:31,1.21,Davinder’s Apple Watch
2024-01-03 19:29:32,1.21,Davinder’s Apple Watch
2024-01-03 19:29:33,1.21,Davinder’s Apple Watch
2024-01-03 19:29:34,1.21,Davinder’s Apple Watch
2024-01-03 19:29:35,1.21,Davinder’s Apple Watch
2024-01-03 19:29:36,1.21,Davinder’s Apple Watch
2024-01-03 19:29:37,1.21,Davinder’s Apple Watch
2024-01-03 19:29:38,1.21,Davinder’s Apple Watch
2024-01-03 19:29:39,1.21,Davinder’s Apple Watch
2024-01-03 19:29:40,1.21,Davinder’s Apple Watch
2024-01-03 19:29:41,1.21,Davinder’s Apple Watch
2024-01-03 19:29:42,1.21,Davinder’s Apple Watch
2024-01-03 19:29:43,1.21,Davinder’s Apple Watch
2024-01-03 19:29:44,1.21,Davinder’s Apple Watch
2024-01-03 19:29:45,1.21,Davinder’s Apple Watch
2024-01-03 19:29:46,1.21,Davinder’s Apple Watch
2024-01-03 19:29:47,1.21,Davinder’s Apple Watch
2024-01-03 19:29:48,1.21,Davinder’s Apple Watch
2024-01-03 19:29:49,1.21,Davinder’s Apple Watch
2024-01-03 19:29:50,1.21,Davinder’s Apple Watch
2024-01-03 19:29:51,1.21,Davinder’s Apple Watch
2024-01-03 19:29:52,1.21,Davinder’s Apple Watch
2024-01-03 19:29:53,1.21,Davinder’s Apple Watch
2024-01-03 19:29:54,1.21,Davinder’s Apple Watch
2024-01-03 19:29:55,1.21,Davinder’s Apple Watch
2024-01-03 19:29:56,1.21,Davinder’s Apple Watch
2024-01-03 19:29:57,1.21,Davinder’s Apple Watch
2024-01-03 19:29:58,1.21,Davinder’s Apple Watch
2024-01-03 19:29:59,1.21,Davinder’s Apple Watch
2024-01-03 19:30:00,1.21,Davinder’s Apple Watch
2024-01-03 19:30:01,1.21,Davinder’s Apple Watch
2024-01-03 19:30:02,1.21,Davinder’s Apple Watch
2024-01-03 19:30:03,1.21,Davinder’s Apple Watch
2024-01-03 19:30:04,1.21,Davinder’s Apple Watch
2024-01-03 19:30:05,1.21,Davinder’s Apple Watch
2024-01-03 19:30:06,1.21,Davinder’s Apple Watch
2024-01-03 19:30:07,1.21,Davinder’s Apple Watch
2024-01-03 19:30:08,1.21,Davinder’s Apple Watch
2024-01-03 19:30:09,1.21,Davinder’s Apple Watch
2024-01-03 19:30:10,1.21,Davinder’s Apple Watch
2024-01-03 19:30:11,1.21,Davinder’s Apple Watch
2024-01-03 19:30:12,1.21,Davinder’s Apple Watch
2024-01-03 19:30:13,1.21,Davinder’s Apple Watch
2024-01-03 19:30:14,1.21,Davinder’s Apple Watch
2024-01-03 19:30:15,1.21,Davinder’s Apple Watch
2024-01-03 19:30:16,1.21,Davinder’s Apple Watch
2024-01-03 19:30:17,1.21,Davinder’s Apple Watch
2024-01-03 19:30:18,1.21,Davinder’s Apple Watch
2024-01-03 19:30:19,1.21,Davinder’s Apple Watch
2024-01-03 19:30:20,1.21,Davinder’s Apple Watch
2024-01-03 19:30:21,1.21,Davinder’s Apple Watch
2024-01-03 19:30:22,1.21,Davinder’s Apple Watch
2024-01-03 19:30:23,1.21,Davinder’s Apple Watch
2024-01-03 19:30:24,1.21,Davinder’s Apple Watch
2024-01-03 19:30:25,1.21,Davinder’s Apple Watch
2024-01-03 19:30:26,1.21,Davinder’s Apple Watch
2024-01-03 19:30:27,1.21,Davinder’s Apple Watch
2024-01-03 19:30:28,1.21,Davinder’s Apple Watch
2024-01-03 19:30:29,1.21,Davinder’s Apple Watch
2024-01-03 19:30:30,1.21,Davinder’s Apple Watch
2024-01-03 19:30:31,1.21,Davinder’s Apple Watch
2024-01-03 19:30:32,1.21,Davinder’s Apple Watch
2024-01-03 19:30:33,1.21,Davinder’s Apple Watch
2024-01-03 19:30:34,1.21,Davinder’s Apple Watch
2024-01-03 19:30:35,1.21,Davinder’s Apple Watch
2024-01-03 19:30:36,1.21,Davinder’s Apple Watch
2024-01-03 19:30:37,1.21,Davinder’s Apple Watch
2024-01-03 19:30:38,1.21,Davinder’s Apple Watch
2024-01-03 19:30:39,1.21,Davinder’s Apple Watch
2024-01-03 19:30:40,1.21,Davinder’s Apple Watch
2024-01-03 19:30:41,1.21,Davinder’s Apple Watch
2024-01-03 19:30:42,1.21,Davinder’s Apple Watch
2024-01-03 19:30:43,1.21,Davinder’s Apple Watch
2024-01-03 19:30:44,1.21,Davinder’s Apple Watch
2024-01-03 19:30:45,1.21,Davinder’s Apple Watch
2024-01-03 19:30:46,1.21,Davinder’s Apple Watch
2024-01-03 19:30:47,1.21,Davinder’s Apple Watch
2024-01-03 19:30:48,1.21,Davinder’s Apple Watch
2024-01-03 19:30:49,1.21,Davinder’s Apple Watch
2024-01-03 19:30:50,1.21,Davinder’s Apple Watch
2024-01-03 19:30:51,1.21,Davinder’s Apple Watch
2024-01-03 19:30:52,1.21,Davinder’s Apple Watch
2024-01-03 19:30:53,1.21,Davinder’s Apple Watch
2024-01-03 19:30:54,1.21,Davinder’s Apple Watch
2024-01-03 19:30:55,1.21,Davinder’s Apple Watch
2024-01-03 19:30:56,1.21,Davinder’s Apple Watch
2024-01-03 19:30:57,1.21,Davinder’s Apple Watch
2024-01-03 19:30:58,1.21,Davinder’s Apple Watch
2024-01-03 19:30:59,1.21,Davinder’s Apple Watch
2024-01-03 19:31:00,1.21,Davinder’s Apple Watch
2024-01-03 19:31:01,1.21,Davinder’s Apple Watch
2024-01-03 19:31:02,1.21,Davinder’s Apple Watch
2024-01-03 19:31:03,1.21,Davinder’s Apple Watch
2024-01-03 19:31:04,1.21,Davinder’s Apple Watch
2024-01-03 19:31:05,1.21,Davinder’s Apple Watch
2024-01-03 19:31:06,1.21,Davinder’s Apple Watch
2024-01-03 19:31:07,1.21,Davinder’s Apple Watch
2024-01-03 19:31:08,1.21,Davinder’s Apple Watch
2024-01-03 19:31:09,1.21,Davinder’s Apple Watch
2024-01-03 19:31:10,1.21,Davinder’s Apple Watch
2024-01-03 19:31:11,1.21,Davinder’s Apple Watch
2024-01-03 19:31:12,1.21,Davinder’s Apple Watch
2024-01-03 19:31:13,1.21,Davinder’s Apple Watch
2024-01-03 19:31:14,1.21,Davinder’s Apple Watch
2024-01-03 19:31:15,1.21,Davinder’s Apple Watch
2024-01-03 19:31:16,1.21,Davinder’s Apple Watch
2024-01-03 19:31:17,1.21,Davinder’s Apple Watch
2024-01-03 19:31:18,1.21,Davinder’s Apple Watch
2024-01-03 19:31:19,1.21,Davinder’s Apple Watch
2024-01-03 19:31:20,1.21,Davinder’s Apple Watch
2024-01-03 19:31:21,1.21,Davinder’s Apple Watch
2024-01-03 19:31:22,1.21,Davinder’s Apple Watch
2024-01-03 19:31:23,1.21,Davinder’s Apple Watch
2024-01-03 19:31:24,1.21,Davinder’s Apple Watch
2024-01-03 19:31:25,1.21,Davinder’s Apple Watch
2024-01-03 19:31:26,1.21,Davinder’s Apple Watch
2024-01-03 19:31:27,1.21,Davinder’s Apple Watch
2024-01-03 19:31:28,1.21,Davinder’s Apple Watch
2024-01-03 19:31:29,1.21,Davinder’s Apple Watch
2024-01-03 19:31:30,1.21,Davinder’s Apple Watch
2024-01-03 19:31:31,1.21,Davinder’s Apple Watch
2024-01-03 19:31:32,1.21,Davinder’s Apple Watch
2024-01-03 19:31:33,1.21,Davinder’s Apple Watch
2024-01-03 19:31:34,1.21,Davinder’s Apple Watch
2024-01-03 19:31:35,1.21,Davinder’s Apple Watch
2024-01-03 19:31:36,1.21,Davinder’s Apple Watch
2024-01-03 19:31:37,1.21,Davinder’s Apple Watch
2024-01-03 19:31:38,1.21,Davinder’s Apple Watch
2024-01-03 19:31:39,1.21,Davinder’s Apple Watch
2024-01-03 19:31:40,1.21,Davinder’s Apple Watch
2024-01-03 19:31:41,1.21,Davinder’s Apple Watch
2024-01-03 19:31:42,1.21,Davinder’s Apple Watch
2024-01-03 19:31:43,1.21,Davinder’s Apple Watch
2024-01-03 19:31:44,1.21,Davinder’s Apple Watch
2024-01-03 19:31:45,1.21,Davinder’s Apple Watch
2024-01-03 19:31:46,1.21,Davinder’s Apple Watch
2024-01-03 19:31:47,1.21,Davinder’s Apple Watch
2024-01-03 19:31:48,1.21,Davinder’s Apple Watch
2024-01-03 19:31:49,1.21,Davinder’s Apple Watch
2024-01-03 19:31:50,1.21,Davinder’s Apple Watch
2024-01-03 19:31:51,1.21,Davinder’s Apple Watch
2024-01-03 19:31:52,1.21,Davinder’s Apple Watch
2024-01-03 19:31:53,1.21,Davinder’s Apple Watch
2024-01-03 19:31:54,1.21,Davinder’s Apple Watch
2024-01-03 19:31:55,1.21,Davinder’s Apple Watch
2024-01-03 19:31:56,1.21,Davinder’s Apple Watch
2024-01-03 19:31:57,1.21,Davinder’s Apple Watch
2024-01-03 19:31:58,1.21,Davinder’s Apple Watch
2024-01-03 19:31:59,1.21,Davinder’s Apple Watch
2024-01-03 19:32:00,1.21,Davinder’s Apple Watch
2024-01-03 19:32:01,1.21,Davinder’s Apple Watch
2024-01-03 19:32:02,1.21,Davinder’s Apple Watch
2024-01-03 19:32:03,1.21,Davinder’s Apple Watch
2024-01-03 19:32:04,1.21,Davinder’s Apple Watch
2024-01-03 19:32:05,1.21,Davinder’s Apple Watch
2024-01-03 19:32:06,1.21,Davinder’s Apple Watch
2024-01-03 19:32:07,1.21,Davinder’s Apple Watch
2024-01-03 19:32:08,1.21,Davinder’s Apple Watch
2024-01-03 19:32:09,1.21,Davinder’s Apple Watch
2024-01-03 19:32:10,1.21,Davinder’s Apple Watch
2024-01-03 19:32:11,1.21,Davinder’s Apple Watch
2024-01-03 19:32:12,1.21,Davinder’s Apple Watch
2024-01-03 19:32:13,1.21,Davinder’s Apple Watch
2024-01-03 19:32:14,1.21,Davinder’s Apple Watch
2024-01-03 19:32:15,1.21,Davinder’s Apple Watch
2024-01-03 19:32:16,1.21,Davinder’s Apple Watch
2024-01-03 19:32:17,1.21,Davinder’s Apple Watch
2024-01-03 19:32:18,1.21,Davinder’s Apple Watch
2024-01-03 19:32:19,1.21,Davinder’s Apple Watch
2024-01-03 19:32:20,1.21,Davinder’s Apple Watch
2024-01-03 19:32:21,1.21,Davinder’s Apple Watch
2024-01-03 19:32:22,1.21,Davinder’s Apple Watch
2024-01-03 19:32:23,1.21,Davinder’s Apple Watch
2024-01-03 19:32:24,1.21,Davinder’s Apple Watch
2024-01-03 19:32:25,1.21,Davinder’s Apple Watch
2024-01-03 19:32:26,1.21,Davinder’s Apple Watch
2024-01-03 19:32:27,1.21,Davinder’s Apple Watch
2024-01-03 19:32:28,1.21,Davinder’s Apple Watch
2024-01-03 19:32:29,1.21,Davinder’s Apple Watch
2024-01-03 19:32:30,1.21,Davinder’s Apple Watch
2024-01-03 19:32:31,1.21,Davinder’s Apple Watch
2024-01-03 19:32:32,1.21,Davinder’s Apple Watch
2024-01-03 19:32:33,1.21,Davinder’s Apple Watch
2024-01-03 19:32:34,1.21,Davinder’s Apple Watch
2024-01-03 19:32:35,1.21,Davinder’s Apple Watch
2024-01-03 19:32:36,1.21,Davinder’s Apple Watch
2024-01-03 19:32:37,1.21,Davinder’s Apple Watch
2024-01-03 19:32:38,1.21,Davinder’s Apple Watch
2024-01-03 19:32:39,1.21,Davinder’s Apple Watch
2024-01-03 19:32:40,1.21,Davinder’s Apple Watch
2024-01-03 19:32:41,1.21,Davinder’s Apple Watch
2024-01-03 19:32:42,1.21,Davinder’s Apple Watch
2024-01-03 19:32:43,1.21,Davinder’s Apple Watch
2024-01-03 19:32:44,1.21,Davinder’s Apple Watch
2024-01-03 19:32:45,1.21,Davinder’s Apple Watch
2024-01-03 19:32:46,1.21,Davinder’s Apple Watch
2024-01-03 19:32:47,1.21,Davinder’s Apple Watch
2024-01-03 19:32:48,1.21,Davinder’s Apple Watch
2024-01-03 19:32:49,1.21,Davinder’s Apple Watch
2024-01-03 19:32:50,1.21,Davinder’s Apple Watch
2024-01-03 19:32:51,1.21,Davinder’s Apple Watch
2024-01-03 19:32:52,1.21,Davinder’s Apple Watch
2024-01-03 19:32:53,1.21,Davinder’s Apple Watch
2024-01-03 19:32:54,1.21,Davinder’s Apple Watch
2024-01-03 19:32:55,1.21,Davinder’s Apple Watch
2024-01-03 19:32:56,1.21,Davinder’s Apple Watch
2024-01-03 19:32:57,1.21,Davinder’s Apple Watch
2024-01-03 19:32:58,1.21,Davinder’s Apple Watch
2024-01-03 19:32:59,1.21,Davinder’s Apple Watch
2024-01-03 19:33:00,1.21,Davinder’s Apple Watch
2024-01-03 19:33:01,1.21,Davinder’s Apple Watch
2024-01-03 19:33:02,1.21,Davinder’s Apple Watch
2024-01-03 19:33:03,1.21,Davinder’s Apple Watch
2024-01-03 19:33:04,1.21,Davinder’s Apple Watch
2024-01-03 19:33:05,1.21,Davinder’s Apple Watch
2024-01-03 19:33:06,1.21,Davinder’s Apple Watch
2024-01-03 19:33:07,1.21,Davinder’s Apple Watch
2024-01-03 19:33:08,1.21,Davinder’s Apple Watch
2024-01-03 19:33:09,1.21,Davinder’s Apple Watch
2024-01-03 19:33:10,1.21,Davinder’s Apple Watch
2024-01-03 19:33:11,1.21,Davinder’s Apple Watch
2024-01-03 19:33:12,1.21,Davinder’s Apple Watch
2024-01-03 19:33:13,1.21,Davinder’s Apple Watch
2024-01-03 19:33:14,1.21,Davinder’s Apple Watch
2024-01-03 19:33:15,1.21,Davinder’s Apple Watch
2024-01-03 19:33:16,1.21,Davinder’s Apple Watch
2024-01-03 19:33:17,1.21,Davinder’s Apple Watch
2024-01-03 19:33:18,1.21,Davinder’s Apple Watch
2024-01-03 19:33:19,1.21,Davinder’s Apple Watch
2024-01-03 19:33:20,1.21,Davinder’s Apple Watch
2024-01-03 19:33:21,1.21,Davinder’s Apple Watch
2024-01-03 19:33:22,1.21,Davinder’s Apple Watch
2024-01-03 19:33:23,1.21,Davinder’s Apple Watch
2024-01-03 19:33:24,1.21,Davinder’s Apple Watch
2024-01-03 19:33:25,1.21,Davinder’s Apple Watch
2024-01-03 19:33:26,1.21,Davinder’s Apple Watch
2024-01-03 19:33:27,1.21,Davinder’s Apple Watch
2024-01-03 19:33:28,1.21,Davinder’s Apple Watch
2024-01-03 19:33:29,1.21,Davinder’s Apple Watch
2024-01-03 19:33:30,1.21,Davinder’s Apple Watch
2024-01-03 19:33:31,1.21,Davinder’s Apple Watch
2024-01-03 19:33:32,1.21,Davinder’s Apple Watch
2024-01-03 19:33:33,1.21,Davinder’s Apple Watch
2024-01-03 19:33:34,1.21,Davinder’s Apple Watch
2024-01-03 19:33:35,1.21,Davinder’s Apple Watch
2024-01-03 19:33:36,1.21,Davinder’s Apple Watch
2024-01-03 19:33:37,1.21,Davinder’s Apple Watch
2024-01-03 19:33:38,1.21,Davinder’s Apple Watch
2024-01-03 19:33:39,1.21,Davinder’s Apple Watch
2024-01-03 19:33:40,1.21,Davinder’s Apple Watch
2024-01-03 19:33:41,1.21,Davinder’s Apple Watch
2024-01-03 19:33:42,1.21,Davinder’s Apple Watch
2024-01-03 19:33:43,1.21,Davinder’s Apple Watch
2024-01-03 19:33:44,1.21,Davinder’s Apple Watch
2024-01-03 19:33:45,1.21,Davinder’s Apple Watch
2024-01-03 19:33:46,1.21,Davinder’s Apple Watch
2024-01-03 19:33:47,1.21,Davinder’s Apple Watch
2024-01-03 19:33:48,1.21,Davinder’s Apple Watch
2024-01-03 19:33:49,1.21,Davinder’s Apple Watch
2024-01-03 19:33:50,1.21,Davinder’s Apple Watch
2024-01-03 19:33:51,1.21,Davinder’s Apple Watch
2024-01-03 19:33:52,1.21,Davinder’s Apple Watch
2024-01-03 19:33:53,1.21,Davinder’s Apple Watch
2024-01-03 19:33:54,1.21,Davinder’s Apple Watch
2024-01-03 19:33:55,1.21,Davinder’s Apple Watch
2024-01-03 19:33:56,1.21,Davinder’s Apple Watch
2024-01-03 19:33:57,1.21,Davinder’s Apple Watch
2024-01-03 19:33:58,1.21,Davinder’s Apple Watch
2024-01-03 19:33:59,1.21,Davinder’s Apple Watch
2024-01-03 19:34:00,1.21,Davinder’s Apple Watch
2024-01-03 19:34:01,1.21,Davinder’s Apple Watch
2024-01-03 19:34:02,1.21,Davinder’s Apple Watch
2024-01-03 19:34:03,1.21,Davinder’s Apple Watch
2024-01-03 19:34:04,1.21,Davinder’s Apple Watch
2024-01-03 19:34:05,1.21,Davinder’s Apple Watch
2024-01-03 19:34:06,1.21,Davinder’s Apple Watch
2024-01-03 19:34:07,1.21,Davinder’s Apple Watch
2024-01-03 19:34:08,1.21,Davinder’s Apple Watch
2024-01-03 19:34:09,1.21,Davinder’s Apple Watch
2024-01-03 19:34:10,1.21,Davinder’s Apple Watch
2024-01-03 19:34:11,1.21,Davinder’s Apple Watch
2024-01-03 19:34:12,1.21,Davinder’s Apple Watch
2024-01-03 19:34:13,1.21,Davinder’s Apple Watch
2024-01-03 19:34:14,1.21,Davinder’s Apple Watch
2024-01-03 19:34:15,1.21,Davinder’s Apple Watch
2024-01-03 19:34:16,1.21,Davinder’s Apple Watch
2024-01-03 19:34:17,1.21,Davinder’s Apple Watch
2024-01-03 19:34:18,1.21,Davinder’s Apple Watch
2024-01-03 19:34:19,1.21,Davinder’s Apple Watch
2024-01-03 19:34:20,1.21,Davinder’s Apple Watch
2024-01-03 19:34:21,1.21,Davinder’s Apple Watch
2024-01-03 19:34:22,1.21,Davinder’s Apple Watch
2024-01-03 19:34:23,1.21,Davinder’s Apple Watch
2024-01-03 19:34:24,1.21,Davinder’s Apple Watch
2024-01-03 19:34:25,1.21,Davinder’s Apple Watch
2024-01-03 19:34:26,1.21,Davinder’s Apple Watch
2024-01-03 19:34:27,1.21,Davinder’s Apple Watch
2024-01-03 19:34:28,1.21,Davinder’s Apple Watch
2024-01-03 19:34:29,1.21,Davinder’s Apple Watch
2024-01-03 19:34:30,1.21,Davinder’s Apple Watch
2024-01-03 19:34:31,1.21,Davinder’s Apple Watch
2024-01-03 19:34:32,1.21,Davinder’s Apple Watch
2024-01-03 19:34:33,1.21,Davinder’s Apple Watch
2024-01-03 19:34:34,1.21,Davinder’s Apple Watch
2024-01-03 19:34:35,1.21,Davinder’s Apple Watch
2024-01-03 19:34:36,1.21,Davinder’s Apple Watch
2024-01-03 19:34:37,1.21,Davinder’s Apple Watch
2024-01-03 19:34:38,1.21,Davinder’s Apple Watch
2024-01-03 19:34:39,1.21,Davinder’s Apple Watch
2024-01-03 19:34:40,1.21,Davinder’s Apple Watch
2024-01-03 19:34:41,1.21,Davinder’s Apple Watch
2024-01-03 19:34:42,1.21,Davinder’s Apple Watch
2024-01-03 19:34:43,1.21,Davinder’s Apple Watch
2024-01-03 19:34:44,1.21,Davinder’s Apple Watch
2024-01-03 19:34:45,1.21,Davinder’s Apple Watch
2024-01-03 19:34:46,1.21,Davinder’s Apple Watch
2024-01-03 19:34:47,1.21,Davinder’s Apple Watch
2024-01-03 19:34:48,1.21,Davinder’s Apple Watch
2024-01-03 19:34:49,1.21,Davinder’s Apple Watch
2024-01-03 19:34:50,1.21,Davinder’s Apple Watch
2024-01-03 19:34:51,1.21,Davinder’s Apple Watch
2024-01-03 19:34:52,1.21,Davinder’s Apple Watch
2024-01-03 19:34:53,1.21,Davinder’s Apple Watch
2024-01-03 19:34:54,1.21,Davinder’s Apple Watch
2024-01-03 19:34:55,1.21,Davinder’s Apple Watch
2024-01-03 19:34:56,1.21,Davinder’s Apple Watch
2024-01-03 19:34:57,1.21,Davinder’s Apple Watch
2024-01-03 19:34:58,1.21,Davinder’s Apple Watch
2024-01-03 19:34:59,1.21,Davinder’s Apple Watch
2024-01-03 19:35:00,1.21,Davinder’s Apple Watch
2024-01-03 19:35:01,1.21,Davinder’s Apple Watch
2024-01-03 19:35:02,1.21,Davinder’s Apple Watch
2024-01-03 19:35:03,1.21,Davinder’s Apple Watch
2024-01-03 19:35:04,1.21,Davinder’s Apple Watch
2024-01-03 19:35:05,1.21,Davinder’s Apple Watch
2024-01-03 19:35:06,1.21,Davinder’s Apple Watch
2024-01-03 19:35:07,1.21,Davinder’s Apple Watch
2024-01-03 19:35:08,1.21,Davinder’s Apple Watch
2024-01-03 19:35:09,1.21,Davinder’s Apple Watch
2024-01-03 19:35:10,1.21,Davinder’s Apple Watch
2024-01-03 19:35:11,1.21,Davinder’s Apple Watch
2024-01-03 19:35:12,1.21,Davinder’s Apple Watch
2024-01-03 19:35:13,1.21,Davinder’s Apple Watch
2024-01-03 19:35:14,1.21,Davinder’s Apple Watch
2024-01-03 19:35:15,1.21,Davinder’s Apple Watch
2024-01-03 19:35:16,1.21,Davinder’s Apple Watch
2024-01-03 19:35:17,1.21,Davinder’s Apple Watch
2024-01-03 19:35:18,1.21,Davinder’s Apple Watch
2024-01-03 19:35:19,1.21,Davinder’s Apple Watch
2024-01-03 19:35:20,1.21,Davinder’s Apple Watch
2024-01-03 19:35:21,1.21,Davinder’s Apple Watch
2024-01-03 19:35:22,1.21,Davinder’s Apple Watch
2024-01-03 19:35:23,1.21,Davinder’s Apple Watch
2024-01-03 19:35:24,1.21,Davinder’s Apple Watch
2024-01-03 19:35:25,1.21,Davinder’s Apple Watch
2024-01-03 19:35:26,1.21,Davinder’s Apple Watch
2024-01-03 19:35:27,1.21,Davinder’s Apple Watch
2024-01-03 19:35:28,1.21,Davinder’s Apple Watch
2024-01-03 19:35:29,1.21,Davinder’s Apple Watch
2024-01-03 19:35:30,1.21,Davinder’s Apple Watch
2024-01-03 19:35:31,1.21,Davinder’s Apple Watch
2024-01-03 19:35:32,1.21,Davinder’s Apple Watch
2024-01-03 19:35:33,1.21,Davinder’s Apple Watch
2024-01-03 19:35:34,1.21,Davinder’s Apple Watch
2024-01-03 19:35:35,1.21,Davinder’s Apple Watch
2024-01-03 19:35:36,1.21,Davinder’s Apple Watch
2024-01-03 19:35:37,1.21,Davinder’s Apple Watch
2024-01-03 19:35:38,1.21,Davinder’s Apple Watch
2024-01-03 19:35:39,1.21,Davinder’s Apple Watch
2024-01-03 19:35:40,1.21,Davinder’s Apple Watch
2024-01-03 19:35:41,1.21,Davinder’s Apple Watch
2024-01-03 19:35:42,1.21,Davinder’s Apple Watch
2024-01-03 19:35:43,1.21,Davinder’s Apple Watch
2024-01-03 19:35:44,1.21,Davinder’s Apple Watch
2024-01-03 19:35:45,1.21,Davinder’s Apple Watch
2024-01-03 19:35:46,1.21,Davinder’s Apple Watch
2024-01-03 19:35:47,1.21,Davinder’s Apple Watch
2024-01-03 19:35:48,1.21,Davinder’s Apple Watch
2024-01-03 19:35:49,1.21,Davinder’s Apple Watch
2024-01-03 19:35:50,1.21,Davinder’s Apple Watch
2024-01-03 19:35:51,1.21,Davinder’s Apple Watch
2024-01-03 19:35:52,1.21,Davinder’s Apple Watch
2024-01-03 19:35:53,1.21,Davinder’s Apple Watch
2024-01-03 19:35:54,1.21,Davinder’s Apple Watch
2024-01-03 19:35:55,1.21,Davinder’s Apple Watch
2024-01-03 19:35:56,1.21,Davinder’s Apple Watch
2024-01-03 19:35:57,1.21,Davinder’s Apple Watch
2024-01-03 19:35:58,1.21,Davinder’s Apple Watch
2024-01-03 19:35:59,1.21,Davinder’s Apple Watch
2024-01-03 19:36:00,1.21,Davinder’s Apple Watch
2024-01-03 19:36:01,1.21,Davinder’s Apple Watch
2024-01-03 19:36:02,1.21,Davinder’s Apple Watch
2024-01-03 19:36:03,1.21,Davinder’s Apple Watch
2024-01-03 19:36:04,1.21,Davinder’s Apple Watch
2024-01-03 19:36:05,1.21,Davinder’s Apple Watch
2024-01-03 19:36:06,1.21,Davinder’s Apple Watch
2024-01-03 19:36:07,1.21,Davinder’s Apple Watch
2024-01-03 19:36:08,1.21,Davinder’s Apple Watch
2024-01-03 19:36:09,1.21,Davinder’s Apple Watch
2024-01-03 19:36:10,1.21,Davinder’s Apple Watch
2024-01-03 19:36:11,1.21,Davinder’s Apple Watch
2024-01-03 19:36:12,1.21,Davinder’s Apple Watch
2024-01-03 19:36:13,1.21,Davinder’s Apple Watch
2024-01-03 19:36:14,1.21,Davinder’s Apple Watch
2024-01-03 19:36:15,1.21,Davinder’s Apple Watch
2024-01-03 19:36:16,1.21,Davinder’s Apple Watch
2024-01-03 19:36:17,1.21,Davinder’s Apple Watch
2024-01-03 19:36:18,1.21,Davinder’s Apple Watch
2024-01-03 19:36:19,1.21,Davinder’s Apple Watch
2024-01-03 19:36:20,1.21,Davinder’s Apple Watch
2024-01-03 19:36:21,1.21,Davinder’s Apple Watch
2024-01-03 19:36:22,1.21,Davinder’s Apple Watch
2024-01-03 19:36:23,1.21,Davinder’s Apple Watch
2024-01-03 19:36:24,1.21,Davinder’s Apple Watch
2024-01-03 19:36:25,1.21,Davinder’s Apple Watch
2024-01-03 19:36:26,1.21,Davinder’s Apple Watch
2024-01-03 19:36:27,1.21,Davinder’s Apple Watch
2024-01-03 19:36:28,1.21,Davinder’s Apple Watch
2024-01-03 19:36:29,1.21,Davinder’s Apple Watch
2024-01-03 19:36:30,1.21,Davinder’s Apple Watch
2024-01-03 19:36:31,1.21,Davinder’s Apple Watch
2024-01-03 19:36:32,1.21,Davinder’s Apple Watch
2024-01-03 19:36:33,1.21,Davinder’s Apple Watch
2024-01-03 19:36:34,1.21,Davinder’s Apple Watch
2024-01-03 19:36:35,1.21,Davinder’s Apple Watch
2024-01-03 19:36:36,1.21,Davinder’s Apple Watch
2024-01-03 19:36:37,1.21,Davinder’s Apple Watch
2024-01-03 19:36:38,1.21,Davinder’s Apple Watch
2024-01-03 19:36:39,1.21,Davinder’s Apple Watch
2024-01-03 19:36:40,1.21,Davinder’s Apple Watch
2024-01-03 19:36:41,1.21,Davinder’s Apple Watch
2024-01-03 19:36:42,1.21,Davinder’s Apple Watch
2024-01-03 19:36:43,1.21,Davinder’s Apple Watch
2024-01-03 19:36:44,1.21,Davinder’s Apple Watch
2024-01-03 19:36:45,1.21,Davinder’s Apple Watch
2024-01-03 19:36:46,1.21,Davinder’s Apple Watch
2024-01-03 19:36:47,1.21,Davinder’s Apple Watch
2024-01-03 19:36:48,1.21,Davinder’s Apple Watch
2024-01-03 19:36:49,1.21,Davinder’s Apple Watch
2024-01-03 19:36:50,1.21,Davinder’s Apple Watch
2024-01-03 19:36:51,1.21,Davinder’s Apple Watch
2024-01-03 19:36:52,1.21,Davinder’s Apple Watch
2024-01-03 19:36:53,1.21,Davinder’s Apple Watch
2024-01-03 19:36:54,1.21,Davinder’s Apple Watch
2024-01-03 19:36:55,1.21,Davinder’s Apple Watch
2024-01-03 19:36:56,1.21,Davinder’s Apple Watch
2024-01-03 19:36:57,1.21,Davinder’s Apple Watch
2024-01-03 19:36:58,1.21,Davinder’s Apple Watch
2024-01-03 19:36:59,1.21,Davinder’s Apple Watch
2024-01-03 19:37:00,1.21,Davinder’s Apple Watch
2024-01-03 19:37:01,1.21,Davinder’s Apple Watch
2024-01-03 19:37:02,1.21,Davinder’s Apple Watch
2024-01-03 19:37:03,1.21,Davinder’s Apple Watch
2024-01-03 19:37:04,1.21,Davinder’s Apple Watch
2024-01-03 19:37:05,1.21,Davinder’s Apple Watch
2024-01-03 19:37:06,1.21,Davinder’s Apple Watch
2024-01-03 19:37:07,1.21,Davinder’s Apple Watch
2024-01-03 19:37:08,1.21,Davinder’s Apple Watch
2024-01-03 19:37:09,1.21,Davinder’s Apple Watch
2024-01-03 19:37:10,1.21,Davinder’s Apple Watch
2024-01-03 19:37:11,1.21,Davinder’s Apple Watch
2024-01-03 19:37:12,1.21,Davinder’s Apple Watch
2024-01-03 19:37:13,1.21,Davinder’s Apple Watch
2024-01-03 19:37:14,1.21,Davinder’s Apple Watch
2024-01-03 19:37:15,1.21,Davinder’s Apple Watch
2024-01-03 19:37:16,1.21,Davinder’s Apple Watch
2024-01-03 19:37:17,1.21,Davinder’s Apple Watch
2024-01-03 19:37:18,1.21,Davinder’s Apple Watch
2024-01-03 19:37:19,1.21,Davinder’s Apple Watch
2024-01-03 19:37:20,1.21,Davinder’s Apple Watch
2024-01-03 19:37:21,1.21,Davinder’s Apple Watch
2024-01-03 19:37:22,1.21,Davinder’s Apple Watch
2024-01-03 19:37:23,1.21,Davinder’s Apple Watch
2024-01-03 19:37:24,1.21,Davinder’s Apple Watch
2024-01-03 19:37:25,1.21,Davinder’s Apple Watch
2024-01-03 19:37:26,1.21,Davinder’s Apple Watch
2024-01-03 19:37:27,1.21,Davinder’s Apple Watch
2024-01-03 19:37:28,1.21,Davinder’s Apple Watch
2024-01-03 19:37:29,1.21,Davinder’s Apple Watch
2024-01-03 19:37:30,1.21,Davinder’s Apple Watch
2024-01-03 19:37:31,1.21,Davinder’s Apple Watch
2024-01-03 19:37:32,1.21,Davinder’s Apple Watch
2024-01-03 19:37:33,1.21,Davinder’s Apple Watch
2024-01-03 19:37:34,1.21,Davinder’s Apple Watch
2024-01-03 19:37:35,1.21,Davinder’s Apple Watch
2024-01-03 19:37:36,1.21,Davinder’s Apple Watch
2024-01-03 19:37:37,1.21,Davinder’s Apple Watch
2024-01-03 19:37:38,1.21,Davinder’s Apple Watch
2024-01-03 19:37:39,1.21,Davinder’s Apple Watch
2024-01-03 19:37:40,1.21,Davinder’s Apple Watch
2024-01-03 19:37:41,1.21,Davinder’s Apple Watch
2024-01-03 19:37:42,1.21,Davinder’s Apple Watch
2024-01-03 19:37:43,1.21,Davinder’s Apple Watch
2024-01-03 19:37:44,1.21,Davinder’s Apple Watch
2024-01-03 19:37:45,1.21,Davinder’s Apple Watch
2024-01-03 19:37:46,1.21,Davinder’s Apple Watch
2024-01-03 19:37:47,1.21,Davinder’s Apple Watch
2024-01-03 19:37:48,1.21,Davinder’s Apple Watch
2024-01-03 19:37:49,1.21,Davinder’s Apple Watch
2024-01-03 19:37:50,1.21,Davinder’s Apple Watch
2024-01-03 19:37:51,1.21,Davinder’s Apple Watch
2024-01-03 19:37:52,1.21,Davinder’s Apple Watch
2024-01-03 19:37:53,1.21,Davinder’s Apple Watch
2024-01-03 19:37:54,1.21,Davinder’s Apple Watch
2024-01-03 19:37:55,1.21,Davinder’s Apple Watch
2024-01-03 19:37:56,1.21,Davinder’s Apple Watch
2024-01-03 19:37:57,1.21,Davinder’s Apple Watch
2024-01-03 19:37:58,1.21,Davinder’s Apple Watch
2024-01-03 19:37:59,1.21,Davinder’s Apple Watch
2024-01-03 19:38:00,1.21,Davinder’s Apple Watch
2024-01-03 19:38:01,1.21,Davinder’s Apple Watch
2024-01-03 19:38:02,1.21,Davinder’s Apple Watch
2024-01-03 19:38:03,1.21,Davinder’s Apple Watch
2024-01-03 19:38:04,1.21,Davinder’s Apple Watch
2024-01-03 19:38:05,1.21,Davinder’s Apple Watch
2024-01-03 19:38:06,1.21,Davinder’s Apple Watch
2024-01-03 19:38:07,1.21,Davinder’s Apple Watch
2024-01-03 19:38:08,1.21,Davinder’s Apple Watch
2024-01-03 19:38:09,1.21,Davinder’s Apple Watch
2024-01-03 19:38:10,1.21,Davinder’s Apple Watch
2024-01-03 19:38:11,1.21,Davinder’s Apple Watch
2024-01-03 19:38:12,1.15,Davinder’s Apple Watch
2024-01-03 19:38:13,1.13,Davinder’s Apple Watch
2024-01-03 19:38:14,1.13,Davinder’s Apple Watch
2024-01-03 19:38:15,1.13,Davinder’s Apple Watch
2024-01-03 19:38:16,1.13,Davinder’s Apple Watch
2024-01-03 19:38:17,1.13,Davinder’s Apple Watch
2024-01-03 19:38:18,1.13,Davinder’s Apple Watch
2024-01-03 19:38:19,1.13,Davinder’s Apple Watch
2024-01-03 19:38:20,1.13,Davinder’s Apple Watch
2024-01-03 19:38:21,1.13,Davinder’s Apple Watch
2024-01-03 19:38:22,1.13,Davinder’s Apple Watch
2024-01-03 19:38:23,1.13,Davinder’s Apple Watch
2024-01-03 19:38:24,1.13,Davinder’s Apple Watch
2024-01-03 19:38:25,1.13,Davinder’s Apple Watch
2024-01-03 19:38:26,1.13,Davinder’s Apple Watch
2024-01-03 19:38:27,1.13,Davinder’s Apple Watch
2024-01-03 19:38:28,1.13,Davinder’s Apple Watch
2024-01-03 19:38:29,1.13,Davinder’s Apple Watch
2024-01-03 19:38:30,1.13,Davinder’s Apple Watch
2024-01-03 19:38:31,1.13,Davinder’s Apple Watch
2024-01-03 19:38:32,1.13,Davinder’s Apple Watch
2024-01-03 19:38:33,1.13,Davinder’s Apple Watch
2024-01-03 19:38:34,1.13,Davinder’s Apple Watch
2024-01-03 19:38:35,1.13,Davinder’s Apple Watch
2024-01-03 19:38:36,1.13,Davinder’s Apple Watch
2024-01-03 19:38:37,1.13,Davinder’s Apple Watch
2024-01-03 19:38:38,1.13,Davinder’s Apple Watch
2024-01-03 19:38:39,1.13,Davinder’s Apple Watch
2024-01-03 19:38:40,1.13,Davinder’s Apple Watch
2024-01-03 19:38:41,1.13,Davinder’s Apple Watch
2024-01-03 19:38:42,1.13,Davinder’s Apple Watch
2024-01-03 19:38:43,1.13,Davinder’s Apple Watch
2024-01-03 19:38:44,1.13,Davinder’s Apple Watch
2024-01-03 19:38:45,1.13,Davinder’s Apple Watch
2024-01-03 19:38:46,1.13,Davinder’s Apple Watch
2024-01-03 19:38:47,1.13,Davinder’s Apple Watch
2024-01-03 19:38:48,1.13,Davinder’s Apple Watch
2024-01-03 19:38:49,1.13,Davinder’s Apple Watch
2024-01-03 19:38:50,1.13,Davinder’s Apple Watch
2024-01-03 19:38:51,1.13,Davinder’s Apple Watch
2024-01-03 19:38:52,1.13,Davinder’s Apple Watch
2024-01-03 19:38:53,1.13,Davinder’s Apple Watch
2024-01-03 19:38:54,1.13,Davinder’s Apple Watch
2024-01-03 19:38:55,1.13,Davinder’s Apple Watch
2024-01-03 19:38:56,1.13,Davinder’s Apple Watch
2024-01-03 19:38:57,1.13,Davinder’s Apple Watch
2024-01-03 19:38:58,1.13,Davinder’s Apple Watch
2024-01-03 19:38:59,1.13,Davinder’s Apple Watch
2024-01-03 19:39:00,1.13,Davinder’s Apple Watch
2024-01-03 19:39:01,1.13,Davinder’s Apple Watch
2024-01-03 19:39:02,1.13,Davinder’s Apple Watch
2024-01-03 19:39:03,1.13,Davinder’s Apple Watch
2024-01-03 19:39:04,1.13,Davinder’s Apple Watch
2024-01-03 19:39:05,1.13,Davinder’s Apple Watch
2024-01-03 19:39:06,1.13,Davinder’s Apple Watch
2024-01-03 19:39:07,1.13,Davinder’s Apple Watch
2024-01-03 19:39:08,1.13,Davinder’s Apple Watch
2024-01-03 19:39:09,1.13,Davinder’s Apple Watch
2024-01-03 19:39:10,1.13,Davinder’s Apple Watch
2024-01-03 19:39:11,1.18,Davinder’s Apple Watch
2024-01-03 19:39:12,1.25,Davinder’s Apple Watch
2024-01-03 19:39:13,1.25,Davinder’s Apple Watch
2024-01-03 19:39:14,1.25,Davinder’s Apple Watch
2024-01-03 19:39:15,1.25,Davinder’s Apple Watch
2024-01-03 19:39:16,1.25,Davinder’s Apple Watch
2024-01-03 19:39:17,1.25,Davinder’s Apple Watch
2024-01-03 19:39:18,1.25,Davinder’s Apple Watch
2024-01-03 19:39:19,1.25,Davinder’s Apple Watch
2024-01-03 19:39:20,1.25,Davinder’s Apple Watch
2024-01-03 19:39:21,1.25,Davinder’s Apple Watch
2024-01-03 19:39:22,1.25,Davinder’s Apple Watch
2024-01-03 19:39:23,1.25,Davinder’s Apple Watch
2024-01-03 19:39:24,1.25,Davinder’s Apple Watch
2024-01-03 19:39:25,1.25,Davinder’s Apple Watch
2024-01-03 19:39:26,1.25,Davinder’s Apple Watch
2024-01-03 19:39:27,1.25,Davinder’s Apple Watch
2024-01-03 19:39:28,1.25,Davinder’s Apple Watch
2024-01-03 19:39:29,1.25,Davinder’s Apple Watch
2024-01-03 19:39:30,1.25,Davinder’s Apple Watch
2024-01-03 19:39:31,1.25,Davinder’s Apple Watch
2024-01-03 19:39:32,1.25,Davinder’s Apple Watch
2024-01-03 19:39:33,1.25,Davinder’s Apple Watch
2024-01-03 19:39:34,1.25,Davinder’s Apple Watch
2024-01-03 19:39:35,1.25,Davinder’s Apple Watch
2024-01-03 19:39:36,1.25,Davinder’s Apple Watch
2024-01-03 19:39:37,1.25,Davinder’s Apple Watch
2024-01-03 19:39:38,1.25,Davinder’s Apple Watch
2024-01-03 19:39:39,1.25,Davinder’s Apple Watch
2024-01-03 19:39:40,1.25,Davinder’s Apple Watch
2024-01-03 19:39:41,1.25,Davinder’s Apple Watch
2024-01-03 19:39:42,1.25,Davinder’s Apple Watch
2024-01-03 19:39:43,1.25,Davinder’s Apple Watch
2024-01-03 19:39:44,1.25,Davinder’s Apple Watch
2024-01-03 19:39:45,1.25,Davinder’s Apple Watch
2024-01-03 19:39:46,1.25,Davinder’s Apple Watch
2024-01-03 19:39:47,1.25,Davinder’s Apple Watch
2024-01-03 19:39:48,1.25,Davinder’s Apple Watch
2024-01-03 19:39:49,1.25,Davinder’s Apple Watch
2024-01-03 19:39:50,1.25,Davinder’s Apple Watch
2024-01-03 19:39:51,1.25,Davinder’s Apple Watch
2024-01-03 19:39:52,1.25,Davinder’s Apple Watch
2024-01-03 19:39:53,1.25,Davinder’s Apple Watch
2024-01-03 19:39:54,1.25,Davinder’s Apple Watch
2024-01-03 19:39:55,1.25,Davinder’s Apple Watch
2024-01-03 19:39:56,1.25,Davinder’s Apple Watch
2024-01-03 19:39:57,1.25,Davinder’s Apple Watch
2024-01-03 19:39:58,1.25,Davinder’s Apple Watch
2024-01-03 19:39:59,1.25,Davinder’s Apple Watch
2024-01-03 19:40:00,1.25,Davinder’s Apple Watch
2024-01-03 19:40:01,1.25,Davinder’s Apple Watch
2024-01-03 19:40:02,1.25,Davinder’s Apple Watch
2024-01-03 19:40:03,1.25,Davinder’s Apple Watch
2024-01-03 19:40:04,1.25,Davinder’s Apple Watch
2024-01-03 19:40:05,1.25,Davinder’s Apple Watch
2024-01-03 19:40:06,1.25,Davinder’s Apple Watch
2024-01-03 19:40:07,1.25,Davinder’s Apple Watch
2024-01-03 19:40:08,1.25,Davinder’s Apple Watch
2024-01-03 19:40:09,1.25,Davinder’s Apple Watch
2024-01-03 19:40:10,1.24,Davinder’s Apple Watch
2024-01-03 19:40:11,1.2,Davinder’s Apple Watch
2024-01-03 19:40:12,1.2,Davinder’s Apple Watch
2024-01-03 19:40:13,1.2,Davinder’s Apple Watch
2024-01-03 19:40:14,1.2,Davinder’s Apple Watch
2024-01-03 19:40:15,1.2,Davinder’s Apple Watch
2024-01-03 19:40:16,1.2,Davinder’s Apple Watch
2024-01-03 19:40:17,1.2,Davinder’s Apple Watch
2024-01-03 19:40:18,1.2,Davinder’s Apple Watch
2024-01-03 19:40:19,1.2,Davinder’s Apple Watch
2024-01-03 19:40:20,1.2,Davinder’s Apple Watch
2024-01-03 19:40:21,1.2,Davinder’s Apple Watch
2024-01-03 19:40:22,1.2,Davinder’s Apple Watch
2024-01-03 19:40:23,1.2,Davinder’s Apple Watch
2024-01-03 19:40:24,1.2,Davinder’s Apple Watch
2024-01-03 19:40:25,1.2,Davinder’s Apple Watch
2024-01-03 19:40:26,1.2,Davinder’s Apple Watch
2024-01-03 19:40:27,1.2,Davinder’s Apple Watch
2024-01-03 19:40:28,1.2,Davinder’s Apple Watch
2024-01-03 19:40:29,1.2,Davinder’s Apple Watch
2024-01-03 19:40:30,1.2,Davinder’s Apple Watch
2024-01-03 19:40:31,1.2,Davinder’s Apple Watch
2024-01-03 19:40:32,1.2,Davinder’s Apple Watch
2024-01-03 19:40:33,1.2,Davinder’s Apple Watch
2024-01-03 19:40:34,1.2,Davinder’s Apple Watch
2024-01-03 19:40:35,1.2,Davinder’s Apple Watch
2024-01-03 19:40:36,1.2,Davinder’s Apple Watch
2024-01-03 19:40:37,1.2,Davinder’s Apple Watch
2024-01-03 19:40:38,1.2,Davinder’s Apple Watch
2024-01-03 19:40:39,1.2,Davinder’s Apple Watch
2024-01-03 19:40:40,1.2,Davinder’s Apple Watch
2024-01-03 19:40:41,1.2,Davinder’s Apple Watch
2024-01-03 19:40:42,1.2,Davinder’s Apple Watch
2024-01-03 19:40:43,1.2,Davinder’s Apple Watch
2024-01-03 19:40:44,1.2,Davinder’s Apple Watch
2024-01-03 19:40:45,1.2,Davinder’s Apple Watch
2024-01-03 19:40:46,1.2,Davinder’s Apple Watch
2024-01-03 19:40:47,1.2,Davinder’s Apple Watch
2024-01-03 19:40:48,1.2,Davinder’s Apple Watch
2024-01-03 19:40:49,1.2,Davinder’s Apple Watch
2024-01-03 19:40:50,1.2,Davinder’s Apple Watch
2024-01-03 19:40:51,1.2,Davinder’s Apple Watch
2024-01-03 19:40:52,1.2,Davinder’s Apple Watch
2024-01-03 19:40:53,1.2,Davinder’s Apple Watch
2024-01-03 19:40:54,1.2,Davinder’s Apple Watch
2024-01-03 19:40:55,1.2,Davinder’s Apple Watch
2024-01-03 19:40:56,1.2,Davinder’s Apple Watch
2024-01-03 19:40:57,1.2,Davinder’s Apple Watch
2024-01-03 19:40:58,1.2,Davinder’s Apple Watch
2024-01-03 19:40:59,1.2,Davinder’s Apple Watch
2024-01-03 19:41:00,1.2,Davinder’s Apple Watch
2024-01-03 19:41:01,1.2,Davinder’s Apple Watch
2024-01-03 19:41:02,1.2,Davinder’s Apple Watch
2024-01-03 19:41:03,1.2,Davinder’s Apple Watch
2024-01-03 19:41:04,1.2,Davinder’s Apple Watch
2024-01-03 19:41:05,1.2,Davinder’s Apple Watch
2024-01-03 19:41:06,1.2,Davinder’s Apple Watch
2024-01-03 19:41:07,1.2,Davinder’s Apple Watch
2024-01-03 19:41:08,1.2,Davinder’s Apple Watch
2024-01-03 19:41:09,1.2,Davinder’s Apple Watch
2024-01-03 19:41:10,1.15,Davinder’s Apple Watch
2024-01-03 19:41:11,1.13,Davinder’s Apple Watch
2024-01-03 19:41:12,1.13,Davinder’s Apple Watch
2024-01-03 19:41:13,1.13,Davinder’s Apple Watch
2024-01-03 19:41:14,1.13,Davinder’s Apple Watch
2024-01-03 19:41:15,1.13,Davinder’s Apple Watch
2024-01-03 19:41:16,1.13,Davinder’s Apple Watch
2024-01-03 19:41:17,1.13,Davinder’s Apple Watch
2024-01-03 19:41:18,1.13,Davinder’s Apple Watch
2024-01-03 19:41:19,1.13,Davinder’s Apple Watch
2024-01-03 19:41:20,1.13,Davinder’s Apple Watch
2024-01-03 19:41:21,1.13,Davinder’s Apple Watch
2024-01-03 19:41:22,1.13,Davinder’s Apple Watch
2024-01-03 19:41:23,1.13,Davinder’s Apple Watch
2024-01-03 19:41:24,1.13,Davinder’s Apple Watch
2024-01-03 19:41:25,1.13,Davinder’s Apple Watch
2024-01-03 19:41:26,1.13,Davinder’s Apple Watch
2024-01-03 19:41:27,1.13,Davinder’s Apple Watch
2024-01-03 19:41:28,1.13,Davinder’s Apple Watch
2024-01-03 19:41:29,1.13,Davinder’s Apple Watch
2024-01-03 19:41:30,1.13,Davinder’s Apple Watch
2024-01-03 19:41:31,1.13,Davinder’s Apple Watch
2024-01-03 19:41:32,1.13,Davinder’s Apple Watch
2024-01-03 19:41:33,1.13,Davinder’s Apple Watch
2024-01-03 19:41:34,1.13,Davinder’s Apple Watch
2024-01-03 19:41:35,1.13,Davinder’s Apple Watch
2024-01-03 19:41:36,1.13,Davinder’s Apple Watch
2024-01-03 19:41:37,1.13,Davinder’s Apple Watch
2024-01-03 19:41:38,1.13,Davinder’s Apple Watch
2024-01-03 19:41:39,1.13,Davinder’s Apple Watch
2024-01-03 19:41:40,1.13,Davinder’s Apple Watch
2024-01-03 19:41:41,1.13,Davinder’s Apple Watch
2024-01-03 19:41:42,1.13,Davinder’s Apple Watch
2024-01-03 19:41:43,1.13,Davinder’s Apple Watch
2024-01-03 19:41:44,1.13,Davinder’s Apple Watch
2024-01-03 19:41:45,1.13,Davinder’s Apple Watch
2024-01-03 19:41:46,1.13,Davinder’s Apple Watch
2024-01-03 19:41:47,1.13,Davinder’s Apple Watch
2024-01-03 19:41:48,1.13,Davinder’s Apple Watch
2024-01-03 19:41:49,1.13,Davinder’s Apple Watch
2024-01-03 19:41:50,1.13,Davinder’s Apple Watch
2024-01-03 19:41:51,1.13,Davinder’s Apple Watch
2024-01-03 19:41:52,1.13,Davinder’s Apple Watch
2024-01-03 19:41:53,1.13,Davinder’s Apple Watch
2024-01-03 19:41:54,1.13,Davinder’s Apple Watch
2024-01-03 19:41:55,1.13,Davinder’s Apple Watch
2024-01-03 19:41:56,1.13,Davinder’s Apple Watch
2024-01-03 19:41:57,1.13,Davinder’s Apple Watch
2024-01-03 19:41:58,1.13,Davinder’s Apple Watch
2024-01-03 19:41:59,1.13,Davinder’s Apple Watch
2024-01-03 19:42:00,1.13,Davinder’s Apple Watch
2024-01-03 19:42:01,1.13,Davinder’s Apple Watch
2024-01-03 19:42:02,1.13,Davinder’s Apple Watch
2024-01-03 19:42:03,1.13,Davinder’s Apple Watch
2024-01-03 19:42:04,1.13,Davinder’s Apple Watch
2024-01-03 19:42:05,1.13,Davinder’s Apple Watch
2024-01-03 19:42:06,1.13,Davinder’s Apple Watch
2024-01-03 19:42:07,1.13,Davinder’s Apple Watch
2024-01-03 19:42:08,1.13,Davinder’s Apple Watch
2024-01-03 19:42:09,1.13,Davinder’s Apple Watch
2024-01-03 19:42:10,1.13,Davinder’s Apple Watch
2024-01-03 19:42:11,1.13,Davinder’s Apple Watch
2024-01-03 19:42:12,1.13,Davinder’s Apple Watch
2024-01-03 19:42:13,1.13,Davinder’s Apple Watch
2024-01-03 19:42:14,1.13,Davinder’s Apple Watch
2024-01-03 19:42:15,1.13,Davinder’s Apple Watch
2024-01-03 19:42:16,1.13,Davinder’s Apple Watch
2024-01-03 19:42:17,1.13,Davinder’s Apple Watch
2024-01-03 19:42:18,1.13,Davinder’s Apple Watch
2024-01-03 19:42:19,1.13,Davinder’s Apple Watch
2024-01-03 19:42:20,1.13,Davinder’s Apple Watch
2024-01-03 19:42:21,1.13,Davinder’s Apple Watch
2024-01-03 19:42:22,1.13,Davinder’s Apple Watch
2024-01-03 19:42:23,1.13,Davinder’s Apple Watch
2024-01-03 19:42:24,1.13,Davinder’s Apple Watch
2024-01-03 19:42:25,1.13,Davinder’s Apple Watch
2024-01-03 19:42:26,1.13,Davinder’s Apple Watch
2024-01-03 19:42:27,1.13,Davinder’s Apple Watch
2024-01-03 19:42:28,1.13,Davinder’s Apple Watch
2024-01-03 19:42:29,1.13,Davinder’s Apple Watch
2024-01-03 19:42:30,1.13,Davinder’s Apple Watch
2024-01-03 19:42:31,1.13,Davinder’s Apple Watch
2024-01-03 19:42:32,1.13,Davinder’s Apple Watch
2024-01-03 19:42:33,1.13,Davinder’s Apple Watch
2024-01-03 19:42:34,1.13,Davinder’s Apple Watch
2024-01-03 19:42:35,1.13,Davinder’s Apple Watch
2024-01-03 19:42:36,1.13,Davinder’s Apple Watch
2024-01-03 19:42:37,1.13,Davinder’s Apple Watch
2024-01-03 19:42:38,1.13,Davinder’s Apple Watch
2024-01-03 19:42:39,1.13,Davinder’s Apple Watch
2024-01-03 19:42:40,1.13,Davinder’s Apple Watch
2024-01-03 19:42:41,1.13,Davinder’s Apple Watch
2024-01-03 19:42:42,1.13,Davinder’s Apple Watch
2024-01-03 19:42:43,1.13,Davinder’s Apple Watch
2024-01-03 19:42:44,1.13,Davinder’s Apple Watch
2024-01-03 19:42:45,1.13,Davinder’s Apple Watch
2024-01-03 19:42:46,1.13,Davinder’s Apple Watch
2024-01-03 19:42:47,1.13,Davinder’s Apple Watch
2024-01-03 19:42:48,1.13,Davinder’s Apple Watch
2024-01-03 19:42:49,1.13,Davinder’s Apple Watch
2024-01-03 19:42:50,1.13,Davinder’s Apple Watch
2024-01-03 19:42:51,1.13,Davinder’s Apple Watch
2024-01-03 19:42:52,1.13,Davinder’s Apple Watch
2024-01-03 19:42:53,1.13,Davinder’s Apple Watch
2024-01-03 19:42:54,1.13,Davinder’s Apple Watch
2024-01-03 19:42:55,1.13,Davinder’s Apple Watch
2024-01-03 19:42:56,1.13,Davinder’s Apple Watch
2024-01-03 19:42:57,1.13,Davinder’s Apple Watch
2024-01-03 19:42:58,1.13,Davinder’s Apple Watch
2024-01-03 19:42:59,1.13,Davinder’s Apple Watch
2024-01-03 19:43:00,1.13,Davinder’s Apple Watch
2024-01-03 19:43:01,1.13,Davinder’s Apple Watch
2024-01-03 19:43:02,1.13,Davinder’s Apple Watch
2024-01-03 19:43:03,1.13,Davinder’s Apple Watch
2024-01-03 19:43:04,1.13,Davinder’s Apple Watch
2024-01-03 19:43:05,1.13,Davinder’s Apple Watch
2024-01-03 19:43:06,1.13,Davinder’s Apple Watch
2024-01-03 19:43:07,1.13,Davinder’s Apple Watch
2024-01-03 19:43:08,1.15,Davinder’s Apple Watch
2024-01-03 19:43:09,1.55,Davinder’s Apple Watch
2024-01-03 19:43:10,1.55,Davinder’s Apple Watch
2024-01-03 19:43:11,0.809,Davinder’s Apple Watch
