,Date/Time,Min (count/min),Max (count/min),Avg (count/min),Source,Track Description
0,2024-02-24 12:46:05,109,109,109,Davinder’s Apple Watch,Squarepusher - Wendorlan (Slamstep Remix)
1,2024-02-24 12:46:08,111,111,111,Davinder’s Apple Watch,Squarepusher - Wendorlan (Slamstep Remix)
2,2024-02-24 12:46:13,114,114,114,Davinder’s Apple Watch,Squarepusher - Wendorlan (Slamstep Remix)
3,2024-02-24 12:46:18,116,116,116,Davinder’s Apple Watch,Squarepusher - Wendorlan (Slamstep Remix)
4,2024-02-24 12:48:45,149,149,149,Davinder’s Apple Watch,Skinny Puppy - Worlock (LP Mix)
5,2024-02-24 12:48:52,152,152,152,Davinder’s Apple Watch,Skinny Puppy - Worlock (LP Mix)
6,2024-02-24 12:48:57,153,153,153,Davinder’s Apple Watch,Skinny Puppy - Worlock (LP Mix)
7,2024-02-24 12:49:02,156,156,156,Davinder’s Apple Watch,Skinny Puppy - Worlock (LP Mix)
8,2024-02-24 12:49:03,155,155,155,Davinder’s Apple Watch,Skinny Puppy - Worlock (LP Mix)
9,2024-02-24 12:49:09,157,157,157,Davinder’s Apple Watch,Skinny Puppy - Worlock (LP Mix)
10,2024-02-24 12:49:15,157,157,157,Davinder’s Apple Watch,Skinny Puppy - Worlock (LP Mix)
11,2024-02-24 12:49:21,157,157,157,Davinder’s Apple Watch,Skinny Puppy - Worlock (LP Mix)
12,2024-02-24 12:49:25,160,160,160,Davinder’s Apple Watch,Skinny Puppy - Worlock (LP Mix)
13,2024-02-24 12:49:32,161,161,161,Davinder’s Apple Watch,Skinny Puppy - Worlock (LP Mix)
14,2024-02-24 12:49:34,163,163,163,Davinder’s Apple Watch,Skinny Puppy - Worlock (LP Mix)
15,2024-02-24 12:49:40,163,163,163,Davinder’s Apple Watch,Skinny Puppy - Worlock (LP Mix)
16,2024-02-24 12:49:47,163,163,163,Davinder’s Apple Watch,Skinny Puppy - Worlock (LP Mix)
17,2024-02-24 12:49:52,166,166,166,Davinder’s Apple Watch,Skinny Puppy - Worlock (LP Mix)
18,2024-02-24 12:49:53,165,165,165,Davinder’s Apple Watch,Skinny Puppy - Worlock (LP Mix)
19,2024-02-24 12:50:02,168,168,168,Davinder’s Apple Watch,Skinny Puppy - Worlock (LP Mix)
20,2024-02-24 12:50:07,168,168,168,Davinder’s Apple Watch,Skinny Puppy - Worlock (LP Mix)
21,2024-02-24 12:50:09,168,168,168,Davinder’s Apple Watch,Skinny Puppy - Worlock (LP Mix)
22,2024-02-24 12:50:16,169,169,169,Davinder’s Apple Watch,Skinny Puppy - Worlock (LP Mix)
23,2024-02-24 12:50:19,169,169,169,Davinder’s Apple Watch,Skinny Puppy - Worlock (LP Mix)
24,2024-02-24 12:50:27,168,168,168,Davinder’s Apple Watch,Skinny Puppy - Worlock (LP Mix)
25,2024-02-24 12:50:29,168,168,168,Davinder’s Apple Watch,Skinny Puppy - Worlock (LP Mix)
26,2024-02-24 12:50:43,166,166,166,Davinder’s Apple Watch,Skinny Puppy - Worlock (LP Mix)
27,2024-02-24 12:50:50,167,167,167,Davinder’s Apple Watch,Skinny Puppy - Worlock (LP Mix)
28,2024-02-24 12:50:57,170,170,170,Davinder’s Apple Watch,Skinny Puppy - Worlock (LP Mix)
29,2024-02-24 12:51:02,171,171,171,Davinder’s Apple Watch,Skinny Puppy - Worlock (LP Mix)
30,2024-02-24 12:51:03,171,171,171,Davinder’s Apple Watch,Skinny Puppy - Worlock (LP Mix)
31,2024-02-24 12:51:12,173,173,173,Davinder’s Apple Watch,Skinny Puppy - Worlock (LP Mix)
32,2024-02-24 12:51:17,173,173,173,Davinder’s Apple Watch,Skinny Puppy - Worlock (LP Mix)
33,2024-02-24 12:51:18,173,173,173,Davinder’s Apple Watch,Skinny Puppy - Worlock (LP Mix)
34,2024-02-24 12:51:23,174,174,174,Davinder’s Apple Watch,Skinny Puppy - Worlock (LP Mix)
35,2024-02-24 12:51:31,175,175,175,Davinder’s Apple Watch,Skinny Puppy - Worlock (LP Mix)
36,2024-02-24 12:51:36,173,173,173,Davinder’s Apple Watch,Skinny Puppy - Worlock (LP Mix)
37,2024-02-24 12:51:40,172,172,172,Davinder’s Apple Watch,Skinny Puppy - Worlock (LP Mix)
38,2024-02-24 12:51:45,170,170,170,Davinder’s Apple Watch,Skinny Puppy - Worlock (LP Mix)
39,2024-02-24 12:51:52,171,171,171,Davinder’s Apple Watch,Skinny Puppy - Worlock (LP Mix)
40,2024-02-24 12:51:56,172,172,172,Davinder’s Apple Watch,Skinny Puppy - Worlock (LP Mix)
41,2024-02-24 12:51:58,172,172,172,Davinder’s Apple Watch,Skinny Puppy - Worlock (LP Mix)
42,2024-02-24 12:52:06,174,174,174,Davinder’s Apple Watch,Skinny Puppy - Worlock (LP Mix)
43,2024-02-24 12:52:09,174,174,174,Davinder’s Apple Watch,Skinny Puppy - Worlock (LP Mix)
44,2024-02-24 12:52:14,174,174,174,Davinder’s Apple Watch,Skinny Puppy - Worlock (LP Mix)
45,2024-02-24 12:52:21,176,176,176,Davinder’s Apple Watch,Skinny Puppy - Worlock (LP Mix)
46,2024-02-24 12:52:25,176,176,176,Davinder’s Apple Watch,Skinny Puppy - Worlock (LP Mix)
47,2024-02-24 12:52:29,176,176,176,Davinder’s Apple Watch,Skinny Puppy - Worlock (LP Mix)
48,2024-02-24 12:52:38,173,173,173,Davinder’s Apple Watch,Skinny Puppy - Worlock (LP Mix)
49,2024-02-24 12:52:43,171,171,171,Davinder’s Apple Watch,Skinny Puppy - Worlock (LP Mix)
50,2024-02-24 12:52:47,171,171,171,Davinder’s Apple Watch,Skinny Puppy - Worlock (LP Mix)
51,2024-02-24 12:53:02,173,173,173,Davinder’s Apple Watch,
52,2024-02-24 12:53:05,174,174,174,Davinder’s Apple Watch,
53,2024-02-24 12:53:13,175,175,175,Davinder’s Apple Watch,
54,2024-02-24 12:53:17,175,175,175,Davinder’s Apple Watch,
55,2024-02-24 12:53:21,175,175,175,Davinder’s Apple Watch,
56,2024-02-24 12:53:26,173,173,173,Davinder’s Apple Watch,
57,2024-02-24 12:53:29,173,173,173,Davinder’s Apple Watch,
58,2024-02-24 12:53:34,173,173,173,Davinder’s Apple Watch,
59,2024-02-24 12:53:42,177,177,177,Davinder’s Apple Watch,
60,2024-02-24 12:53:46,178,178,178,Davinder’s Apple Watch,
61,2024-02-24 12:53:49,178,178,178,Davinder’s Apple Watch,
62,2024-02-24 12:53:58,178,178,178,Davinder’s Apple Watch,
63,2024-02-24 12:54:03,178,178,178,Davinder’s Apple Watch,
64,2024-02-24 12:54:04,177,177,177,Davinder’s Apple Watch,
65,2024-02-24 12:54:10,176,176,176,Davinder’s Apple Watch,Skinny Puppy - Worlock (LP Mix)
66,2024-02-24 12:54:28,177,177,177,Davinder’s Apple Watch,Skinny Puppy - Tin Omen 1
67,2024-02-24 12:54:31,177,177,177,Davinder’s Apple Watch,Skinny Puppy - Tin Omen 1
68,2024-02-24 12:54:34,177,177,177,Davinder’s Apple Watch,Skinny Puppy - Tin Omen 1
69,2024-02-24 12:54:43,176,176,176,Davinder’s Apple Watch,Skinny Puppy - Tin Omen 1
70,2024-02-24 12:54:45,176,176,176,Davinder’s Apple Watch,Skinny Puppy - Tin Omen 1
71,2024-02-24 12:54:50,176,176,176,Davinder’s Apple Watch,Skinny Puppy - Tin Omen 1
72,2024-02-24 12:54:56,176,176,176,Davinder’s Apple Watch,Skinny Puppy - Tin Omen 1
73,2024-02-24 12:55:18,174,174,174,Davinder’s Apple Watch,Skinny Puppy - Tin Omen 1
74,2024-02-24 12:55:24,176,176,176,Davinder’s Apple Watch,Skinny Puppy - Tin Omen 1
75,2024-02-24 12:55:27,175,175,175,Davinder’s Apple Watch,Skinny Puppy - Tin Omen 1
76,2024-02-24 12:55:33,174,174,174,Davinder’s Apple Watch,Skinny Puppy - Tin Omen 1
77,2024-02-24 12:55:36,173,173,173,Davinder’s Apple Watch,Skinny Puppy - Tin Omen 1
78,2024-02-24 12:55:42,172,172,172,Davinder’s Apple Watch,Skinny Puppy - Tin Omen 1
79,2024-02-24 12:55:46,172,172,172,Davinder’s Apple Watch,Skinny Puppy - Tin Omen 1
80,2024-02-24 12:55:50,172,172,172,Davinder’s Apple Watch,Skinny Puppy - Tin Omen 1
81,2024-02-24 12:55:57,172,172,172,Davinder’s Apple Watch,Skinny Puppy - Tin Omen 1
82,2024-02-24 12:56:04,171,171,171,Davinder’s Apple Watch,Skinny Puppy - Tin Omen 1
83,2024-02-24 12:56:09,171,171,171,Davinder’s Apple Watch,Skinny Puppy - Tin Omen 1
84,2024-02-24 12:56:10,170,170,170,Davinder’s Apple Watch,Skinny Puppy - Tin Omen 1
85,2024-02-24 12:56:17,168,168,168,Davinder’s Apple Watch,Skinny Puppy - Tin Omen 1
86,2024-02-24 12:56:22,169,169,169,Davinder’s Apple Watch,Skinny Puppy - Tin Omen 1
87,2024-02-24 12:56:27,171,171,171,Davinder’s Apple Watch,Skinny Puppy - Tin Omen 1
88,2024-02-24 12:56:31,172,172,172,Davinder’s Apple Watch,Skinny Puppy - Tin Omen 1
89,2024-02-24 12:56:39,174,174,174,Davinder’s Apple Watch,Skinny Puppy - Tin Omen 1
90,2024-02-24 12:56:42,174,174,174,Davinder’s Apple Watch,Skinny Puppy - Tin Omen 1
91,2024-02-24 12:56:46,173,173,173,Davinder’s Apple Watch,Skinny Puppy - Tin Omen 1
92,2024-02-24 12:56:52,174,174,174,Davinder’s Apple Watch,Skinny Puppy - Tin Omen 1
93,2024-02-24 12:56:57,173,173,173,Davinder’s Apple Watch,Skinny Puppy - Tin Omen 1
94,2024-02-24 12:57:02,174,174,174,Davinder’s Apple Watch,Skinny Puppy - Tin Omen 1
95,2024-02-24 12:57:09,174,174,174,Davinder’s Apple Watch,Skinny Puppy - Tin Omen 1
96,2024-02-24 12:57:10,175,175,175,Davinder’s Apple Watch,Skinny Puppy - Tin Omen 1
97,2024-02-24 12:57:15,174,174,174,Davinder’s Apple Watch,Skinny Puppy - Tin Omen 1
98,2024-02-24 12:57:24,174,174,174,Davinder’s Apple Watch,Skinny Puppy - Tin Omen 1
99,2024-02-24 12:57:29,174,174,174,Davinder’s Apple Watch,Skinny Puppy - Tin Omen 1
100,2024-02-24 12:57:32,175,175,175,Davinder’s Apple Watch,Skinny Puppy - Tin Omen 1
101,2024-02-24 12:57:35,175,175,175,Davinder’s Apple Watch,Skinny Puppy - Tin Omen 1
102,2024-02-24 12:57:40,174,174,174,Davinder’s Apple Watch,Skinny Puppy - Tin Omen 1
103,2024-02-24 12:57:49,173,173,173,Davinder’s Apple Watch,Skinny Puppy - Tin Omen 1
104,2024-02-24 12:57:54,173,173,173,Davinder’s Apple Watch,Skinny Puppy - Tin Omen 1
105,2024-02-24 12:57:57,173,173,173,Davinder’s Apple Watch,Skinny Puppy - Tin Omen 1
106,2024-02-24 12:58:01,174,174,174,Davinder’s Apple Watch,Skinny Puppy - Tin Omen 1
107,2024-02-24 12:58:07,174,174,174,Davinder’s Apple Watch,Skinny Puppy - Tin Omen 1
108,2024-02-24 12:58:10,173,173,173,Davinder’s Apple Watch,Skinny Puppy - Tin Omen 1
109,2024-02-24 12:58:17,173,173,173,Davinder’s Apple Watch,Skinny Puppy - Tin Omen 1
110,2024-02-24 12:58:24,173,173,173,Davinder’s Apple Watch,Skinny Puppy - Tin Omen 1
111,2024-02-24 12:58:29,173,173,173,Davinder’s Apple Watch,Skinny Puppy - Tin Omen 1
112,2024-02-24 12:58:30,173,173,173,Davinder’s Apple Watch,Skinny Puppy - Tin Omen 1
113,2024-02-24 12:58:39,171,171,171,Davinder’s Apple Watch,Skinny Puppy - Tin Omen 1
114,2024-02-24 12:58:43,171,171,171,Davinder’s Apple Watch,Skinny Puppy - Tin Omen 1
115,2024-02-24 12:58:49,171,171,171,Davinder’s Apple Watch,Skinny Puppy - Tin Omen 1
116,2024-02-24 12:58:50,172,172,172,Davinder’s Apple Watch,Skinny Puppy - Tin Omen 1
117,2024-02-24 12:58:59,172,172,172,Davinder’s Apple Watch,Skinny Puppy - Tin Omen 1
118,2024-02-24 12:59:00,172,172,172,Davinder’s Apple Watch,Skinny Puppy - Tin Omen 1
119,2024-02-24 12:59:07,173,173,173,Davinder’s Apple Watch,Skinny Puppy - Tin Omen 1
120,2024-02-24 12:59:14,173,173,173,Davinder’s Apple Watch,Skinny Puppy - Brak Talk
121,2024-02-24 12:59:18,173,173,173,Davinder’s Apple Watch,Skinny Puppy - Brak Talk
122,2024-02-24 12:59:20,174,174,174,Davinder’s Apple Watch,Skinny Puppy - Brak Talk
123,2024-02-24 12:59:29,174,174,174,Davinder’s Apple Watch,Skinny Puppy - Brak Talk
124,2024-02-24 12:59:30,174,174,174,Davinder’s Apple Watch,Skinny Puppy - Brak Talk
125,2024-02-24 12:59:37,175,175,175,Davinder’s Apple Watch,Skinny Puppy - Brak Talk
126,2024-02-24 12:59:44,176,176,176,Davinder’s Apple Watch,Skinny Puppy - Brak Talk
127,2024-02-24 12:59:49,177,177,177,Davinder’s Apple Watch,Skinny Puppy - Brak Talk
128,2024-02-24 12:59:53,176,176,176,Davinder’s Apple Watch,Skinny Puppy - Brak Talk
129,2024-02-24 12:59:55,177,177,177,Davinder’s Apple Watch,Skinny Puppy - Brak Talk
130,2024-02-24 13:00:00,177,177,177,Davinder’s Apple Watch,Skinny Puppy - Brak Talk
131,2024-02-24 13:00:07,176,176,176,Davinder’s Apple Watch,Skinny Puppy - Brak Talk
132,2024-02-24 13:00:14,176,176,176,Davinder’s Apple Watch,Skinny Puppy - Brak Talk
133,2024-02-24 13:00:17,175,175,175,Davinder’s Apple Watch,Skinny Puppy - Brak Talk
134,2024-02-24 13:00:24,176,176,176,Davinder’s Apple Watch,Skinny Puppy - Brak Talk
135,2024-02-24 13:00:25,176,176,176,Davinder’s Apple Watch,Skinny Puppy - Brak Talk
136,2024-02-24 13:00:34,175,175,175,Davinder’s Apple Watch,Skinny Puppy - Brak Talk
137,2024-02-24 13:00:35,176,176,176,Davinder’s Apple Watch,Skinny Puppy - Brak Talk
138,2024-02-24 13:00:44,175,175,175,Davinder’s Apple Watch,Skinny Puppy - Brak Talk
139,2024-02-24 13:00:48,175,175,175,Davinder’s Apple Watch,Skinny Puppy - Brak Talk
140,2024-02-24 13:00:53,174,174,174,Davinder’s Apple Watch,Skinny Puppy - Brak Talk
141,2024-02-24 13:00:59,175,175,175,Davinder’s Apple Watch,Skinny Puppy - Brak Talk
142,2024-02-24 13:01:04,176,176,176,Davinder’s Apple Watch,Skinny Puppy - Brak Talk
143,2024-02-24 13:01:09,174,174,174,Davinder’s Apple Watch,Skinny Puppy - Brak Talk
144,2024-02-24 13:01:11,174,174,174,Davinder’s Apple Watch,Skinny Puppy - Brak Talk
145,2024-02-24 13:01:17,174,174,174,Davinder’s Apple Watch,Skinny Puppy - Brak Talk
146,2024-02-24 13:01:21,174,174,174,Davinder’s Apple Watch,Skinny Puppy - Brak Talk
147,2024-02-24 13:01:29,174,174,174,Davinder’s Apple Watch,Skinny Puppy - Brak Talk
148,2024-02-24 13:01:30,174,174,174,Davinder’s Apple Watch,Skinny Puppy - Brak Talk
149,2024-02-24 13:01:38,173,173,173,Davinder’s Apple Watch,Skinny Puppy - Brak Talk
150,2024-02-24 13:01:42,174,174,174,Davinder’s Apple Watch,Skinny Puppy - Brak Talk
151,2024-02-24 13:01:46,174,174,174,Davinder’s Apple Watch,Skinny Puppy - Brak Talk
152,2024-02-24 13:01:50,174,174,174,Davinder’s Apple Watch,Skinny Puppy - Brak Talk
153,2024-02-24 13:01:59,175,175,175,Davinder’s Apple Watch,Skinny Puppy - Brak Talk
154,2024-02-24 13:02:03,174,174,174,Davinder’s Apple Watch,Skinny Puppy - Brak Talk
155,2024-02-24 13:02:05,173,173,173,Davinder’s Apple Watch,Skinny Puppy - Brak Talk
156,2024-02-24 13:02:10,172,172,172,Davinder’s Apple Watch,Skinny Puppy - Brak Talk
157,2024-02-24 13:02:17,174,174,174,Davinder’s Apple Watch,Skinny Puppy - Brak Talk
158,2024-02-24 13:02:21,171,171,171,Davinder’s Apple Watch,Skinny Puppy - Brak Talk
159,2024-02-24 13:02:29,171,171,171,Davinder’s Apple Watch,Benny the Butcher - War Paint (feat. Westside Gunn & Conway the Machine)
160,2024-02-24 13:02:30,171,171,171,Davinder’s Apple Watch,Benny the Butcher - War Paint (feat. Westside Gunn & Conway the Machine)
161,2024-02-24 13:02:39,171,171,171,Davinder’s Apple Watch,Benny the Butcher - War Paint (feat. Westside Gunn & Conway the Machine)
162,2024-02-24 13:02:41,172,172,172,Davinder’s Apple Watch,Benny the Butcher - War Paint (feat. Westside Gunn & Conway the Machine)
163,2024-02-24 13:02:46,171,171,171,Davinder’s Apple Watch,Benny the Butcher - War Paint (feat. Westside Gunn & Conway the Machine)
164,2024-02-24 13:02:50,171,171,171,Davinder’s Apple Watch,Benny the Butcher - War Paint (feat. Westside Gunn & Conway the Machine)
165,2024-02-24 13:02:58,172,172,172,Davinder’s Apple Watch,Benny the Butcher - War Paint (feat. Westside Gunn & Conway the Machine)
166,2024-02-24 13:03:04,173,173,173,Davinder’s Apple Watch,Benny the Butcher - War Paint (feat. Westside Gunn & Conway the Machine)
167,2024-02-24 13:03:07,172,172,172,Davinder’s Apple Watch,Benny the Butcher - War Paint (feat. Westside Gunn & Conway the Machine)
168,2024-02-24 13:03:11,172,172,172,Davinder’s Apple Watch,Benny the Butcher - War Paint (feat. Westside Gunn & Conway the Machine)
169,2024-02-24 13:03:15,174,174,174,Davinder’s Apple Watch,Benny the Butcher - War Paint (feat. Westside Gunn & Conway the Machine)
170,2024-02-24 13:03:20,173,173,173,Davinder’s Apple Watch,Benny the Butcher - War Paint (feat. Westside Gunn & Conway the Machine)
171,2024-02-24 13:03:28,171,171,171,Davinder’s Apple Watch,Benny the Butcher - War Paint (feat. Westside Gunn & Conway the Machine)
172,2024-02-24 13:03:30,171,171,171,Davinder’s Apple Watch,Benny the Butcher - War Paint (feat. Westside Gunn & Conway the Machine)
173,2024-02-24 13:03:36,168,168,168,Davinder’s Apple Watch,Benny the Butcher - War Paint (feat. Westside Gunn & Conway the Machine)
174,2024-02-24 13:03:43,167,167,167,Davinder’s Apple Watch,Benny the Butcher - War Paint (feat. Westside Gunn & Conway the Machine)
175,2024-02-24 13:03:46,167,167,167,Davinder’s Apple Watch,Benny the Butcher - War Paint (feat. Westside Gunn & Conway the Machine)
176,2024-02-24 13:03:53,168,168,168,Davinder’s Apple Watch,Benny the Butcher - War Paint (feat. Westside Gunn & Conway the Machine)
177,2024-02-24 13:03:57,166,166,166,Davinder’s Apple Watch,Benny the Butcher - War Paint (feat. Westside Gunn & Conway the Machine)
178,2024-02-24 13:04:00,167,167,167,Davinder’s Apple Watch,Benny the Butcher - War Paint (feat. Westside Gunn & Conway the Machine)
179,2024-02-24 13:04:05,168,168,168,Davinder’s Apple Watch,Benny the Butcher - War Paint (feat. Westside Gunn & Conway the Machine)
180,2024-02-24 13:04:10,168,168,168,Davinder’s Apple Watch,Benny the Butcher - War Paint (feat. Westside Gunn & Conway the Machine)
181,2024-02-24 13:04:18,166,166,166,Davinder’s Apple Watch,Benny the Butcher - War Paint (feat. Westside Gunn & Conway the Machine)
182,2024-02-24 13:04:20,167,167,167,Davinder’s Apple Watch,Benny the Butcher - War Paint (feat. Westside Gunn & Conway the Machine)
183,2024-02-24 13:04:27,167,167,167,Davinder’s Apple Watch,Benny the Butcher - War Paint (feat. Westside Gunn & Conway the Machine)
184,2024-02-24 13:04:37,168,168,168,Davinder’s Apple Watch,Benny the Butcher - War Paint (feat. Westside Gunn & Conway the Machine)
185,2024-02-24 13:04:40,167,167,167,Davinder’s Apple Watch,Benny the Butcher - War Paint (feat. Westside Gunn & Conway the Machine)
186,2024-02-24 13:04:49,169,169,169,Davinder’s Apple Watch,Benny the Butcher - War Paint (feat. Westside Gunn & Conway the Machine)
187,2024-02-24 13:04:54,168,168,168,Davinder’s Apple Watch,Benny the Butcher - War Paint (feat. Westside Gunn & Conway the Machine)
188,2024-02-24 13:04:59,171,171,171,Davinder’s Apple Watch,Benny the Butcher - War Paint (feat. Westside Gunn & Conway the Machine)
189,2024-02-24 13:05:03,171,171,171,Davinder’s Apple Watch,Benny the Butcher - War Paint (feat. Westside Gunn & Conway the Machine)
190,2024-02-24 13:05:07,171,171,171,Davinder’s Apple Watch,Benny the Butcher - War Paint (feat. Westside Gunn & Conway the Machine)
191,2024-02-24 13:05:19,172,172,172,Davinder’s Apple Watch,Benny the Butcher - War Paint (feat. Westside Gunn & Conway the Machine)
192,2024-02-24 13:05:24,173,173,173,Davinder’s Apple Watch,Benny the Butcher - War Paint (feat. Westside Gunn & Conway the Machine)
193,2024-02-24 13:05:29,173,173,173,Davinder’s Apple Watch,Benny the Butcher - War Paint (feat. Westside Gunn & Conway the Machine)
194,2024-02-24 13:05:32,174,174,174,Davinder’s Apple Watch,Benny the Butcher - War Paint (feat. Westside Gunn & Conway the Machine)
195,2024-02-24 13:05:38,174,174,174,Davinder’s Apple Watch,Benny the Butcher - War Paint (feat. Westside Gunn & Conway the Machine)
196,2024-02-24 13:05:41,173,173,173,Davinder’s Apple Watch,Benny the Butcher - War Paint (feat. Westside Gunn & Conway the Machine)
197,2024-02-24 13:05:47,173,173,173,Davinder’s Apple Watch,Benny the Butcher - War Paint (feat. Westside Gunn & Conway the Machine)
198,2024-02-24 13:05:54,174,174,174,Davinder’s Apple Watch,Benny the Butcher - War Paint (feat. Westside Gunn & Conway the Machine)
199,2024-02-24 13:05:56,174,174,174,Davinder’s Apple Watch,Benny the Butcher - War Paint (feat. Westside Gunn & Conway the Machine)
200,2024-02-24 13:06:04,173,173,173,Davinder’s Apple Watch,Benny the Butcher - War Paint (feat. Westside Gunn & Conway the Machine)
201,2024-02-24 13:06:05,173,173,173,Davinder’s Apple Watch,Benny the Butcher - War Paint (feat. Westside Gunn & Conway the Machine)
202,2024-02-24 13:06:13,173,173,173,Davinder’s Apple Watch,Benny the Butcher & Hit-Boy - Legend
203,2024-02-24 13:06:17,173,173,173,Davinder’s Apple Watch,Benny the Butcher & Hit-Boy - Legend
204,2024-02-24 13:06:22,174,174,174,Davinder’s Apple Watch,Benny the Butcher & Hit-Boy - Legend
205,2024-02-24 13:06:28,174,174,174,Davinder’s Apple Watch,Benny the Butcher & Hit-Boy - Legend
206,2024-02-24 13:06:32,173,173,173,Davinder’s Apple Watch,Benny the Butcher & Hit-Boy - Legend
207,2024-02-24 13:06:36,173,173,173,Davinder’s Apple Watch,Luke Vibert - Batting for England
208,2024-02-24 13:06:41,172,172,172,Davinder’s Apple Watch,Luke Vibert - Batting for England
209,2024-02-24 13:06:45,172,172,172,Davinder’s Apple Watch,Luke Vibert - Batting for England
210,2024-02-24 13:06:54,170,170,170,Davinder’s Apple Watch,Luke Vibert - Batting for England
211,2024-02-24 13:06:55,170,170,170,Davinder’s Apple Watch,Luke Vibert - Batting for England
212,2024-02-24 13:07:03,168,168,168,Davinder’s Apple Watch,Luke Vibert - Batting for England
213,2024-02-24 13:07:05,168,168,168,Davinder’s Apple Watch,Luke Vibert - Batting for England
214,2024-02-24 13:07:10,167,167,167,Davinder’s Apple Watch,Luke Vibert - Batting for England
215,2024-02-24 13:07:17,165,165,165,Davinder’s Apple Watch,Luke Vibert - Batting for England
216,2024-02-24 13:07:21,165,165,165,Davinder’s Apple Watch,Luke Vibert - Batting for England
217,2024-02-24 13:07:28,167,167,167,Davinder’s Apple Watch,Luke Vibert - Batting for England
218,2024-02-24 13:07:33,167,167,167,Davinder’s Apple Watch,Luke Vibert - Batting for England
219,2024-02-24 13:07:37,168,168,168,Davinder’s Apple Watch,Luke Vibert - Batting for England
220,2024-02-24 13:07:49,170,170,170,Davinder’s Apple Watch,Luke Vibert - Batting for England
221,2024-02-24 13:07:54,169,169,169,Davinder’s Apple Watch,Luke Vibert - Batting for England
222,2024-02-24 13:07:56,169,169,169,Davinder’s Apple Watch,Luke Vibert - Batting for England
223,2024-02-24 13:08:01,169,169,169,Davinder’s Apple Watch,Luke Vibert - Batting for England
224,2024-02-24 13:08:09,170,170,170,Davinder’s Apple Watch,Luke Vibert - Batting for England
225,2024-02-24 13:08:11,171,171,171,Davinder’s Apple Watch,Luke Vibert - Batting for England
226,2024-02-24 13:08:19,171,171,171,Davinder’s Apple Watch,Luke Vibert - Batting for England
227,2024-02-24 13:08:20,172,172,172,Davinder’s Apple Watch,Luke Vibert - Batting for England
228,2024-02-24 13:08:26,172,172,172,Davinder’s Apple Watch,Luke Vibert - Batting for England
229,2024-02-24 13:08:32,171,171,171,Davinder’s Apple Watch,Luke Vibert - Batting for England
230,2024-02-24 13:08:35,170,170,170,Davinder’s Apple Watch,Luke Vibert - Batting for England
231,2024-02-24 13:08:44,165,165,165,Davinder’s Apple Watch,Luke Vibert - Batting for England
232,2024-02-24 13:08:49,164,164,164,Davinder’s Apple Watch,Luke Vibert - Batting for England
233,2024-02-24 13:08:50,165,165,165,Davinder’s Apple Watch,Luke Vibert - Batting for England
234,2024-02-24 13:08:57,168,168,168,Davinder’s Apple Watch,Luke Vibert - Batting for England
235,2024-02-24 13:09:04,169,169,169,Davinder’s Apple Watch,Luke Vibert - Batting for England
236,2024-02-24 13:09:08,169,169,169,Davinder’s Apple Watch,Luke Vibert - Batting for England
237,2024-02-24 13:09:10,169,169,169,Davinder’s Apple Watch,Luke Vibert - Batting for England
238,2024-02-24 13:09:19,169,169,169,Davinder’s Apple Watch,Luke Vibert - Batting for England
239,2024-02-24 13:09:24,166,166,166,Davinder’s Apple Watch,Luke Vibert - Batting for England
240,2024-02-24 13:09:25,165,165,165,Davinder’s Apple Watch,Luke Vibert - Batting for England
241,2024-02-24 13:09:34,165,165,165,Davinder’s Apple Watch,Slayer - Disciple
242,2024-02-24 13:09:38,165,165,165,Davinder’s Apple Watch,Slayer - Disciple
243,2024-02-24 13:09:43,168,168,168,Davinder’s Apple Watch,Slayer - Disciple
244,2024-02-24 13:09:59,166,166,166,Davinder’s Apple Watch,Slayer - Disciple
245,2024-02-24 13:10:00,166,166,166,Davinder’s Apple Watch,Slayer - Disciple
246,2024-02-24 13:10:07,167,167,167,Davinder’s Apple Watch,Slayer - Disciple
247,2024-02-24 13:10:12,167,167,167,Davinder’s Apple Watch,Slayer - Disciple
248,2024-02-24 13:10:19,167,167,167,Davinder’s Apple Watch,Slayer - Disciple
249,2024-02-24 13:10:23,166,166,166,Davinder’s Apple Watch,Slayer - Disciple
250,2024-02-24 13:10:26,167,167,167,Davinder’s Apple Watch,Slayer - Disciple
251,2024-02-24 13:10:31,167,167,167,Davinder’s Apple Watch,Slayer - Disciple
252,2024-02-24 13:10:36,170,170,170,Davinder’s Apple Watch,Slayer - Disciple
253,2024-02-24 13:10:40,171,171,171,Davinder’s Apple Watch,Slayer - Disciple
254,2024-02-24 13:10:45,173,173,173,Davinder’s Apple Watch,Slayer - Disciple
255,2024-02-24 13:10:54,173,173,173,Davinder’s Apple Watch,Slayer - Disciple
256,2024-02-24 13:10:57,172,172,172,Davinder’s Apple Watch,Slayer - Disciple
257,2024-02-24 13:11:01,171,171,171,Davinder’s Apple Watch,Slayer - Disciple
258,2024-02-24 13:11:05,171,171,171,Davinder’s Apple Watch,Slayer - Disciple
259,2024-02-24 13:11:13,172,172,172,Davinder’s Apple Watch,Slayer - Disciple
260,2024-02-24 13:11:16,172,172,172,Davinder’s Apple Watch,Slayer - Disciple
261,2024-02-24 13:11:21,171,171,171,Davinder’s Apple Watch,Slayer - Disciple
262,2024-02-24 13:11:26,169,169,169,Davinder’s Apple Watch,Slayer - Disciple
263,2024-02-24 13:11:34,171,171,171,Davinder’s Apple Watch,Slayer - Disciple
264,2024-02-24 13:11:52,168,168,168,Davinder’s Apple Watch,Slayer - Disciple
265,2024-02-24 13:11:55,168,168,168,Davinder’s Apple Watch,Slayer - Disciple
266,2024-02-24 13:12:04,169,169,169,Davinder’s Apple Watch,Slayer - Disciple
267,2024-02-24 13:12:08,169,169,169,Davinder’s Apple Watch,Slayer - Disciple
268,2024-02-24 13:12:24,169,169,169,Davinder’s Apple Watch,Slayer - Disciple
269,2024-02-24 13:12:29,172,172,172,Davinder’s Apple Watch,Slayer - Disciple
270,2024-02-24 13:13:14,182,182,182,Davinder’s Apple Watch,NaT
271,2024-02-24 13:13:18,182,182,182,Davinder’s Apple Watch,NaT
272,2024-02-24 13:13:20,182,182,182,Davinder’s Apple Watch,NaT
273,2024-02-24 13:13:27,182,182,182,Davinder’s Apple Watch,NaT
274,2024-02-24 13:13:30,182,182,182,Davinder’s Apple Watch,NaT
275,2024-02-24 13:13:39,180,180,180,Davinder’s Apple Watch,
276,2024-02-24 13:13:49,179,179,179,Davinder’s Apple Watch,
277,2024-02-24 13:13:54,180,180,180,Davinder’s Apple Watch,
278,2024-02-24 13:13:58,179,179,179,Davinder’s Apple Watch,
279,2024-02-24 13:14:01,178,178,178,Davinder’s Apple Watch,
280,2024-02-24 13:14:08,178,178,178,Davinder’s Apple Watch,
281,2024-02-24 13:14:10,177,177,177,Davinder’s Apple Watch,
282,2024-02-24 13:14:15,176,176,176,Davinder’s Apple Watch,
283,2024-02-24 13:14:44,170,170,170,Davinder’s Apple Watch,
284,2024-02-24 13:14:48,169,169,169,Davinder’s Apple Watch,
285,2024-02-24 13:14:54,168,168,168,Davinder’s Apple Watch,
286,2024-02-24 13:14:56,168,168,168,Davinder’s Apple Watch,
287,2024-02-24 13:15:03,170,170,170,Davinder’s Apple Watch,
288,2024-02-24 13:15:07,169,169,169,Davinder’s Apple Watch,
289,2024-02-24 13:15:11,169,169,169,Davinder’s Apple Watch,
290,2024-02-24 13:15:18,169,169,169,Davinder’s Apple Watch,
291,2024-02-24 13:15:24,170,170,170,Davinder’s Apple Watch,
292,2024-02-24 13:15:37,166,166,166,Davinder’s Apple Watch,
293,2024-02-24 13:15:41,167,167,167,Davinder’s Apple Watch,
294,2024-02-24 13:15:49,164,164,164,Davinder’s Apple Watch,
295,2024-02-24 13:15:53,162,162,162,Davinder’s Apple Watch,
296,2024-02-24 13:15:55,161,161,161,Davinder’s Apple Watch,
297,2024-02-24 13:16:01,160,160,160,Davinder’s Apple Watch,
