Date/Time,Min (count/min),Max (count/min),Avg (count/min),Source
2024-02-24 12:46:05,109,109,109,Davinder’s Apple Watch
2024-02-24 12:46:08,111,111,111,Davinder’s Apple Watch
2024-02-24 12:46:13,114,114,114,Davinder’s Apple Watch
2024-02-24 12:46:18,116,116,116,Davinder’s Apple Watch
2024-02-24 12:48:45,149,149,149,Davinder’s Apple Watch
2024-02-24 12:48:52,152,152,152,Davinder’s Apple Watch
2024-02-24 12:48:57,153,153,153,Davinder’s Apple Watch
2024-02-24 12:49:02,156,156,156,Davinder’s Apple Watch
2024-02-24 12:49:03,155,155,155,Davinder’s Apple Watch
2024-02-24 12:49:09,157,157,157,Davinder’s Apple Watch
2024-02-24 12:49:15,157,157,157,Davinder’s Apple Watch
2024-02-24 12:49:21,157,157,157,Davinder’s Apple Watch
2024-02-24 12:49:25,160,160,160,Davinder’s Apple Watch
2024-02-24 12:49:32,161,161,161,Davinder’s Apple Watch
2024-02-24 12:49:34,163,163,163,Davinder’s Apple Watch
2024-02-24 12:49:40,163,163,163,Davinder’s Apple Watch
2024-02-24 12:49:47,163,163,163,Davinder’s Apple Watch
2024-02-24 12:49:52,166,166,166,Davinder’s Apple Watch
2024-02-24 12:49:53,165,165,165,Davinder’s Apple Watch
2024-02-24 12:50:02,168,168,168,Davinder’s Apple Watch
2024-02-24 12:50:07,168,168,168,Davinder’s Apple Watch
2024-02-24 12:50:09,168,168,168,Davinder’s Apple Watch
2024-02-24 12:50:16,169,169,169,Davinder’s Apple Watch
2024-02-24 12:50:19,169,169,169,Davinder’s Apple Watch
2024-02-24 12:50:27,168,168,168,Davinder’s Apple Watch
2024-02-24 12:50:29,168,168,168,Davinder’s Apple Watch
2024-02-24 12:50:43,166,166,166,Davinder’s Apple Watch
2024-02-24 12:50:50,167,167,167,Davinder’s Apple Watch
2024-02-24 12:50:57,170,170,170,Davinder’s Apple Watch
2024-02-24 12:51:02,171,171,171,Davinder’s Apple Watch
2024-02-24 12:51:03,171,171,171,Davinder’s Apple Watch
2024-02-24 12:51:12,173,173,173,Davinder’s Apple Watch
2024-02-24 12:51:17,173,173,173,Davinder’s Apple Watch
2024-02-24 12:51:18,173,173,173,Davinder’s Apple Watch
2024-02-24 12:51:23,174,174,174,Davinder’s Apple Watch
2024-02-24 12:51:31,175,175,175,Davinder’s Apple Watch
2024-02-24 12:51:36,173,173,173,Davinder’s Apple Watch
2024-02-24 12:51:40,172,172,172,Davinder’s Apple Watch
2024-02-24 12:51:45,170,170,170,Davinder’s Apple Watch
2024-02-24 12:51:52,171,171,171,Davinder’s Apple Watch
2024-02-24 12:51:56,172,172,172,Davinder’s Apple Watch
2024-02-24 12:51:58,172,172,172,Davinder’s Apple Watch
2024-02-24 12:52:06,174,174,174,Davinder’s Apple Watch
2024-02-24 12:52:09,174,174,174,Davinder’s Apple Watch
2024-02-24 12:52:14,174,174,174,Davinder’s Apple Watch
2024-02-24 12:52:21,176,176,176,Davinder’s Apple Watch
2024-02-24 12:52:25,176,176,176,Davinder’s Apple Watch
2024-02-24 12:52:29,176,176,176,Davinder’s Apple Watch
2024-02-24 12:52:38,173,173,173,Davinder’s Apple Watch
2024-02-24 12:52:43,171,171,171,Davinder’s Apple Watch
2024-02-24 12:52:47,171,171,171,Davinder’s Apple Watch
2024-02-24 12:53:02,173,173,173,Davinder’s Apple Watch
2024-02-24 12:53:05,174,174,174,Davinder’s Apple Watch
2024-02-24 12:53:13,175,175,175,Davinder’s Apple Watch
2024-02-24 12:53:17,175,175,175,Davinder’s Apple Watch
2024-02-24 12:53:21,175,175,175,Davinder’s Apple Watch
2024-02-24 12:53:26,173,173,173,Davinder’s Apple Watch
2024-02-24 12:53:29,173,173,173,Davinder’s Apple Watch
2024-02-24 12:53:34,173,173,173,Davinder’s Apple Watch
2024-02-24 12:53:42,177,177,177,Davinder’s Apple Watch
2024-02-24 12:53:46,178,178,178,Davinder’s Apple Watch
2024-02-24 12:53:49,178,178,178,Davinder’s Apple Watch
2024-02-24 12:53:58,178,178,178,Davinder’s Apple Watch
2024-02-24 12:54:03,178,178,178,Davinder’s Apple Watch
2024-02-24 12:54:04,177,177,177,Davinder’s Apple Watch
2024-02-24 12:54:10,176,176,176,Davinder’s Apple Watch
2024-02-24 12:54:28,177,177,177,Davinder’s Apple Watch
2024-02-24 12:54:31,177,177,177,Davinder’s Apple Watch
2024-02-24 12:54:34,177,177,177,Davinder’s Apple Watch
2024-02-24 12:54:43,176,176,176,Davinder’s Apple Watch
2024-02-24 12:54:45,176,176,176,Davinder’s Apple Watch
2024-02-24 12:54:50,176,176,176,Davinder’s Apple Watch
2024-02-24 12:54:56,176,176,176,Davinder’s Apple Watch
2024-02-24 12:55:18,174,174,174,Davinder’s Apple Watch
2024-02-24 12:55:24,176,176,176,Davinder’s Apple Watch
2024-02-24 12:55:27,175,175,175,Davinder’s Apple Watch
2024-02-24 12:55:33,174,174,174,Davinder’s Apple Watch
2024-02-24 12:55:36,173,173,173,Davinder’s Apple Watch
2024-02-24 12:55:42,172,172,172,Davinder’s Apple Watch
2024-02-24 12:55:46,172,172,172,Davinder’s Apple Watch
2024-02-24 12:55:50,172,172,172,Davinder’s Apple Watch
2024-02-24 12:55:57,172,172,172,Davinder’s Apple Watch
2024-02-24 12:56:04,171,171,171,Davinder’s Apple Watch
2024-02-24 12:56:09,171,171,171,Davinder’s Apple Watch
2024-02-24 12:56:10,170,170,170,Davinder’s Apple Watch
2024-02-24 12:56:17,168,168,168,Davinder’s Apple Watch
2024-02-24 12:56:22,169,169,169,Davinder’s Apple Watch
2024-02-24 12:56:27,171,171,171,Davinder’s Apple Watch
2024-02-24 12:56:31,172,172,172,Davinder’s Apple Watch
2024-02-24 12:56:39,174,174,174,Davinder’s Apple Watch
2024-02-24 12:56:42,174,174,174,Davinder’s Apple Watch
2024-02-24 12:56:46,173,173,173,Davinder’s Apple Watch
2024-02-24 12:56:52,174,174,174,Davinder’s Apple Watch
2024-02-24 12:56:57,173,173,173,Davinder’s Apple Watch
2024-02-24 12:57:02,174,174,174,Davinder’s Apple Watch
2024-02-24 12:57:09,174,174,174,Davinder’s Apple Watch
2024-02-24 12:57:10,175,175,175,Davinder’s Apple Watch
2024-02-24 12:57:15,174,174,174,Davinder’s Apple Watch
2024-02-24 12:57:24,174,174,174,Davinder’s Apple Watch
2024-02-24 12:57:29,174,174,174,Davinder’s Apple Watch
2024-02-24 12:57:32,175,175,175,Davinder’s Apple Watch
2024-02-24 12:57:35,175,175,175,Davinder’s Apple Watch
2024-02-24 12:57:40,174,174,174,Davinder’s Apple Watch
2024-02-24 12:57:49,173,173,173,Davinder’s Apple Watch
2024-02-24 12:57:54,173,173,173,Davinder’s Apple Watch
2024-02-24 12:57:57,173,173,173,Davinder’s Apple Watch
2024-02-24 12:58:01,174,174,174,Davinder’s Apple Watch
2024-02-24 12:58:07,174,174,174,Davinder’s Apple Watch
2024-02-24 12:58:10,173,173,173,Davinder’s Apple Watch
2024-02-24 12:58:17,173,173,173,Davinder’s Apple Watch
2024-02-24 12:58:24,173,173,173,Davinder’s Apple Watch
2024-02-24 12:58:29,173,173,173,Davinder’s Apple Watch
2024-02-24 12:58:30,173,173,173,Davinder’s Apple Watch
2024-02-24 12:58:39,171,171,171,Davinder’s Apple Watch
2024-02-24 12:58:43,171,171,171,Davinder’s Apple Watch
2024-02-24 12:58:49,171,171,171,Davinder’s Apple Watch
2024-02-24 12:58:50,172,172,172,Davinder’s Apple Watch
2024-02-24 12:58:59,172,172,172,Davinder’s Apple Watch
2024-02-24 12:59:00,172,172,172,Davinder’s Apple Watch
2024-02-24 12:59:07,173,173,173,Davinder’s Apple Watch
2024-02-24 12:59:14,173,173,173,Davinder’s Apple Watch
2024-02-24 12:59:18,173,173,173,Davinder’s Apple Watch
2024-02-24 12:59:20,174,174,174,Davinder’s Apple Watch
2024-02-24 12:59:29,174,174,174,Davinder’s Apple Watch
2024-02-24 12:59:30,174,174,174,Davinder’s Apple Watch
2024-02-24 12:59:37,175,175,175,Davinder’s Apple Watch
2024-02-24 12:59:44,176,176,176,Davinder’s Apple Watch
2024-02-24 12:59:49,177,177,177,Davinder’s Apple Watch
2024-02-24 12:59:53,176,176,176,Davinder’s Apple Watch
2024-02-24 12:59:55,177,177,177,Davinder’s Apple Watch
2024-02-24 13:00:00,177,177,177,Davinder’s Apple Watch
2024-02-24 13:00:07,176,176,176,Davinder’s Apple Watch
2024-02-24 13:00:14,176,176,176,Davinder’s Apple Watch
2024-02-24 13:00:17,175,175,175,Davinder’s Apple Watch
2024-02-24 13:00:24,176,176,176,Davinder’s Apple Watch
2024-02-24 13:00:25,176,176,176,Davinder’s Apple Watch
2024-02-24 13:00:34,175,175,175,Davinder’s Apple Watch
2024-02-24 13:00:35,176,176,176,Davinder’s Apple Watch
2024-02-24 13:00:44,175,175,175,Davinder’s Apple Watch
2024-02-24 13:00:48,175,175,175,Davinder’s Apple Watch
2024-02-24 13:00:53,174,174,174,Davinder’s Apple Watch
2024-02-24 13:00:59,175,175,175,Davinder’s Apple Watch
2024-02-24 13:01:04,176,176,176,Davinder’s Apple Watch
2024-02-24 13:01:09,174,174,174,Davinder’s Apple Watch
2024-02-24 13:01:11,174,174,174,Davinder’s Apple Watch
2024-02-24 13:01:17,174,174,174,Davinder’s Apple Watch
2024-02-24 13:01:21,174,174,174,Davinder’s Apple Watch
2024-02-24 13:01:29,174,174,174,Davinder’s Apple Watch
2024-02-24 13:01:30,174,174,174,Davinder’s Apple Watch
2024-02-24 13:01:38,173,173,173,Davinder’s Apple Watch
2024-02-24 13:01:42,174,174,174,Davinder’s Apple Watch
2024-02-24 13:01:46,174,174,174,Davinder’s Apple Watch
2024-02-24 13:01:50,174,174,174,Davinder’s Apple Watch
2024-02-24 13:01:59,175,175,175,Davinder’s Apple Watch
2024-02-24 13:02:03,174,174,174,Davinder’s Apple Watch
2024-02-24 13:02:05,173,173,173,Davinder’s Apple Watch
2024-02-24 13:02:10,172,172,172,Davinder’s Apple Watch
2024-02-24 13:02:17,174,174,174,Davinder’s Apple Watch
2024-02-24 13:02:21,171,171,171,Davinder’s Apple Watch
2024-02-24 13:02:29,171,171,171,Davinder’s Apple Watch
2024-02-24 13:02:30,171,171,171,Davinder’s Apple Watch
2024-02-24 13:02:39,171,171,171,Davinder’s Apple Watch
2024-02-24 13:02:41,172,172,172,Davinder’s Apple Watch
2024-02-24 13:02:46,171,171,171,Davinder’s Apple Watch
2024-02-24 13:02:50,171,171,171,Davinder’s Apple Watch
2024-02-24 13:02:58,172,172,172,Davinder’s Apple Watch
2024-02-24 13:03:04,173,173,173,Davinder’s Apple Watch
2024-02-24 13:03:07,172,172,172,Davinder’s Apple Watch
2024-02-24 13:03:11,172,172,172,Davinder’s Apple Watch
2024-02-24 13:03:15,174,174,174,Davinder’s Apple Watch
2024-02-24 13:03:20,173,173,173,Davinder’s Apple Watch
2024-02-24 13:03:28,171,171,171,Davinder’s Apple Watch
2024-02-24 13:03:30,171,171,171,Davinder’s Apple Watch
2024-02-24 13:03:36,168,168,168,Davinder’s Apple Watch
2024-02-24 13:03:43,167,167,167,Davinder’s Apple Watch
2024-02-24 13:03:46,167,167,167,Davinder’s Apple Watch
2024-02-24 13:03:53,168,168,168,Davinder’s Apple Watch
2024-02-24 13:03:57,166,166,166,Davinder’s Apple Watch
2024-02-24 13:04:00,167,167,167,Davinder’s Apple Watch
2024-02-24 13:04:05,168,168,168,Davinder’s Apple Watch
2024-02-24 13:04:10,168,168,168,Davinder’s Apple Watch
2024-02-24 13:04:18,166,166,166,Davinder’s Apple Watch
2024-02-24 13:04:20,167,167,167,Davinder’s Apple Watch
2024-02-24 13:04:27,167,167,167,Davinder’s Apple Watch
2024-02-24 13:04:37,168,168,168,Davinder’s Apple Watch
2024-02-24 13:04:40,167,167,167,Davinder’s Apple Watch
2024-02-24 13:04:49,169,169,169,Davinder’s Apple Watch
2024-02-24 13:04:54,168,168,168,Davinder’s Apple Watch
2024-02-24 13:04:59,171,171,171,Davinder’s Apple Watch
2024-02-24 13:05:03,171,171,171,Davinder’s Apple Watch
2024-02-24 13:05:07,171,171,171,Davinder’s Apple Watch
2024-02-24 13:05:19,172,172,172,Davinder’s Apple Watch
2024-02-24 13:05:24,173,173,173,Davinder’s Apple Watch
2024-02-24 13:05:29,173,173,173,Davinder’s Apple Watch
2024-02-24 13:05:32,174,174,174,Davinder’s Apple Watch
2024-02-24 13:05:38,174,174,174,Davinder’s Apple Watch
2024-02-24 13:05:41,173,173,173,Davinder’s Apple Watch
2024-02-24 13:05:47,173,173,173,Davinder’s Apple Watch
2024-02-24 13:05:54,174,174,174,Davinder’s Apple Watch
2024-02-24 13:05:56,174,174,174,Davinder’s Apple Watch
2024-02-24 13:06:04,173,173,173,Davinder’s Apple Watch
2024-02-24 13:06:05,173,173,173,Davinder’s Apple Watch
2024-02-24 13:06:13,173,173,173,Davinder’s Apple Watch
2024-02-24 13:06:17,173,173,173,Davinder’s Apple Watch
2024-02-24 13:06:22,174,174,174,Davinder’s Apple Watch
2024-02-24 13:06:28,174,174,174,Davinder’s Apple Watch
2024-02-24 13:06:32,173,173,173,Davinder’s Apple Watch
2024-02-24 13:06:36,173,173,173,Davinder’s Apple Watch
2024-02-24 13:06:41,172,172,172,Davinder’s Apple Watch
2024-02-24 13:06:45,172,172,172,Davinder’s Apple Watch
2024-02-24 13:06:54,170,170,170,Davinder’s Apple Watch
2024-02-24 13:06:55,170,170,170,Davinder’s Apple Watch
2024-02-24 13:07:03,168,168,168,Davinder’s Apple Watch
2024-02-24 13:07:05,168,168,168,Davinder’s Apple Watch
2024-02-24 13:07:10,167,167,167,Davinder’s Apple Watch
2024-02-24 13:07:17,165,165,165,Davinder’s Apple Watch
2024-02-24 13:07:21,165,165,165,Davinder’s Apple Watch
2024-02-24 13:07:28,167,167,167,Davinder’s Apple Watch
2024-02-24 13:07:33,167,167,167,Davinder’s Apple Watch
2024-02-24 13:07:37,168,168,168,Davinder’s Apple Watch
2024-02-24 13:07:49,170,170,170,Davinder’s Apple Watch
2024-02-24 13:07:54,169,169,169,Davinder’s Apple Watch
2024-02-24 13:07:56,169,169,169,Davinder’s Apple Watch
2024-02-24 13:08:01,169,169,169,Davinder’s Apple Watch
2024-02-24 13:08:09,170,170,170,Davinder’s Apple Watch
2024-02-24 13:08:11,171,171,171,Davinder’s Apple Watch
2024-02-24 13:08:19,171,171,171,Davinder’s Apple Watch
2024-02-24 13:08:20,172,172,172,Davinder’s Apple Watch
2024-02-24 13:08:26,172,172,172,Davinder’s Apple Watch
2024-02-24 13:08:32,171,171,171,Davinder’s Apple Watch
2024-02-24 13:08:35,170,170,170,Davinder’s Apple Watch
2024-02-24 13:08:44,165,165,165,Davinder’s Apple Watch
2024-02-24 13:08:49,164,164,164,Davinder’s Apple Watch
2024-02-24 13:08:50,165,165,165,Davinder’s Apple Watch
2024-02-24 13:08:57,168,168,168,Davinder’s Apple Watch
2024-02-24 13:09:04,169,169,169,Davinder’s Apple Watch
2024-02-24 13:09:08,169,169,169,Davinder’s Apple Watch
2024-02-24 13:09:10,169,169,169,Davinder’s Apple Watch
2024-02-24 13:09:19,169,169,169,Davinder’s Apple Watch
2024-02-24 13:09:24,166,166,166,Davinder’s Apple Watch
2024-02-24 13:09:25,165,165,165,Davinder’s Apple Watch
2024-02-24 13:09:34,165,165,165,Davinder’s Apple Watch
2024-02-24 13:09:38,165,165,165,Davinder’s Apple Watch
2024-02-24 13:09:43,168,168,168,Davinder’s Apple Watch
2024-02-24 13:09:59,166,166,166,Davinder’s Apple Watch
2024-02-24 13:10:00,166,166,166,Davinder’s Apple Watch
2024-02-24 13:10:07,167,167,167,Davinder’s Apple Watch
2024-02-24 13:10:12,167,167,167,Davinder’s Apple Watch
2024-02-24 13:10:19,167,167,167,Davinder’s Apple Watch
2024-02-24 13:10:23,166,166,166,Davinder’s Apple Watch
2024-02-24 13:10:26,167,167,167,Davinder’s Apple Watch
2024-02-24 13:10:31,167,167,167,Davinder’s Apple Watch
2024-02-24 13:10:36,170,170,170,Davinder’s Apple Watch
2024-02-24 13:10:40,171,171,171,Davinder’s Apple Watch
2024-02-24 13:10:45,173,173,173,Davinder’s Apple Watch
2024-02-24 13:10:54,173,173,173,Davinder’s Apple Watch
2024-02-24 13:10:57,172,172,172,Davinder’s Apple Watch
2024-02-24 13:11:01,171,171,171,Davinder’s Apple Watch
2024-02-24 13:11:05,171,171,171,Davinder’s Apple Watch
2024-02-24 13:11:13,172,172,172,Davinder’s Apple Watch
2024-02-24 13:11:16,172,172,172,Davinder’s Apple Watch
2024-02-24 13:11:21,171,171,171,Davinder’s Apple Watch
2024-02-24 13:11:26,169,169,169,Davinder’s Apple Watch
2024-02-24 13:11:34,171,171,171,Davinder’s Apple Watch
2024-02-24 13:11:52,168,168,168,Davinder’s Apple Watch
2024-02-24 13:11:55,168,168,168,Davinder’s Apple Watch
2024-02-24 13:12:04,169,169,169,Davinder’s Apple Watch
2024-02-24 13:12:08,169,169,169,Davinder’s Apple Watch
2024-02-24 13:12:24,169,169,169,Davinder’s Apple Watch
2024-02-24 13:12:29,172,172,172,Davinder’s Apple Watch
2024-02-24 13:13:14,182,182,182,Davinder’s Apple Watch
2024-02-24 13:13:18,182,182,182,Davinder’s Apple Watch
2024-02-24 13:13:20,182,182,182,Davinder’s Apple Watch
2024-02-24 13:13:27,182,182,182,Davinder’s Apple Watch
2024-02-24 13:13:30,182,182,182,Davinder’s Apple Watch
2024-02-24 13:13:39,180,180,180,Davinder’s Apple Watch
2024-02-24 13:13:49,179,179,179,Davinder’s Apple Watch
2024-02-24 13:13:54,180,180,180,Davinder’s Apple Watch
2024-02-24 13:13:58,179,179,179,Davinder’s Apple Watch
2024-02-24 13:14:01,178,178,178,Davinder’s Apple Watch
2024-02-24 13:14:08,178,178,178,Davinder’s Apple Watch
2024-02-24 13:14:10,177,177,177,Davinder’s Apple Watch
2024-02-24 13:14:15,176,176,176,Davinder’s Apple Watch
2024-02-24 13:14:44,170,170,170,Davinder’s Apple Watch
2024-02-24 13:14:48,169,169,169,Davinder’s Apple Watch
2024-02-24 13:14:54,168,168,168,Davinder’s Apple Watch
2024-02-24 13:14:56,168,168,168,Davinder’s Apple Watch
2024-02-24 13:15:03,170,170,170,Davinder’s Apple Watch
2024-02-24 13:15:07,169,169,169,Davinder’s Apple Watch
2024-02-24 13:15:11,169,169,169,Davinder’s Apple Watch
2024-02-24 13:15:18,169,169,169,Davinder’s Apple Watch
2024-02-24 13:15:24,170,170,170,Davinder’s Apple Watch
2024-02-24 13:15:37,166,166,166,Davinder’s Apple Watch
2024-02-24 13:15:41,167,167,167,Davinder’s Apple Watch
2024-02-24 13:15:49,164,164,164,Davinder’s Apple Watch
2024-02-24 13:15:53,162,162,162,Davinder’s Apple Watch
2024-02-24 13:15:55,161,161,161,Davinder’s Apple Watch
2024-02-24 13:16:01,160,160,160,Davinder’s Apple Watch
