Date/Time,Min (count/min),Max (count/min),Avg (count/min),Source
2024-03-25 18:50:02,108,108,108,Davinder’s Apple Watch
2024-03-25 18:50:07,109,109,109,Davinder’s Apple Watch
2024-03-25 18:50:15,114,114,114,Davinder’s Apple Watch
2024-03-25 18:50:52,130,130,130,Davinder’s Apple Watch
2024-03-25 18:50:53,131,131,131,Davinder’s Apple Watch
2024-03-25 18:51:02,135,135,135,Davinder’s Apple Watch
2024-03-25 18:51:07,142,142,142,Davinder’s Apple Watch
2024-03-25 18:51:08,143,143,143,Davinder’s Apple Watch
2024-03-25 18:51:16,146,146,146,Davinder’s Apple Watch
2024-03-25 18:51:19,147,147,147,Davinder’s Apple Watch
2024-03-25 18:51:23,147,147,147,Davinder’s Apple Watch
2024-03-25 18:51:31,150,150,150,Davinder’s Apple Watch
2024-03-25 18:51:37,151,151,151,Davinder’s Apple Watch
2024-03-25 18:51:38,152,152,152,Davinder’s Apple Watch
2024-03-25 18:51:44,154,154,154,Davinder’s Apple Watch
2024-03-25 18:51:49,154,154,154,Davinder’s Apple Watch
2024-03-25 18:51:57,156,156,156,Davinder’s Apple Watch
2024-03-25 18:52:02,157,157,157,Davinder’s Apple Watch
2024-03-25 18:52:03,157,157,157,Davinder’s Apple Watch
2024-03-25 18:52:11,157,157,157,Davinder’s Apple Watch
2024-03-25 18:52:13,157,157,157,Davinder’s Apple Watch
2024-03-25 18:52:18,158,158,158,Davinder’s Apple Watch
2024-03-25 18:52:27,158,158,158,Davinder’s Apple Watch
2024-03-25 18:52:29,158,158,158,Davinder’s Apple Watch
2024-03-25 18:52:36,159,159,159,Davinder’s Apple Watch
2024-03-25 18:52:38,159,159,159,Davinder’s Apple Watch
2024-03-25 18:52:47,160,160,160,Davinder’s Apple Watch
2024-03-25 18:52:49,160,160,160,Davinder’s Apple Watch
2024-03-25 18:52:53,160,160,160,Davinder’s Apple Watch
2024-03-25 18:52:59,160,160,160,Davinder’s Apple Watch
2024-03-25 18:53:06,160,160,160,Davinder’s Apple Watch
2024-03-25 18:53:10,162,162,162,Davinder’s Apple Watch
2024-03-25 18:53:17,162,162,162,Davinder’s Apple Watch
2024-03-25 18:53:21,164,164,164,Davinder’s Apple Watch
2024-03-25 18:53:24,163,163,163,Davinder’s Apple Watch
2024-03-25 18:53:30,163,163,163,Davinder’s Apple Watch
2024-03-25 18:53:35,163,163,163,Davinder’s Apple Watch
2024-03-25 18:53:42,163,163,163,Davinder’s Apple Watch
2024-03-25 18:53:47,162,162,162,Davinder’s Apple Watch
2024-03-25 18:53:48,161,161,161,Davinder’s Apple Watch
2024-03-25 18:53:53,162,162,162,Davinder’s Apple Watch
2024-03-25 18:53:58,161,161,161,Davinder’s Apple Watch
2024-03-25 18:54:03,162,162,162,Davinder’s Apple Watch
2024-03-25 18:54:08,162,162,162,Davinder’s Apple Watch
2024-03-25 18:54:13,163,163,163,Davinder’s Apple Watch
2024-03-25 18:54:22,162,162,162,Davinder’s Apple Watch
2024-03-25 18:54:27,163,163,163,Davinder’s Apple Watch
2024-03-25 18:54:32,163,163,163,Davinder’s Apple Watch
2024-03-25 18:54:35,163,163,163,Davinder’s Apple Watch
2024-03-25 18:54:40,163,163,163,Davinder’s Apple Watch
2024-03-25 18:54:43,163,163,163,Davinder’s Apple Watch
2024-03-25 18:54:52,162,162,162,Davinder’s Apple Watch
2024-03-25 18:54:57,162,162,162,Davinder’s Apple Watch
2024-03-25 18:54:59,162,162,162,Davinder’s Apple Watch
2024-03-25 18:55:03,161,161,161,Davinder’s Apple Watch
2024-03-25 18:55:12,160,160,160,Davinder’s Apple Watch
2024-03-25 18:55:16,159,159,159,Davinder’s Apple Watch
2024-03-25 18:55:18,159,159,159,Davinder’s Apple Watch
2024-03-25 18:55:26,160,160,160,Davinder’s Apple Watch
2024-03-25 18:55:30,160,160,160,Davinder’s Apple Watch
2024-03-25 18:55:37,160,160,160,Davinder’s Apple Watch
2024-03-25 18:55:39,161,161,161,Davinder’s Apple Watch
2024-03-25 18:55:47,161,161,161,Davinder’s Apple Watch
2024-03-25 18:55:50,161,161,161,Davinder’s Apple Watch
2024-03-25 18:55:56,162,162,162,Davinder’s Apple Watch
2024-03-25 18:55:59,163,163,163,Davinder’s Apple Watch
2024-03-25 18:56:07,163,163,163,Davinder’s Apple Watch
2024-03-25 18:56:10,164,164,164,Davinder’s Apple Watch
2024-03-25 18:56:15,164,164,164,Davinder’s Apple Watch
2024-03-25 18:56:18,164,164,164,Davinder’s Apple Watch
2024-03-25 18:56:27,164,164,164,Davinder’s Apple Watch
2024-03-25 18:56:28,164,164,164,Davinder’s Apple Watch
2024-03-25 18:56:33,163,163,163,Davinder’s Apple Watch
2024-03-25 18:56:42,165,165,165,Davinder’s Apple Watch
2024-03-25 18:56:47,165,165,165,Davinder’s Apple Watch
2024-03-25 18:56:50,165,165,165,Davinder’s Apple Watch
2024-03-25 18:56:57,164,164,164,Davinder’s Apple Watch
2024-03-25 18:56:58,164,164,164,Davinder’s Apple Watch
2024-03-25 18:57:04,165,165,165,Davinder’s Apple Watch
2024-03-25 18:57:09,165,165,165,Davinder’s Apple Watch
2024-03-25 18:57:17,166,166,166,Davinder’s Apple Watch
2024-03-25 18:57:22,166,166,166,Davinder’s Apple Watch
2024-03-25 18:57:26,167,167,167,Davinder’s Apple Watch
2024-03-25 18:57:31,168,168,168,Davinder’s Apple Watch
2024-03-25 18:57:34,167,167,167,Davinder’s Apple Watch
2024-03-25 18:57:38,167,167,167,Davinder’s Apple Watch
2024-03-25 18:57:47,166,166,166,Davinder’s Apple Watch
2024-03-25 18:57:52,166,166,166,Davinder’s Apple Watch
2024-03-25 18:57:56,167,167,167,Davinder’s Apple Watch
2024-03-25 18:57:59,168,168,168,Davinder’s Apple Watch
2024-03-25 18:58:04,166,166,166,Davinder’s Apple Watch
2024-03-25 18:58:09,166,166,166,Davinder’s Apple Watch
2024-03-25 18:58:13,166,166,166,Davinder’s Apple Watch
2024-03-25 18:58:18,166,166,166,Davinder’s Apple Watch
2024-03-25 18:58:27,166,166,166,Davinder’s Apple Watch
2024-03-25 18:58:31,166,166,166,Davinder’s Apple Watch
2024-03-25 18:58:37,166,166,166,Davinder’s Apple Watch
2024-03-25 18:58:42,166,166,166,Davinder’s Apple Watch
2024-03-25 18:58:45,166,166,166,Davinder’s Apple Watch
2024-03-25 18:58:49,166,166,166,Davinder’s Apple Watch
2024-03-25 18:58:55,168,168,168,Davinder’s Apple Watch
2024-03-25 18:58:58,168,168,168,Davinder’s Apple Watch
2024-03-25 18:59:07,169,169,169,Davinder’s Apple Watch
2024-03-25 18:59:12,170,170,170,Davinder’s Apple Watch
2024-03-25 18:59:17,171,171,171,Davinder’s Apple Watch
2024-03-25 18:59:18,170,170,170,Davinder’s Apple Watch
2024-03-25 18:59:28,169,169,169,Davinder’s Apple Watch
2024-03-25 18:59:33,170,170,170,Davinder’s Apple Watch
2024-03-25 18:59:36,169,169,169,Davinder’s Apple Watch
2024-03-25 18:59:43,170,170,170,Davinder’s Apple Watch
2024-03-25 18:59:44,171,171,171,Davinder’s Apple Watch
2024-03-25 18:59:52,171,171,171,Davinder’s Apple Watch
2024-03-25 18:59:55,170,170,170,Davinder’s Apple Watch
2024-03-25 19:00:00,170,170,170,Davinder’s Apple Watch
2024-03-25 19:00:04,170,170,170,Davinder’s Apple Watch
2024-03-25 19:00:10,171,171,171,Davinder’s Apple Watch
2024-03-25 19:00:18,168,168,168,Davinder’s Apple Watch
2024-03-25 19:00:21,168,168,168,Davinder’s Apple Watch
2024-03-25 19:00:27,168,168,168,Davinder’s Apple Watch
2024-03-25 19:00:33,166,166,166,Davinder’s Apple Watch
2024-03-25 19:00:34,166,166,166,Davinder’s Apple Watch
2024-03-25 19:00:42,165,165,165,Davinder’s Apple Watch
2024-03-25 19:00:48,164,164,164,Davinder’s Apple Watch
2024-03-25 19:00:49,164,164,164,Davinder’s Apple Watch
2024-03-25 19:00:58,164,164,164,Davinder’s Apple Watch
2024-03-25 19:01:02,166,166,166,Davinder’s Apple Watch
2024-03-25 19:01:08,167,167,167,Davinder’s Apple Watch
2024-03-25 19:01:09,167,167,167,Davinder’s Apple Watch
2024-03-25 19:01:18,166,166,166,Davinder’s Apple Watch
2024-03-25 19:01:22,166,166,166,Davinder’s Apple Watch
2024-03-25 19:01:24,167,167,167,Davinder’s Apple Watch
2024-03-25 19:01:32,166,166,166,Davinder’s Apple Watch
2024-03-25 19:01:38,166,166,166,Davinder’s Apple Watch
2024-03-25 19:01:39,165,165,165,Davinder’s Apple Watch
2024-03-25 19:01:44,164,164,164,Davinder’s Apple Watch
2024-03-25 19:01:52,163,163,163,Davinder’s Apple Watch
2024-03-25 19:01:58,161,161,161,Davinder’s Apple Watch
2024-03-25 19:02:03,162,162,162,Davinder’s Apple Watch
2024-03-25 19:02:04,161,161,161,Davinder’s Apple Watch
2024-03-25 19:02:12,162,162,162,Davinder’s Apple Watch
2024-03-25 19:02:18,163,163,163,Davinder’s Apple Watch
2024-03-25 19:02:23,163,163,163,Davinder’s Apple Watch
2024-03-25 19:02:27,162,162,162,Davinder’s Apple Watch
2024-03-25 19:02:30,161,161,161,Davinder’s Apple Watch
2024-03-25 19:02:39,160,160,160,Davinder’s Apple Watch
2024-03-25 19:02:40,160,160,160,Davinder’s Apple Watch
2024-03-25 19:02:49,161,161,161,Davinder’s Apple Watch
2024-03-25 19:02:51,161,161,161,Davinder’s Apple Watch
2024-03-25 19:02:55,161,161,161,Davinder’s Apple Watch
2024-03-25 19:03:01,161,161,161,Davinder’s Apple Watch
2024-03-25 19:03:07,161,161,161,Davinder’s Apple Watch
2024-03-25 19:03:13,159,159,159,Davinder’s Apple Watch
2024-03-25 19:03:19,159,159,159,Davinder’s Apple Watch
2024-03-25 19:03:20,160,160,160,Davinder’s Apple Watch
2024-03-25 19:03:28,160,160,160,Davinder’s Apple Watch
2024-03-25 19:03:34,160,160,160,Davinder’s Apple Watch
2024-03-25 19:03:35,160,160,160,Davinder’s Apple Watch
2024-03-25 19:03:43,158,158,158,Davinder’s Apple Watch
2024-03-25 19:03:45,158,158,158,Davinder’s Apple Watch
2024-03-25 19:03:54,154,154,154,Davinder’s Apple Watch
2024-03-25 19:03:57,154,154,154,Davinder’s Apple Watch
2024-03-25 19:04:00,155,155,155,Davinder’s Apple Watch
2024-03-25 19:04:06,155,155,155,Davinder’s Apple Watch
2024-03-25 19:04:24,157,157,157,Davinder’s Apple Watch
2024-03-25 19:04:29,156,156,156,Davinder’s Apple Watch
2024-03-25 19:04:33,156,156,156,Davinder’s Apple Watch
2024-03-25 19:04:36,156,156,156,Davinder’s Apple Watch
2024-03-25 19:04:40,156,156,156,Davinder’s Apple Watch
2024-03-25 19:04:49,157,157,157,Davinder’s Apple Watch
2024-03-25 19:04:50,157,157,157,Davinder’s Apple Watch
2024-03-25 19:04:55,155,155,155,Davinder’s Apple Watch
2024-03-25 19:05:04,154,154,154,Davinder’s Apple Watch
2024-03-25 19:05:08,154,154,154,Davinder’s Apple Watch
2024-03-25 19:05:13,154,154,154,Davinder’s Apple Watch
2024-03-25 19:05:15,155,155,155,Davinder’s Apple Watch
2024-03-25 19:05:24,160,160,160,Davinder’s Apple Watch
2024-03-25 19:05:29,161,161,161,Davinder’s Apple Watch
2024-03-25 19:05:34,159,159,159,Davinder’s Apple Watch
2024-03-25 19:05:35,160,160,160,Davinder’s Apple Watch
2024-03-25 19:05:40,158,158,158,Davinder’s Apple Watch
2024-03-25 19:05:49,156,156,156,Davinder’s Apple Watch
2024-03-25 19:05:54,156,156,156,Davinder’s Apple Watch
2024-03-25 19:05:57,156,156,156,Davinder’s Apple Watch
2024-03-25 19:06:00,156,156,156,Davinder’s Apple Watch
2024-03-25 19:06:06,155,155,155,Davinder’s Apple Watch
2024-03-25 19:06:10,154,154,154,Davinder’s Apple Watch
2024-03-25 19:06:15,153,153,153,Davinder’s Apple Watch
2024-03-25 19:06:20,154,154,154,Davinder’s Apple Watch
2024-03-25 19:06:29,155,155,155,Davinder’s Apple Watch
2024-03-25 19:06:34,156,156,156,Davinder’s Apple Watch
2024-03-25 19:06:39,156,156,156,Davinder’s Apple Watch
2024-03-25 19:06:40,156,156,156,Davinder’s Apple Watch
2024-03-25 19:06:48,151,151,151,Davinder’s Apple Watch
2024-03-25 19:06:52,152,152,152,Davinder’s Apple Watch
2024-03-25 19:06:58,151,151,151,Davinder’s Apple Watch
2024-03-25 19:07:04,151,151,151,Davinder’s Apple Watch
2024-03-25 19:07:09,153,153,153,Davinder’s Apple Watch
2024-03-25 19:07:11,153,153,153,Davinder’s Apple Watch
2024-03-25 19:07:17,154,154,154,Davinder’s Apple Watch
2024-03-25 19:07:20,153,153,153,Davinder’s Apple Watch
2024-03-25 19:07:29,153,153,153,Davinder’s Apple Watch
2024-03-25 19:07:34,152,152,152,Davinder’s Apple Watch
2024-03-25 19:07:35,153,153,153,Davinder’s Apple Watch
2024-03-25 19:07:40,153,153,153,Davinder’s Apple Watch
2024-03-25 19:07:45,154,154,154,Davinder’s Apple Watch
2024-03-25 19:07:53,152,152,152,Davinder’s Apple Watch
2024-03-25 19:07:59,154,154,154,Davinder’s Apple Watch
2024-03-25 19:08:01,154,154,154,Davinder’s Apple Watch
2024-03-25 19:08:08,154,154,154,Davinder’s Apple Watch
2024-03-25 19:08:12,154,154,154,Davinder’s Apple Watch
2024-03-25 19:08:15,155,155,155,Davinder’s Apple Watch
2024-03-25 19:08:24,153,153,153,Davinder’s Apple Watch
2024-03-25 19:08:25,154,154,154,Davinder’s Apple Watch
2024-03-25 19:08:34,158,158,158,Davinder’s Apple Watch
2024-03-25 19:08:35,158,158,158,Davinder’s Apple Watch
2024-03-25 19:08:40,159,159,159,Davinder’s Apple Watch
2024-03-25 19:08:49,161,161,161,Davinder’s Apple Watch
2024-03-25 19:08:53,160,160,160,Davinder’s Apple Watch
2024-03-25 19:08:56,160,160,160,Davinder’s Apple Watch
2024-03-25 19:09:00,161,161,161,Davinder’s Apple Watch
2024-03-25 19:09:06,160,160,160,Davinder’s Apple Watch
2024-03-25 19:09:11,161,161,161,Davinder’s Apple Watch
2024-03-25 19:09:16,160,160,160,Davinder’s Apple Watch
2024-03-25 19:09:22,157,157,157,Davinder’s Apple Watch
2024-03-25 19:09:27,154,154,154,Davinder’s Apple Watch
2024-03-25 19:09:33,153,153,153,Davinder’s Apple Watch
2024-03-25 19:09:39,155,155,155,Davinder’s Apple Watch
2024-03-25 19:09:41,155,155,155,Davinder’s Apple Watch
2024-03-25 19:09:46,158,158,158,Davinder’s Apple Watch
2024-03-25 19:09:55,158,158,158,Davinder’s Apple Watch
2024-03-25 19:10:00,158,158,158,Davinder’s Apple Watch
2024-03-25 19:10:02,157,157,157,Davinder’s Apple Watch
2024-03-25 19:10:10,156,156,156,Davinder’s Apple Watch
2024-03-25 19:10:14,157,157,157,Davinder’s Apple Watch
2024-03-25 19:10:20,156,156,156,Davinder’s Apple Watch
2024-03-25 19:10:21,156,156,156,Davinder’s Apple Watch
2024-03-25 19:10:30,154,154,154,Davinder’s Apple Watch
2024-03-25 19:10:33,154,154,154,Davinder’s Apple Watch
2024-03-25 19:10:40,153,153,153,Davinder’s Apple Watch
2024-03-25 19:10:41,154,154,154,Davinder’s Apple Watch
2024-03-25 19:10:49,155,155,155,Davinder’s Apple Watch
2024-03-25 19:10:54,154,154,154,Davinder’s Apple Watch
2024-03-25 19:10:58,151,151,151,Davinder’s Apple Watch
2024-03-25 19:11:04,151,151,151,Davinder’s Apple Watch
2024-03-25 19:11:06,150,150,150,Davinder’s Apple Watch
2024-03-25 19:11:14,154,154,154,Davinder’s Apple Watch
2024-03-25 19:11:20,152,152,152,Davinder’s Apple Watch
2024-03-25 19:11:25,152,152,152,Davinder’s Apple Watch
2024-03-25 19:11:29,153,153,153,Davinder’s Apple Watch
2024-03-25 19:11:33,154,154,154,Davinder’s Apple Watch
2024-03-25 19:11:37,155,155,155,Davinder’s Apple Watch
2024-03-25 19:11:45,158,158,158,Davinder’s Apple Watch
2024-03-25 19:11:46,158,158,158,Davinder’s Apple Watch
2024-03-25 19:11:55,161,161,161,Davinder’s Apple Watch
2024-03-25 19:11:59,162,162,162,Davinder’s Apple Watch
2024-03-25 19:12:04,163,163,163,Davinder’s Apple Watch
2024-03-25 19:12:08,164,164,164,Davinder’s Apple Watch
2024-03-25 19:12:14,163,163,163,Davinder’s Apple Watch
2024-03-25 19:12:19,161,161,161,Davinder’s Apple Watch
2024-03-25 19:12:25,159,159,159,Davinder’s Apple Watch
2024-03-25 19:12:27,159,159,159,Davinder’s Apple Watch
2024-03-25 19:12:35,161,161,161,Davinder’s Apple Watch
2024-03-25 19:12:40,162,162,162,Davinder’s Apple Watch
2024-03-25 19:12:43,162,162,162,Davinder’s Apple Watch
2024-03-25 19:12:46,164,164,164,Davinder’s Apple Watch
2024-03-25 19:12:51,164,164,164,Davinder’s Apple Watch
2024-03-25 19:12:56,165,165,165,Davinder’s Apple Watch
2024-03-25 19:13:04,163,163,163,Davinder’s Apple Watch
2024-03-25 19:13:10,161,161,161,Davinder’s Apple Watch
2024-03-25 19:13:15,161,161,161,Davinder’s Apple Watch
2024-03-25 19:13:17,161,161,161,Davinder’s Apple Watch
2024-03-25 19:13:23,159,159,159,Davinder’s Apple Watch
2024-03-25 19:13:30,155,155,155,Davinder’s Apple Watch
2024-03-25 19:13:35,153,153,153,Davinder’s Apple Watch
2024-03-25 19:13:40,152,152,152,Davinder’s Apple Watch
2024-03-25 19:13:41,151,151,151,Davinder’s Apple Watch
2024-03-25 19:13:49,153,153,153,Davinder’s Apple Watch
2024-03-25 19:14:04,151,151,151,Davinder’s Apple Watch
2024-03-25 19:14:07,151,151,151,Davinder’s Apple Watch
2024-03-25 19:14:16,151,151,151,Davinder’s Apple Watch
2024-03-25 19:14:21,152,152,152,Davinder’s Apple Watch
2024-03-25 19:14:26,154,154,154,Davinder’s Apple Watch
2024-03-25 19:14:27,154,154,154,Davinder’s Apple Watch
2024-03-25 19:14:32,155,155,155,Davinder’s Apple Watch
2024-03-25 19:14:41,154,154,154,Davinder’s Apple Watch
2024-03-25 19:14:43,154,154,154,Davinder’s Apple Watch
2024-03-25 19:14:50,152,152,152,Davinder’s Apple Watch
2024-03-25 19:14:56,152,152,152,Davinder’s Apple Watch
2024-03-25 19:15:01,151,151,151,Davinder’s Apple Watch
2024-03-25 19:15:02,152,152,152,Davinder’s Apple Watch
2024-03-25 19:15:09,151,151,151,Davinder’s Apple Watch
2024-03-25 19:15:15,151,151,151,Davinder’s Apple Watch
2024-03-25 19:15:20,150,150,150,Davinder’s Apple Watch
2024-03-25 19:15:26,149,149,149,Davinder’s Apple Watch
2024-03-25 19:15:29,149,149,149,Davinder’s Apple Watch
2024-03-25 19:15:33,150,150,150,Davinder’s Apple Watch
2024-03-25 19:15:41,153,153,153,Davinder’s Apple Watch
2024-03-25 19:15:42,152,152,152,Davinder’s Apple Watch
2024-03-25 19:15:48,150,150,150,Davinder’s Apple Watch
2024-03-25 19:15:53,151,151,151,Davinder’s Apple Watch
2024-03-25 19:16:00,151,151,151,Davinder’s Apple Watch
2024-03-25 19:16:02,151,151,151,Davinder’s Apple Watch
2024-03-25 19:16:09,149,149,149,Davinder’s Apple Watch
2024-03-25 19:16:14,146,146,146,Davinder’s Apple Watch
2024-03-25 19:16:18,146,146,146,Davinder’s Apple Watch
2024-03-25 19:16:22,147,147,147,Davinder’s Apple Watch
2024-03-25 19:16:31,147,147,147,Davinder’s Apple Watch
2024-03-25 19:16:32,146,146,146,Davinder’s Apple Watch
2024-03-25 19:16:41,150,150,150,Davinder’s Apple Watch
2024-03-25 19:16:46,149,149,149,Davinder’s Apple Watch
2024-03-25 19:16:47,148,148,148,Davinder’s Apple Watch
2024-03-25 19:16:52,147,147,147,Davinder’s Apple Watch
2024-03-25 19:17:01,147,147,147,Davinder’s Apple Watch
2024-03-25 19:17:06,147,147,147,Davinder’s Apple Watch
2024-03-25 19:17:09,146,146,146,Davinder’s Apple Watch
2024-03-25 19:17:12,146,146,146,Davinder’s Apple Watch
2024-03-25 19:17:19,146,146,146,Davinder’s Apple Watch
2024-03-25 19:17:26,148,148,148,Davinder’s Apple Watch
2024-03-25 19:17:31,147,147,147,Davinder’s Apple Watch
2024-03-25 19:17:34,148,148,148,Davinder’s Apple Watch
2024-03-25 19:17:40,149,149,149,Davinder’s Apple Watch
2024-03-25 19:17:45,149,149,149,Davinder’s Apple Watch
2024-03-25 19:17:48,148,148,148,Davinder’s Apple Watch
2024-03-25 19:17:54,145,145,145,Davinder’s Apple Watch
2024-03-25 19:17:58,145,145,145,Davinder’s Apple Watch
2024-03-25 19:18:06,148,148,148,Davinder’s Apple Watch
2024-03-25 19:18:10,148,148,148,Davinder’s Apple Watch
2024-03-25 19:18:16,148,148,148,Davinder’s Apple Watch
2024-03-25 19:18:18,148,148,148,Davinder’s Apple Watch
2024-03-25 19:18:22,150,150,150,Davinder’s Apple Watch
2024-03-25 19:18:30,149,149,149,Davinder’s Apple Watch
2024-03-25 19:18:35,148,148,148,Davinder’s Apple Watch
2024-03-25 19:18:37,147,147,147,Davinder’s Apple Watch
2024-03-25 19:18:43,149,149,149,Davinder’s Apple Watch
2024-03-25 19:18:50,149,149,149,Davinder’s Apple Watch
2024-03-25 19:18:52,149,149,149,Davinder’s Apple Watch
2024-03-25 19:19:00,149,149,149,Davinder’s Apple Watch
2024-03-25 19:19:02,149,149,149,Davinder’s Apple Watch
2024-03-25 19:19:10,151,151,151,Davinder’s Apple Watch
2024-03-25 19:19:16,151,151,151,Davinder’s Apple Watch
2024-03-25 19:19:21,152,152,152,Davinder’s Apple Watch
2024-03-25 19:19:23,153,153,153,Davinder’s Apple Watch
2024-03-25 19:19:31,153,153,153,Davinder’s Apple Watch
2024-03-25 19:19:32,153,153,153,Davinder’s Apple Watch
2024-03-25 19:19:40,149,149,149,Davinder’s Apple Watch
2024-03-25 19:19:42,149,149,149,Davinder’s Apple Watch
2024-03-25 19:19:47,149,149,149,Davinder’s Apple Watch
2024-03-25 19:19:53,148,148,148,Davinder’s Apple Watch
2024-03-25 19:19:57,147,147,147,Davinder’s Apple Watch
2024-03-25 19:20:03,148,148,148,Davinder’s Apple Watch
