Date/Time,Min (count/min),Max (count/min),Avg (count/min),Source
2024-02-03 12:09:39,157,157,157,Davinder’s Apple Watch
2024-02-03 12:09:41,157,157,157,Davinder’s Apple Watch
2024-02-03 12:10:04,163,163,163,Davinder’s Apple Watch
2024-02-03 12:10:08,164,164,164,Davinder’s Apple Watch
2024-02-03 12:10:14,163,163,163,Davinder’s Apple Watch
2024-02-03 12:10:17,164,164,164,Davinder’s Apple Watch
2024-02-03 12:10:22,165,165,165,Davinder’s Apple Watch
2024-02-03 12:10:34,166,166,166,Davinder’s Apple Watch
2024-02-03 12:10:36,167,167,167,Davinder’s Apple Watch
2024-02-03 12:10:44,168,168,168,Davinder’s Apple Watch
2024-02-03 12:10:49,173,173,173,Davinder’s Apple Watch
2024-02-03 12:10:50,172,172,172,Davinder’s Apple Watch
2024-02-03 12:10:59,170,170,170,Davinder’s Apple Watch
2024-02-03 12:11:00,169,169,169,Davinder’s Apple Watch
2024-02-03 12:11:09,172,172,172,Davinder’s Apple Watch
2024-02-03 12:11:10,172,172,172,Davinder’s Apple Watch
2024-02-03 12:11:19,171,171,171,Davinder’s Apple Watch
2024-02-03 12:11:24,174,174,174,Davinder’s Apple Watch
2024-02-03 12:11:40,173,173,173,Davinder’s Apple Watch
2024-02-03 12:11:49,173,173,173,Davinder’s Apple Watch
2024-02-03 12:11:53,173,173,173,Davinder’s Apple Watch
2024-02-03 12:11:55,173,173,173,Davinder’s Apple Watch
2024-02-03 12:12:00,172,172,172,Davinder’s Apple Watch
2024-02-03 12:12:07,173,173,173,Davinder’s Apple Watch
2024-02-03 12:12:10,174,174,174,Davinder’s Apple Watch
2024-02-03 12:12:16,174,174,174,Davinder’s Apple Watch
2024-02-03 12:12:21,174,174,174,Davinder’s Apple Watch
2024-02-03 12:12:29,175,175,175,Davinder’s Apple Watch
2024-02-03 12:12:34,175,175,175,Davinder’s Apple Watch
2024-02-03 12:13:06,178,178,178,Davinder’s Apple Watch
2024-02-03 12:13:10,178,178,178,Davinder’s Apple Watch
2024-02-03 12:13:24,179,179,179,Davinder’s Apple Watch
2024-02-03 12:13:26,180,180,180,Davinder’s Apple Watch
2024-02-03 12:13:48,180,180,180,Davinder’s Apple Watch
2024-02-03 12:13:57,179,179,179,Davinder’s Apple Watch
2024-02-03 12:14:00,179,179,179,Davinder’s Apple Watch
2024-02-03 12:14:24,179,179,179,Davinder’s Apple Watch
2024-02-03 12:14:41,179,179,179,Davinder’s Apple Watch
2024-02-03 12:14:48,179,179,179,Davinder’s Apple Watch
2024-02-03 12:15:01,179,179,179,Davinder’s Apple Watch
2024-02-03 12:15:08,181,181,181,Davinder’s Apple Watch
2024-02-03 12:15:14,181,181,181,Davinder’s Apple Watch
2024-02-03 12:15:15,181,181,181,Davinder’s Apple Watch
2024-02-03 12:15:24,179,179,179,Davinder’s Apple Watch
2024-02-03 12:15:25,179,179,179,Davinder’s Apple Watch
2024-02-03 12:15:33,178,178,178,Davinder’s Apple Watch
2024-02-03 12:15:36,177,177,177,Davinder’s Apple Watch
2024-02-03 12:15:42,175,175,175,Davinder’s Apple Watch
2024-02-03 12:16:14,175,175,175,Davinder’s Apple Watch
2024-02-03 12:16:19,176,176,176,Davinder’s Apple Watch
2024-02-03 12:16:22,176,176,176,Davinder’s Apple Watch
2024-02-03 12:16:25,175,175,175,Davinder’s Apple Watch
2024-02-03 12:16:32,174,174,174,Davinder’s Apple Watch
2024-02-03 12:16:38,173,173,173,Davinder’s Apple Watch
2024-02-03 12:16:44,174,174,174,Davinder’s Apple Watch
2024-02-03 12:16:49,176,176,176,Davinder’s Apple Watch
2024-02-03 12:16:51,176,176,176,Davinder’s Apple Watch
2024-02-03 12:16:55,175,175,175,Davinder’s Apple Watch
2024-02-03 12:17:10,173,173,173,Davinder’s Apple Watch
2024-02-03 12:17:18,170,170,170,Davinder’s Apple Watch
2024-02-03 12:17:24,169,169,169,Davinder’s Apple Watch
2024-02-03 12:17:25,168,168,168,Davinder’s Apple Watch
2024-02-03 12:17:34,168,168,168,Davinder’s Apple Watch
2024-02-03 12:17:39,168,168,168,Davinder’s Apple Watch
2024-02-03 12:17:42,167,167,167,Davinder’s Apple Watch
2024-02-03 12:17:49,167,167,167,Davinder’s Apple Watch
2024-02-03 12:17:50,167,167,167,Davinder’s Apple Watch
2024-02-03 12:17:55,169,169,169,Davinder’s Apple Watch
2024-02-03 12:18:04,170,170,170,Davinder’s Apple Watch
2024-02-03 12:18:05,170,170,170,Davinder’s Apple Watch
2024-02-03 12:18:14,169,169,169,Davinder’s Apple Watch
2024-02-03 12:18:15,170,170,170,Davinder’s Apple Watch
2024-02-03 12:18:34,169,169,169,Davinder’s Apple Watch
2024-02-03 12:18:39,170,170,170,Davinder’s Apple Watch
2024-02-03 12:18:40,171,171,171,Davinder’s Apple Watch
2024-02-03 12:18:45,172,172,172,Davinder’s Apple Watch
2024-02-03 12:18:53,170,170,170,Davinder’s Apple Watch
2024-02-03 12:18:59,174,174,174,Davinder’s Apple Watch
2024-02-03 12:19:04,176,176,176,Davinder’s Apple Watch
2024-02-03 12:19:05,175,175,175,Davinder’s Apple Watch
2024-02-03 12:19:14,175,175,175,Davinder’s Apple Watch
2024-02-03 12:19:16,175,175,175,Davinder’s Apple Watch
2024-02-03 12:19:21,176,176,176,Davinder’s Apple Watch
2024-02-03 12:19:26,175,175,175,Davinder’s Apple Watch
2024-02-03 12:19:30,175,175,175,Davinder’s Apple Watch
2024-02-03 12:19:39,174,174,174,Davinder’s Apple Watch
2024-02-03 12:19:41,174,174,174,Davinder’s Apple Watch
2024-02-03 12:19:45,173,173,173,Davinder’s Apple Watch
2024-02-03 12:19:52,173,173,173,Davinder’s Apple Watch
2024-02-03 12:19:58,172,172,172,Davinder’s Apple Watch
2024-02-03 12:20:00,171,171,171,Davinder’s Apple Watch
2024-02-03 12:20:07,170,170,170,Davinder’s Apple Watch
2024-02-03 12:20:10,170,170,170,Davinder’s Apple Watch
2024-02-03 12:20:27,171,171,171,Davinder’s Apple Watch
2024-02-03 12:20:32,169,169,169,Davinder’s Apple Watch
2024-02-03 12:20:36,167,167,167,Davinder’s Apple Watch
2024-02-03 12:20:41,167,167,167,Davinder’s Apple Watch
2024-02-03 12:20:49,169,169,169,Davinder’s Apple Watch
2024-02-03 12:20:54,168,168,168,Davinder’s Apple Watch
2024-02-03 12:20:59,168,168,168,Davinder’s Apple Watch
2024-02-03 12:21:02,169,169,169,Davinder’s Apple Watch
2024-02-03 12:21:06,169,169,169,Davinder’s Apple Watch
2024-02-03 12:21:10,169,169,169,Davinder’s Apple Watch
2024-02-03 12:21:15,168,168,168,Davinder’s Apple Watch
2024-02-03 12:21:20,169,169,169,Davinder’s Apple Watch
2024-02-03 12:21:28,170,170,170,Davinder’s Apple Watch
2024-02-03 12:21:34,173,173,173,Davinder’s Apple Watch
2024-02-03 12:21:36,172,172,172,Davinder’s Apple Watch
2024-02-03 12:21:44,173,173,173,Davinder’s Apple Watch
2024-02-03 12:21:45,174,174,174,Davinder’s Apple Watch
2024-02-03 12:21:50,174,174,174,Davinder’s Apple Watch
2024-02-03 12:21:56,174,174,174,Davinder’s Apple Watch
2024-02-03 12:22:04,174,174,174,Davinder’s Apple Watch
2024-02-03 12:22:08,173,173,173,Davinder’s Apple Watch
2024-02-03 12:22:13,172,172,172,Davinder’s Apple Watch
2024-02-03 12:22:18,172,172,172,Davinder’s Apple Watch
2024-02-03 12:22:21,172,172,172,Davinder’s Apple Watch
2024-02-03 12:22:25,172,172,172,Davinder’s Apple Watch
2024-02-03 12:22:31,172,172,172,Davinder’s Apple Watch
2024-02-03 12:22:35,170,170,170,Davinder’s Apple Watch
2024-02-03 12:22:43,171,171,171,Davinder’s Apple Watch
2024-02-03 12:22:45,170,170,170,Davinder’s Apple Watch
2024-02-03 12:22:51,170,170,170,Davinder’s Apple Watch
2024-02-03 12:22:55,170,170,170,Davinder’s Apple Watch
2024-02-03 12:23:04,169,169,169,Davinder’s Apple Watch
2024-02-03 12:23:09,168,168,168,Davinder’s Apple Watch
2024-02-03 12:23:13,167,167,167,Davinder’s Apple Watch
2024-02-03 12:23:19,167,167,167,Davinder’s Apple Watch
2024-02-03 12:23:21,168,168,168,Davinder’s Apple Watch
2024-02-03 12:23:26,168,168,168,Davinder’s Apple Watch
2024-02-03 12:23:34,167,167,167,Davinder’s Apple Watch
2024-02-03 12:23:35,167,167,167,Davinder’s Apple Watch
2024-02-03 12:23:41,164,164,164,Davinder’s Apple Watch
2024-02-03 12:23:49,164,164,164,Davinder’s Apple Watch
2024-02-03 12:23:52,166,166,166,Davinder’s Apple Watch
2024-02-03 12:23:55,166,166,166,Davinder’s Apple Watch
2024-02-03 12:24:04,166,166,166,Davinder’s Apple Watch
2024-02-03 12:24:06,166,166,166,Davinder’s Apple Watch
2024-02-03 12:24:13,164,164,164,Davinder’s Apple Watch
2024-02-03 12:24:17,165,165,165,Davinder’s Apple Watch
2024-02-03 12:24:21,165,165,165,Davinder’s Apple Watch
2024-02-03 12:24:27,162,162,162,Davinder’s Apple Watch
2024-02-03 12:24:30,163,163,163,Davinder’s Apple Watch
2024-02-03 12:24:36,159,159,159,Davinder’s Apple Watch
2024-02-03 12:24:44,157,157,157,Davinder’s Apple Watch
2024-02-03 12:24:48,156,156,156,Davinder’s Apple Watch
2024-02-03 12:24:50,156,156,156,Davinder’s Apple Watch
2024-02-03 12:24:59,154,154,154,Davinder’s Apple Watch
2024-02-03 12:25:02,151,151,151,Davinder’s Apple Watch
2024-02-03 12:25:05,149,149,149,Davinder’s Apple Watch
2024-02-03 12:25:23,154,154,154,Davinder’s Apple Watch
2024-02-03 12:25:35,153,153,153,Davinder’s Apple Watch
2024-02-03 12:25:44,153,153,153,Davinder’s Apple Watch
2024-02-03 12:25:45,152,152,152,Davinder’s Apple Watch
2024-02-03 12:25:54,152,152,152,Davinder’s Apple Watch
2024-02-03 12:25:58,152,152,152,Davinder’s Apple Watch
2024-02-03 12:26:04,152,152,152,Davinder’s Apple Watch
2024-02-03 12:26:13,153,153,153,Davinder’s Apple Watch
2024-02-03 12:26:15,154,154,154,Davinder’s Apple Watch
2024-02-03 12:26:23,155,155,155,Davinder’s Apple Watch
2024-02-03 12:26:25,155,155,155,Davinder’s Apple Watch
2024-02-03 12:26:30,154,154,154,Davinder’s Apple Watch
2024-02-03 12:26:40,152,152,152,Davinder’s Apple Watch
2024-02-03 12:26:46,153,153,153,Davinder’s Apple Watch
2024-02-03 12:26:53,156,156,156,Davinder’s Apple Watch
2024-02-03 12:26:55,154,154,154,Davinder’s Apple Watch
2024-02-03 12:27:04,155,155,155,Davinder’s Apple Watch
2024-02-03 12:27:09,157,157,157,Davinder’s Apple Watch
2024-02-03 12:27:14,156,156,156,Davinder’s Apple Watch
2024-02-03 12:27:17,156,156,156,Davinder’s Apple Watch
2024-02-03 12:27:21,157,157,157,Davinder’s Apple Watch
2024-02-03 12:27:29,159,159,159,Davinder’s Apple Watch
2024-02-03 12:27:30,158,158,158,Davinder’s Apple Watch
2024-02-03 12:27:35,159,159,159,Davinder’s Apple Watch
2024-02-03 12:27:43,159,159,159,Davinder’s Apple Watch
2024-02-03 12:27:48,159,159,159,Davinder’s Apple Watch
2024-02-03 12:27:55,160,160,160,Davinder’s Apple Watch
2024-02-03 12:28:04,161,161,161,Davinder’s Apple Watch
2024-02-03 12:28:05,161,161,161,Davinder’s Apple Watch
2024-02-03 12:28:27,162,162,162,Davinder’s Apple Watch
2024-02-03 12:28:44,160,160,160,Davinder’s Apple Watch
2024-02-03 12:28:48,160,160,160,Davinder’s Apple Watch
2024-02-03 12:28:50,161,161,161,Davinder’s Apple Watch
2024-02-03 12:28:59,163,163,163,Davinder’s Apple Watch
2024-02-03 12:29:03,163,163,163,Davinder’s Apple Watch
2024-02-03 12:29:07,162,162,162,Davinder’s Apple Watch
2024-02-03 12:29:11,162,162,162,Davinder’s Apple Watch
2024-02-03 12:29:19,159,159,159,Davinder’s Apple Watch
2024-02-03 12:29:24,158,158,158,Davinder’s Apple Watch
2024-02-03 12:29:35,155,155,155,Davinder’s Apple Watch
2024-02-03 12:29:44,152,152,152,Davinder’s Apple Watch
2024-02-03 12:29:45,151,151,151,Davinder’s Apple Watch
2024-02-03 12:29:52,152,152,152,Davinder’s Apple Watch
2024-02-03 12:30:08,150,150,150,Davinder’s Apple Watch
2024-02-03 12:30:11,149,149,149,Davinder’s Apple Watch
2024-02-03 12:30:15,150,150,150,Davinder’s Apple Watch
2024-02-03 12:30:23,152,152,152,Davinder’s Apple Watch
2024-02-03 12:30:29,152,152,152,Davinder’s Apple Watch
2024-02-03 12:30:32,151,151,151,Davinder’s Apple Watch
2024-02-03 12:30:35,149,149,149,Davinder’s Apple Watch
2024-02-03 12:30:41,150,150,150,Davinder’s Apple Watch
2024-02-03 12:30:45,151,151,151,Davinder’s Apple Watch
2024-02-03 12:30:54,151,151,151,Davinder’s Apple Watch
2024-02-03 12:30:57,153,153,153,Davinder’s Apple Watch
2024-02-03 12:31:00,151,151,151,Davinder’s Apple Watch
2024-02-03 12:31:05,150,150,150,Davinder’s Apple Watch
2024-02-03 12:31:13,150,150,150,Davinder’s Apple Watch
2024-02-03 12:31:16,153,153,153,Davinder’s Apple Watch
2024-02-03 12:31:20,153,153,153,Davinder’s Apple Watch
2024-02-03 12:31:25,153,153,153,Davinder’s Apple Watch
2024-02-03 12:31:34,157,157,157,Davinder’s Apple Watch
2024-02-03 12:31:35,157,157,157,Davinder’s Apple Watch
2024-02-03 12:31:43,162,162,162,Davinder’s Apple Watch
2024-02-03 12:31:47,160,160,160,Davinder’s Apple Watch
2024-02-03 12:31:53,160,160,160,Davinder’s Apple Watch
2024-02-03 12:31:58,161,161,161,Davinder’s Apple Watch
2024-02-03 12:32:04,161,161,161,Davinder’s Apple Watch
2024-02-03 12:32:07,160,160,160,Davinder’s Apple Watch
2024-02-03 12:32:24,160,160,160,Davinder’s Apple Watch
2024-02-03 12:32:25,160,160,160,Davinder’s Apple Watch
2024-02-03 12:32:34,159,159,159,Davinder’s Apple Watch
2024-02-03 12:32:39,158,158,158,Davinder’s Apple Watch
2024-02-03 12:32:40,159,159,159,Davinder’s Apple Watch
2024-02-03 12:32:45,158,158,158,Davinder’s Apple Watch
2024-02-03 12:32:51,158,158,158,Davinder’s Apple Watch
2024-02-03 12:32:57,157,157,157,Davinder’s Apple Watch
2024-02-03 12:33:01,159,159,159,Davinder’s Apple Watch
2024-02-03 12:33:09,155,155,155,Davinder’s Apple Watch
2024-02-03 12:33:13,155,155,155,Davinder’s Apple Watch
2024-02-03 12:33:16,155,155,155,Davinder’s Apple Watch
2024-02-03 12:33:22,154,154,154,Davinder’s Apple Watch
2024-02-03 12:33:26,155,155,155,Davinder’s Apple Watch
2024-02-03 12:33:34,156,156,156,Davinder’s Apple Watch
2024-02-03 12:33:35,157,157,157,Davinder’s Apple Watch
2024-02-03 12:33:53,156,156,156,Davinder’s Apple Watch
2024-02-03 12:33:55,156,156,156,Davinder’s Apple Watch
2024-02-03 12:34:00,157,157,157,Davinder’s Apple Watch
2024-02-03 12:34:07,156,156,156,Davinder’s Apple Watch
