,Date/Time,Min (count/min),Max (count/min),Avg (count/min),Source,Track Description
0,2024-02-29 19:15:08,97,97,97,Davinder’s Apple Watch,Mr. Oizo - WC
1,2024-02-29 19:15:11,99,99,99,Davinder’s Apple Watch,Mr. Oizo - WC
2,2024-02-29 19:15:16,104,104,104,Davinder’s Apple Watch,Mr. Oizo - WC
3,2024-02-29 19:18:40,161,161,161,Davinder’s Apple Watch,System Of A Down - Know
4,2024-02-29 19:18:45,160,160,160,Davinder’s Apple Watch,System Of A Down - Know
5,2024-02-29 19:18:48,170,170,170,Davinder’s Apple Watch,System Of A Down - Know
6,2024-02-29 19:18:55,170,170,170,Davinder’s Apple Watch,System Of A Down - Know
7,2024-02-29 19:18:58,170,170,170,Davinder’s Apple Watch,The Dillinger Escape Plan - 43% Burnt
8,2024-02-29 19:19:03,170,170,170,Davinder’s Apple Watch,The Dillinger Escape Plan - 43% Burnt
9,2024-02-29 19:19:10,170,170,170,Davinder’s Apple Watch,The Dillinger Escape Plan - 43% Burnt
10,2024-02-29 19:19:13,170,170,170,Davinder’s Apple Watch,The Dillinger Escape Plan - 43% Burnt
11,2024-02-29 19:19:18,171,171,171,Davinder’s Apple Watch,The Dillinger Escape Plan - 43% Burnt
12,2024-02-29 19:19:24,171,171,171,Davinder’s Apple Watch,The Dillinger Escape Plan - 43% Burnt
13,2024-02-29 19:19:29,171,171,171,Davinder’s Apple Watch,The Dillinger Escape Plan - 43% Burnt
14,2024-02-29 19:19:31,171,171,171,Davinder’s Apple Watch,The Dillinger Escape Plan - 43% Burnt
15,2024-02-29 19:19:40,171,171,171,Davinder’s Apple Watch,The Dillinger Escape Plan - 43% Burnt
16,2024-02-29 19:19:45,172,172,172,Davinder’s Apple Watch,The Dillinger Escape Plan - 43% Burnt
17,2024-02-29 19:19:50,173,173,173,Davinder’s Apple Watch,The Dillinger Escape Plan - 43% Burnt
18,2024-02-29 19:19:53,173,173,173,Davinder’s Apple Watch,The Dillinger Escape Plan - 43% Burnt
19,2024-02-29 19:19:56,174,174,174,Davinder’s Apple Watch,The Dillinger Escape Plan - 43% Burnt
20,2024-02-29 19:20:03,173,173,173,Davinder’s Apple Watch,The Dillinger Escape Plan - 43% Burnt
21,2024-02-29 19:20:09,173,173,173,Davinder’s Apple Watch,The Dillinger Escape Plan - 43% Burnt
22,2024-02-29 19:20:15,170,170,170,Davinder’s Apple Watch,The Dillinger Escape Plan - 43% Burnt
23,2024-02-29 19:20:17,169,169,169,Davinder’s Apple Watch,The Dillinger Escape Plan - 43% Burnt
24,2024-02-29 19:20:23,170,170,170,Davinder’s Apple Watch,The Dillinger Escape Plan - 43% Burnt
25,2024-02-29 19:20:30,170,170,170,Davinder’s Apple Watch,The Dillinger Escape Plan - 43% Burnt
26,2024-02-29 19:20:35,170,170,170,Davinder’s Apple Watch,The Dillinger Escape Plan - 43% Burnt
27,2024-02-29 19:20:39,170,170,170,Davinder’s Apple Watch,The Dillinger Escape Plan - 43% Burnt
28,2024-02-29 19:20:45,169,169,169,Davinder’s Apple Watch,The Dillinger Escape Plan - 43% Burnt
29,2024-02-29 19:20:46,169,169,169,Davinder’s Apple Watch,The Dillinger Escape Plan - 43% Burnt
30,2024-02-29 19:20:51,170,170,170,Davinder’s Apple Watch,The Dillinger Escape Plan - 43% Burnt
31,2024-02-29 19:21:00,171,171,171,Davinder’s Apple Watch,The Dillinger Escape Plan - 43% Burnt
32,2024-02-29 19:21:04,170,170,170,Davinder’s Apple Watch,The Dillinger Escape Plan - 43% Burnt
33,2024-02-29 19:21:06,170,170,170,Davinder’s Apple Watch,The Dillinger Escape Plan - 43% Burnt
34,2024-02-29 19:21:15,169,169,169,Davinder’s Apple Watch,The Dillinger Escape Plan - 43% Burnt
35,2024-02-29 19:21:20,168,168,168,Davinder’s Apple Watch,The Dillinger Escape Plan - 43% Burnt
36,2024-02-29 19:21:21,168,168,168,Davinder’s Apple Watch,The Dillinger Escape Plan - 43% Burnt
37,2024-02-29 19:21:30,169,169,169,Davinder’s Apple Watch,The Dillinger Escape Plan - 43% Burnt
38,2024-02-29 19:21:31,170,170,170,Davinder’s Apple Watch,The Dillinger Escape Plan - 43% Burnt
39,2024-02-29 19:21:40,172,172,172,Davinder’s Apple Watch,The Dillinger Escape Plan - 43% Burnt
40,2024-02-29 19:21:45,172,172,172,Davinder’s Apple Watch,The Dillinger Escape Plan - 43% Burnt
41,2024-02-29 19:21:47,171,171,171,Davinder’s Apple Watch,The Dillinger Escape Plan - 43% Burnt
42,2024-02-29 19:21:54,170,170,170,Davinder’s Apple Watch,The Dillinger Escape Plan - 43% Burnt
43,2024-02-29 19:21:56,169,169,169,Davinder’s Apple Watch,The Dillinger Escape Plan - 43% Burnt
44,2024-02-29 19:22:02,171,171,171,Davinder’s Apple Watch,The Dillinger Escape Plan - 43% Burnt
45,2024-02-29 19:22:10,171,171,171,Davinder’s Apple Watch,The Dillinger Escape Plan - 43% Burnt
46,2024-02-29 19:22:15,171,171,171,Davinder’s Apple Watch,The Dillinger Escape Plan - 43% Burnt
47,2024-02-29 19:22:20,172,172,172,Davinder’s Apple Watch,The Dillinger Escape Plan - 43% Burnt
48,2024-02-29 19:22:21,172,172,172,Davinder’s Apple Watch,The Dillinger Escape Plan - 43% Burnt
49,2024-02-29 19:22:27,172,172,172,Davinder’s Apple Watch,The Dillinger Escape Plan - 43% Burnt
50,2024-02-29 19:22:35,173,173,173,Davinder’s Apple Watch,The Dillinger Escape Plan - 43% Burnt
51,2024-02-29 19:22:36,172,172,172,Davinder’s Apple Watch,The Dillinger Escape Plan - 43% Burnt
52,2024-02-29 19:22:45,173,173,173,Davinder’s Apple Watch,The Dillinger Escape Plan - 43% Burnt
53,2024-02-29 19:22:49,173,173,173,Davinder’s Apple Watch,The Dillinger Escape Plan - 43% Burnt
54,2024-02-29 19:22:55,173,173,173,Davinder’s Apple Watch,The Dillinger Escape Plan - 43% Burnt
55,2024-02-29 19:22:59,173,173,173,Davinder’s Apple Watch,The Dillinger Escape Plan - 43% Burnt
56,2024-02-29 19:23:01,173,173,173,Davinder’s Apple Watch,The Dillinger Escape Plan - 43% Burnt
57,2024-02-29 19:23:10,173,173,173,Davinder’s Apple Watch,The Dillinger Escape Plan - 43% Burnt
58,2024-02-29 19:23:15,172,172,172,Davinder’s Apple Watch,The Dillinger Escape Plan - 43% Burnt
59,2024-02-29 19:23:18,171,171,171,Davinder’s Apple Watch,The Dillinger Escape Plan - 43% Burnt
60,2024-02-29 19:23:23,173,173,173,Davinder’s Apple Watch,The Dillinger Escape Plan - 43% Burnt
61,2024-02-29 19:23:30,173,173,173,Davinder’s Apple Watch,Slayer - Bitter Peace
62,2024-02-29 19:23:35,173,173,173,Davinder’s Apple Watch,Slayer - Bitter Peace
63,2024-02-29 19:23:36,173,173,173,Davinder’s Apple Watch,Slayer - Bitter Peace
64,2024-02-29 19:23:41,174,174,174,Davinder’s Apple Watch,Slayer - Bitter Peace
65,2024-02-29 19:23:48,175,175,175,Davinder’s Apple Watch,Slayer - Bitter Peace
66,2024-02-29 19:23:54,175,175,175,Davinder’s Apple Watch,Slayer - Bitter Peace
67,2024-02-29 19:23:58,175,175,175,Davinder’s Apple Watch,Slayer - Bitter Peace
68,2024-02-29 19:24:02,174,174,174,Davinder’s Apple Watch,Slayer - Bitter Peace
69,2024-02-29 19:24:06,172,172,172,Davinder’s Apple Watch,Slayer - Bitter Peace
70,2024-02-29 19:24:14,170,170,170,Davinder’s Apple Watch,Slayer - Bitter Peace
71,2024-02-29 19:24:16,171,171,171,Davinder’s Apple Watch,Slayer - Bitter Peace
72,2024-02-29 19:24:25,171,171,171,Davinder’s Apple Watch,Slayer - Bitter Peace
73,2024-02-29 19:24:27,171,171,171,Davinder’s Apple Watch,Slayer - Bitter Peace
74,2024-02-29 19:24:31,171,171,171,Davinder’s Apple Watch,Slayer - Bitter Peace
75,2024-02-29 19:24:40,172,172,172,Davinder’s Apple Watch,Slayer - Bitter Peace
76,2024-02-29 19:24:45,172,172,172,Davinder’s Apple Watch,Slayer - Bitter Peace
77,2024-02-29 19:24:48,172,172,172,Davinder’s Apple Watch,Slayer - Bitter Peace
78,2024-02-29 19:24:51,172,172,172,Davinder’s Apple Watch,Slayer - Bitter Peace
79,2024-02-29 19:24:56,171,171,171,Davinder’s Apple Watch,Slayer - Bitter Peace
80,2024-02-29 19:25:04,171,171,171,Davinder’s Apple Watch,Slayer - Bitter Peace
81,2024-02-29 19:25:06,171,171,171,Davinder’s Apple Watch,Slayer - Bitter Peace
82,2024-02-29 19:25:14,173,173,173,Davinder’s Apple Watch,Slayer - Bitter Peace
83,2024-02-29 19:25:20,173,173,173,Davinder’s Apple Watch,Slayer - Bitter Peace
84,2024-02-29 19:25:22,173,173,173,Davinder’s Apple Watch,Slayer - Bitter Peace
85,2024-02-29 19:25:28,173,173,173,Davinder’s Apple Watch,Slayer - Bitter Peace
86,2024-02-29 19:25:31,173,173,173,Davinder’s Apple Watch,Slayer - Bitter Peace
87,2024-02-29 19:25:39,172,172,172,Davinder’s Apple Watch,Slayer - Bitter Peace
88,2024-02-29 19:25:43,171,171,171,Davinder’s Apple Watch,Slayer - Bitter Peace
89,2024-02-29 19:25:48,171,171,171,Davinder’s Apple Watch,Slayer - Bitter Peace
90,2024-02-29 19:25:55,172,172,172,Davinder’s Apple Watch,Slayer - Bitter Peace
91,2024-02-29 19:25:58,172,172,172,Davinder’s Apple Watch,Slayer - Bitter Peace
92,2024-02-29 19:26:05,172,172,172,Davinder’s Apple Watch,Slayer - Bitter Peace
93,2024-02-29 19:26:06,171,171,171,Davinder’s Apple Watch,Slayer - Bitter Peace
94,2024-02-29 19:26:14,171,171,171,Davinder’s Apple Watch,Slayer - Bitter Peace
95,2024-02-29 19:26:19,171,171,171,Davinder’s Apple Watch,Slayer - Bitter Peace
96,2024-02-29 19:26:21,171,171,171,Davinder’s Apple Watch,Slayer - Bitter Peace
97,2024-02-29 19:26:27,171,171,171,Davinder’s Apple Watch,Slayer - Bitter Peace
98,2024-02-29 19:26:32,172,172,172,Davinder’s Apple Watch,Slayer - Bitter Peace
99,2024-02-29 19:26:40,172,172,172,Davinder’s Apple Watch,Slayer - Bitter Peace
100,2024-02-29 19:26:43,173,173,173,Davinder’s Apple Watch,Slayer - Bitter Peace
101,2024-02-29 19:26:49,174,174,174,Davinder’s Apple Watch,Slayer - Bitter Peace
102,2024-02-29 19:26:54,173,173,173,Davinder’s Apple Watch,Slayer - Bitter Peace
103,2024-02-29 19:27:00,172,172,172,Davinder’s Apple Watch,Slayer - Bitter Peace
104,2024-02-29 19:27:03,172,172,172,Davinder’s Apple Watch,Slayer - Bitter Peace
105,2024-02-29 19:27:06,172,172,172,Davinder’s Apple Watch,Slayer - Bitter Peace
106,2024-02-29 19:27:15,171,171,171,Davinder’s Apple Watch,Slayer - Bitter Peace
107,2024-02-29 19:27:18,170,170,170,Davinder’s Apple Watch,Slayer - Bitter Peace
108,2024-02-29 19:27:21,170,170,170,Davinder’s Apple Watch,Slayer - Bitter Peace
109,2024-02-29 19:27:27,169,169,169,Davinder’s Apple Watch,Slayer - Bitter Peace
110,2024-02-29 19:27:35,169,169,169,Davinder’s Apple Watch,Slayer - Bitter Peace
111,2024-02-29 19:27:40,169,169,169,Davinder’s Apple Watch,Slayer - Bitter Peace
112,2024-02-29 19:27:44,169,169,169,Davinder’s Apple Watch,Slayer - Bitter Peace
113,2024-02-29 19:27:50,169,169,169,Davinder’s Apple Watch,Slayer - Bitter Peace
114,2024-02-29 19:27:53,169,169,169,Davinder’s Apple Watch,Slayer - Bitter Peace
115,2024-02-29 19:27:57,167,167,167,Davinder’s Apple Watch,Slayer - Bitter Peace
116,2024-02-29 19:28:04,167,167,167,Davinder’s Apple Watch,Rage Against the Machine - Down Rodeo
117,2024-02-29 19:28:06,167,167,167,Davinder’s Apple Watch,Rage Against the Machine - Down Rodeo
118,2024-02-29 19:28:14,164,164,164,Davinder’s Apple Watch,Rage Against the Machine - Down Rodeo
119,2024-02-29 19:28:20,164,164,164,Davinder’s Apple Watch,Rage Against the Machine - Down Rodeo
120,2024-02-29 19:28:24,164,164,164,Davinder’s Apple Watch,Rage Against the Machine - Down Rodeo
121,2024-02-29 19:28:29,163,163,163,Davinder’s Apple Watch,Rage Against the Machine - Down Rodeo
122,2024-02-29 19:28:32,162,162,162,Davinder’s Apple Watch,Rage Against the Machine - Down Rodeo
123,2024-02-29 19:28:40,164,164,164,Davinder’s Apple Watch,Rage Against the Machine - Down Rodeo
124,2024-02-29 19:28:45,164,164,164,Davinder’s Apple Watch,Rage Against the Machine - Down Rodeo
125,2024-02-29 19:28:46,164,164,164,Davinder’s Apple Watch,Rage Against the Machine - Down Rodeo
126,2024-02-29 19:28:51,163,163,163,Davinder’s Apple Watch,Rage Against the Machine - Down Rodeo
127,2024-02-29 19:29:00,161,161,161,Davinder’s Apple Watch,Rage Against the Machine - Down Rodeo
128,2024-02-29 19:29:04,159,159,159,Davinder’s Apple Watch,Rage Against the Machine - Down Rodeo
129,2024-02-29 19:29:06,160,160,160,Davinder’s Apple Watch,Rage Against the Machine - Down Rodeo
130,2024-02-29 19:29:15,158,158,158,Davinder’s Apple Watch,Rage Against the Machine - Down Rodeo
131,2024-02-29 19:29:18,158,158,158,Davinder’s Apple Watch,Rage Against the Machine - Down Rodeo
132,2024-02-29 19:29:24,160,160,160,Davinder’s Apple Watch,Rage Against the Machine - Down Rodeo
133,2024-02-29 19:29:27,160,160,160,Davinder’s Apple Watch,Rage Against the Machine - Down Rodeo
134,2024-02-29 19:29:31,160,160,160,Davinder’s Apple Watch,Rage Against the Machine - Down Rodeo
135,2024-02-29 19:29:38,161,161,161,Davinder’s Apple Watch,Rage Against the Machine - Down Rodeo
136,2024-02-29 19:29:41,161,161,161,Davinder’s Apple Watch,Rage Against the Machine - Down Rodeo
137,2024-02-29 19:29:47,162,162,162,Davinder’s Apple Watch,Rage Against the Machine - Down Rodeo
138,2024-02-29 19:29:53,162,162,162,Davinder’s Apple Watch,Rage Against the Machine - Down Rodeo
139,2024-02-29 19:29:56,162,162,162,Davinder’s Apple Watch,Rage Against the Machine - Down Rodeo
140,2024-02-29 19:30:05,163,163,163,Davinder’s Apple Watch,Rage Against the Machine - Down Rodeo
141,2024-02-29 19:30:06,163,163,163,Davinder’s Apple Watch,Rage Against the Machine - Down Rodeo
142,2024-02-29 19:30:14,158,158,158,Davinder’s Apple Watch,Rage Against the Machine - Down Rodeo
143,2024-02-29 19:30:18,157,157,157,Davinder’s Apple Watch,Rage Against the Machine - Down Rodeo
144,2024-02-29 19:30:25,158,158,158,Davinder’s Apple Watch,Rage Against the Machine - Down Rodeo
145,2024-02-29 19:30:30,157,157,157,Davinder’s Apple Watch,Rage Against the Machine - Down Rodeo
146,2024-02-29 19:30:33,156,156,156,Davinder’s Apple Watch,Rage Against the Machine - Down Rodeo
147,2024-02-29 19:30:40,157,157,157,Davinder’s Apple Watch,Rage Against the Machine - Down Rodeo
148,2024-02-29 19:30:42,158,158,158,Davinder’s Apple Watch,Rage Against the Machine - Down Rodeo
149,2024-02-29 19:30:48,159,159,159,Davinder’s Apple Watch,Rage Against the Machine - Down Rodeo
150,2024-02-29 19:30:52,160,160,160,Davinder’s Apple Watch,Rage Against the Machine - Down Rodeo
151,2024-02-29 19:30:56,160,160,160,Davinder’s Apple Watch,Rage Against the Machine - Down Rodeo
152,2024-02-29 19:31:02,161,161,161,Davinder’s Apple Watch,Rage Against the Machine - Down Rodeo
153,2024-02-29 19:31:09,161,161,161,Davinder’s Apple Watch,Rage Against the Machine - Down Rodeo
154,2024-02-29 19:31:15,162,162,162,Davinder’s Apple Watch,Rage Against the Machine - Down Rodeo
155,2024-02-29 19:31:19,162,162,162,Davinder’s Apple Watch,Rage Against the Machine - Down Rodeo
156,2024-02-29 19:31:22,162,162,162,Davinder’s Apple Watch,Rage Against the Machine - Down Rodeo
157,2024-02-29 19:31:29,161,161,161,Davinder’s Apple Watch,Rage Against the Machine - Down Rodeo
158,2024-02-29 19:31:35,160,160,160,Davinder’s Apple Watch,Rage Against the Machine - Down Rodeo
159,2024-02-29 19:31:40,159,159,159,Davinder’s Apple Watch,Rage Against the Machine - Down Rodeo
160,2024-02-29 19:31:42,158,158,158,Davinder’s Apple Watch,Rage Against the Machine - Down Rodeo
161,2024-02-29 19:31:50,156,156,156,Davinder’s Apple Watch,Rage Against the Machine - Down Rodeo
162,2024-02-29 19:31:55,154,154,154,Davinder’s Apple Watch,Rage Against the Machine - Down Rodeo
163,2024-02-29 19:31:56,154,154,154,Davinder’s Apple Watch,Rage Against the Machine - Down Rodeo
164,2024-02-29 19:32:01,154,154,154,Davinder’s Apple Watch,Rage Against the Machine - Down Rodeo
165,2024-02-29 19:32:09,154,154,154,Davinder’s Apple Watch,Rage Against the Machine - Down Rodeo
166,2024-02-29 19:32:11,154,154,154,Davinder’s Apple Watch,Rage Against the Machine - Down Rodeo
167,2024-02-29 19:32:20,154,154,154,Davinder’s Apple Watch,Rage Against the Machine - Down Rodeo
168,2024-02-29 19:32:21,155,155,155,Davinder’s Apple Watch,Rage Against the Machine - Down Rodeo
169,2024-02-29 19:32:27,155,155,155,Davinder’s Apple Watch,Rage Against the Machine - Down Rodeo
170,2024-02-29 19:32:32,155,155,155,Davinder’s Apple Watch,Rage Against the Machine - Down Rodeo
171,2024-02-29 19:32:39,155,155,155,Davinder’s Apple Watch,Rage Against the Machine - Down Rodeo
172,2024-02-29 19:32:42,155,155,155,Davinder’s Apple Watch,Rage Against the Machine - Down Rodeo
173,2024-02-29 19:32:50,155,155,155,Davinder’s Apple Watch,Rage Against the Machine - Down Rodeo
174,2024-02-29 19:32:53,155,155,155,Davinder’s Apple Watch,Rage Against the Machine - Down Rodeo
175,2024-02-29 19:32:58,155,155,155,Davinder’s Apple Watch,Rage Against the Machine - Down Rodeo
176,2024-02-29 19:33:01,155,155,155,Davinder’s Apple Watch,Rage Against the Machine - Down Rodeo
177,2024-02-29 19:33:10,157,157,157,Davinder’s Apple Watch,Rage Against the Machine - Down Rodeo
178,2024-02-29 19:33:14,157,157,157,Davinder’s Apple Watch,Rage Against the Machine - Down Rodeo
179,2024-02-29 19:33:20,157,157,157,Davinder’s Apple Watch,Rage Against the Machine - Down Rodeo
180,2024-02-29 19:33:21,157,157,157,Davinder’s Apple Watch,Rage Against the Machine - Down Rodeo
181,2024-02-29 19:33:26,158,158,158,Davinder’s Apple Watch,Every Time I Die - Dark Distance
182,2024-02-29 19:33:32,159,159,159,Davinder’s Apple Watch,Every Time I Die - Dark Distance
183,2024-02-29 19:33:39,159,159,159,Davinder’s Apple Watch,Every Time I Die - Dark Distance
184,2024-02-29 19:33:41,158,158,158,Davinder’s Apple Watch,Every Time I Die - Dark Distance
185,2024-02-29 19:33:50,155,155,155,Davinder’s Apple Watch,Every Time I Die - Dark Distance
186,2024-02-29 19:33:51,155,155,155,Davinder’s Apple Watch,Every Time I Die - Dark Distance
187,2024-02-29 19:33:58,155,155,155,Davinder’s Apple Watch,Every Time I Die - Dark Distance
188,2024-02-29 19:34:04,155,155,155,Davinder’s Apple Watch,Every Time I Die - Dark Distance
189,2024-02-29 19:34:06,155,155,155,Davinder’s Apple Watch,Every Time I Die - Dark Distance
190,2024-02-29 19:34:11,155,155,155,Davinder’s Apple Watch,
191,2024-02-29 19:34:19,156,156,156,Davinder’s Apple Watch,
192,2024-02-29 19:34:25,156,156,156,Davinder’s Apple Watch,
193,2024-02-29 19:34:27,156,156,156,Davinder’s Apple Watch,
194,2024-02-29 19:34:32,154,154,154,Davinder’s Apple Watch,
195,2024-02-29 19:34:39,151,151,151,Davinder’s Apple Watch,
196,2024-02-29 19:34:41,151,151,151,Davinder’s Apple Watch,
197,2024-02-29 19:34:48,149,149,149,Davinder’s Apple Watch,
198,2024-02-29 19:34:55,150,150,150,Davinder’s Apple Watch,
199,2024-02-29 19:34:59,150,150,150,Davinder’s Apple Watch,
200,2024-02-29 19:35:04,149,149,149,Davinder’s Apple Watch,
201,2024-02-29 19:35:06,149,149,149,Davinder’s Apple Watch,
202,2024-02-29 19:35:12,150,150,150,Davinder’s Apple Watch,
203,2024-02-29 19:35:19,151,151,151,Davinder’s Apple Watch,
204,2024-02-29 19:35:25,152,152,152,Davinder’s Apple Watch,
205,2024-02-29 19:35:30,152,152,152,Davinder’s Apple Watch,
206,2024-02-29 19:35:34,151,151,151,Davinder’s Apple Watch,
207,2024-02-29 19:35:37,151,151,151,Davinder’s Apple Watch,
208,2024-02-29 19:35:45,151,151,151,Davinder’s Apple Watch,
209,2024-02-29 19:35:49,150,150,150,Davinder’s Apple Watch,
210,2024-02-29 19:35:51,150,150,150,Davinder’s Apple Watch,
211,2024-02-29 19:35:59,149,149,149,Davinder’s Apple Watch,
212,2024-02-29 19:36:03,150,150,150,Davinder’s Apple Watch,Kim Gordon - I’m A Man
213,2024-02-29 19:36:06,150,150,150,Davinder’s Apple Watch,Kim Gordon - I’m A Man
214,2024-02-29 19:36:11,151,151,151,Davinder’s Apple Watch,Kim Gordon - I’m A Man
215,2024-02-29 19:36:20,151,151,151,Davinder’s Apple Watch,Kim Gordon - I’m A Man
216,2024-02-29 19:36:25,150,150,150,Davinder’s Apple Watch,Kim Gordon - I’m A Man
217,2024-02-29 19:36:27,150,150,150,Davinder’s Apple Watch,Kim Gordon - I’m A Man
218,2024-02-29 19:36:35,149,149,149,Davinder’s Apple Watch,Kim Gordon - I’m A Man
219,2024-02-29 19:36:37,150,150,150,Davinder’s Apple Watch,Kim Gordon - I’m A Man
220,2024-02-29 19:36:41,151,151,151,Davinder’s Apple Watch,Kim Gordon - I’m A Man
221,2024-02-29 19:36:49,149,149,149,Davinder’s Apple Watch,Kim Gordon - I’m A Man
222,2024-02-29 19:36:53,149,149,149,Davinder’s Apple Watch,Kim Gordon - I’m A Man
223,2024-02-29 19:37:00,146,146,146,Davinder’s Apple Watch,Kim Gordon - I’m A Man
224,2024-02-29 19:37:01,145,145,145,Davinder’s Apple Watch,Kim Gordon - I’m A Man
225,2024-02-29 19:37:10,148,148,148,Davinder’s Apple Watch,Kim Gordon - I’m A Man
226,2024-02-29 19:37:14,151,151,151,Davinder’s Apple Watch,Kim Gordon - I’m A Man
227,2024-02-29 19:37:19,153,153,153,Davinder’s Apple Watch,Kim Gordon - I’m A Man
228,2024-02-29 19:37:24,151,151,151,Davinder’s Apple Watch,Kim Gordon - I’m A Man
229,2024-02-29 19:37:26,150,150,150,Davinder’s Apple Watch,Kim Gordon - I’m A Man
230,2024-02-29 19:37:31,148,148,148,Davinder’s Apple Watch,Kim Gordon - I’m A Man
231,2024-02-29 19:37:40,147,147,147,Davinder’s Apple Watch,Kim Gordon - I’m A Man
232,2024-02-29 19:37:42,147,147,147,Davinder’s Apple Watch,Kim Gordon - I’m A Man
233,2024-02-29 19:37:47,148,148,148,Davinder’s Apple Watch,Kim Gordon - I’m A Man
234,2024-02-29 19:37:51,149,149,149,Davinder’s Apple Watch,Kim Gordon - I’m A Man
235,2024-02-29 19:38:00,152,152,152,Davinder’s Apple Watch,Kim Gordon - I’m A Man
236,2024-02-29 19:38:01,153,153,153,Davinder’s Apple Watch,Kim Gordon - I’m A Man
237,2024-02-29 19:38:07,154,154,154,Davinder’s Apple Watch,Kim Gordon - I’m A Man
238,2024-02-29 19:38:13,153,153,153,Davinder’s Apple Watch,Kim Gordon - I’m A Man
239,2024-02-29 19:38:20,153,153,153,Davinder’s Apple Watch,Kim Gordon - I’m A Man
240,2024-02-29 19:38:24,153,153,153,Davinder’s Apple Watch,Kim Gordon - I’m A Man
241,2024-02-29 19:38:27,152,152,152,Davinder’s Apple Watch,Kim Gordon - I’m A Man
242,2024-02-29 19:38:35,151,151,151,Davinder’s Apple Watch,Kim Gordon - I’m A Man
243,2024-02-29 19:38:36,151,151,151,Davinder’s Apple Watch,Kim Gordon - I’m A Man
244,2024-02-29 19:38:41,152,152,152,Davinder’s Apple Watch,Kim Gordon - I’m A Man
245,2024-02-29 19:38:49,153,153,153,Davinder’s Apple Watch,Kim Gordon - I’m A Man
246,2024-02-29 19:38:55,154,154,154,Davinder’s Apple Watch,Kim Gordon - I’m A Man
247,2024-02-29 19:38:58,153,153,153,Davinder’s Apple Watch,Kim Gordon - I’m A Man
248,2024-02-29 19:39:02,153,153,153,Davinder’s Apple Watch,Kim Gordon - I’m A Man
249,2024-02-29 19:39:10,155,155,155,Davinder’s Apple Watch,Kim Gordon - I’m A Man
250,2024-02-29 19:39:14,153,153,153,Davinder’s Apple Watch,Kim Gordon - I’m A Man
251,2024-02-29 19:39:17,152,152,152,Davinder’s Apple Watch,Kim Gordon - I’m A Man
252,2024-02-29 19:39:25,153,153,153,Davinder’s Apple Watch,Kim Gordon - I’m A Man
253,2024-02-29 19:39:27,153,153,153,Davinder’s Apple Watch,Kim Gordon - I’m A Man
254,2024-02-29 19:39:35,156,156,156,Davinder’s Apple Watch,Kim Gordon - I’m A Man
255,2024-02-29 19:39:37,156,156,156,Davinder’s Apple Watch,Kim Gordon - I’m A Man
256,2024-02-29 19:39:45,154,154,154,Davinder’s Apple Watch,Kim Gordon - I’m A Man
257,2024-02-29 19:39:47,153,153,153,Davinder’s Apple Watch,Kim Gordon - I’m A Man
258,2024-02-29 19:39:51,152,152,152,Davinder’s Apple Watch,Kim Gordon - I’m A Man
259,2024-02-29 19:39:56,151,151,151,Davinder’s Apple Watch,Kim Gordon - I’m A Man
260,2024-02-29 19:40:05,153,153,153,Davinder’s Apple Watch,Kim Gordon - I’m A Man
261,2024-02-29 19:40:08,154,154,154,Davinder’s Apple Watch,Kim Gordon - I’m A Man
262,2024-02-29 19:40:15,154,154,154,Davinder’s Apple Watch,Kim Gordon - I’m A Man
263,2024-02-29 19:40:18,154,154,154,Davinder’s Apple Watch,Kim Gordon - I’m A Man
264,2024-02-29 19:40:25,151,151,151,Davinder’s Apple Watch,Kim Gordon - I’m A Man
265,2024-02-29 19:40:27,151,151,151,Davinder’s Apple Watch,Kim Gordon - I’m A Man
266,2024-02-29 19:40:35,150,150,150,Davinder’s Apple Watch,Sonic Youth - Schizophrenia
267,2024-02-29 19:40:40,150,150,150,Davinder’s Apple Watch,Sonic Youth - Schizophrenia
268,2024-02-29 19:40:41,150,150,150,Davinder’s Apple Watch,Sonic Youth - Schizophrenia
269,2024-02-29 19:40:46,151,151,151,Davinder’s Apple Watch,Sonic Youth - Schizophrenia
270,2024-02-29 19:40:51,150,150,150,Davinder’s Apple Watch,Sonic Youth - Schizophrenia
271,2024-02-29 19:40:58,148,148,148,Davinder’s Apple Watch,Sonic Youth - Schizophrenia
272,2024-02-29 19:41:01,148,148,148,Davinder’s Apple Watch,Sonic Youth - Schizophrenia
273,2024-02-29 19:41:06,149,149,149,Davinder’s Apple Watch,Sonic Youth - Schizophrenia
274,2024-02-29 19:41:15,150,150,150,Davinder’s Apple Watch,Sonic Youth - Schizophrenia
275,2024-02-29 19:41:19,149,149,149,Davinder’s Apple Watch,Sonic Youth - Schizophrenia
276,2024-02-29 19:41:21,149,149,149,Davinder’s Apple Watch,Sonic Youth - Schizophrenia
277,2024-02-29 19:41:30,150,150,150,Davinder’s Apple Watch,Sonic Youth - Schizophrenia
278,2024-02-29 19:41:35,151,151,151,Davinder’s Apple Watch,Sonic Youth - Schizophrenia
279,2024-02-29 19:41:39,151,151,151,Davinder’s Apple Watch,Sonic Youth - Schizophrenia
280,2024-02-29 19:41:43,151,151,151,Davinder’s Apple Watch,Sonic Youth - Schizophrenia
281,2024-02-29 19:41:50,149,149,149,Davinder’s Apple Watch,Sonic Youth - Schizophrenia
282,2024-02-29 19:41:51,149,149,149,Davinder’s Apple Watch,Sonic Youth - Schizophrenia
283,2024-02-29 19:41:58,146,146,146,Davinder’s Apple Watch,Sonic Youth - Schizophrenia
284,2024-02-29 19:42:04,146,146,146,Davinder’s Apple Watch,Sonic Youth - Schizophrenia
285,2024-02-29 19:42:10,146,146,146,Davinder’s Apple Watch,Sonic Youth - Schizophrenia
286,2024-02-29 19:42:12,147,147,147,Davinder’s Apple Watch,Sonic Youth - Schizophrenia
287,2024-02-29 19:42:20,146,146,146,Davinder’s Apple Watch,Kim Gordon - BYE BYE
288,2024-02-29 19:42:23,147,147,147,Davinder’s Apple Watch,Kim Gordon - BYE BYE
289,2024-02-29 19:42:29,148,148,148,Davinder’s Apple Watch,Kim Gordon - BYE BYE
290,2024-02-29 19:42:32,148,148,148,Davinder’s Apple Watch,Kim Gordon - BYE BYE
291,2024-02-29 19:42:40,149,149,149,Davinder’s Apple Watch,Kim Gordon - BYE BYE
292,2024-02-29 19:42:43,149,149,149,Davinder’s Apple Watch,Kim Gordon - BYE BYE
293,2024-02-29 19:42:48,149,149,149,Davinder’s Apple Watch,Kim Gordon - BYE BYE
294,2024-02-29 19:42:55,149,149,149,Davinder’s Apple Watch,Kim Gordon - BYE BYE
295,2024-02-29 19:42:57,150,150,150,Davinder’s Apple Watch,Kim Gordon - BYE BYE
296,2024-02-29 19:43:05,152,152,152,Davinder’s Apple Watch,Kim Gordon - BYE BYE
297,2024-02-29 19:43:10,152,152,152,Davinder’s Apple Watch,Kim Gordon - BYE BYE
298,2024-02-29 19:43:12,152,152,152,Davinder’s Apple Watch,Kim Gordon - BYE BYE
299,2024-02-29 19:43:17,153,153,153,Davinder’s Apple Watch,Kim Gordon - BYE BYE
300,2024-02-29 19:43:25,157,157,157,Davinder’s Apple Watch,Kim Gordon - BYE BYE
301,2024-02-29 19:43:29,157,157,157,Davinder’s Apple Watch,Kim Gordon - BYE BYE
302,2024-02-29 19:43:34,157,157,157,Davinder’s Apple Watch,Kim Gordon - BYE BYE
303,2024-02-29 19:43:37,157,157,157,Davinder’s Apple Watch,Kim Gordon - BYE BYE
304,2024-02-29 19:43:45,156,156,156,Davinder’s Apple Watch,Kim Gordon - BYE BYE
305,2024-02-29 19:43:46,156,156,156,Davinder’s Apple Watch,Kim Gordon - BYE BYE
306,2024-02-29 19:43:52,156,156,156,Davinder’s Apple Watch,Kim Gordon - BYE BYE
307,2024-02-29 19:43:57,157,157,157,Davinder’s Apple Watch,Kim Gordon - BYE BYE
308,2024-02-29 19:44:04,157,157,157,Davinder’s Apple Watch,Kim Gordon - BYE BYE
309,2024-02-29 19:44:07,158,158,158,Davinder’s Apple Watch,Kim Gordon - BYE BYE
310,2024-02-29 19:44:11,158,158,158,Davinder’s Apple Watch,Kim Gordon - BYE BYE
311,2024-02-29 19:44:18,158,158,158,Davinder’s Apple Watch,Kim Gordon - BYE BYE
312,2024-02-29 19:44:24,158,158,158,Davinder’s Apple Watch,Kim Gordon - BYE BYE
313,2024-02-29 19:44:27,158,158,158,Davinder’s Apple Watch,Kim Gordon - BYE BYE
314,2024-02-29 19:44:33,159,159,159,Davinder’s Apple Watch,Kim Gordon - BYE BYE
315,2024-02-29 19:44:38,159,159,159,Davinder’s Apple Watch,Kim Gordon - BYE BYE
316,2024-02-29 19:44:42,160,160,160,Davinder’s Apple Watch,Kim Gordon - BYE BYE
317,2024-02-29 19:44:46,159,159,159,Davinder’s Apple Watch,Kim Gordon - BYE BYE
318,2024-02-29 19:44:53,159,159,159,Davinder’s Apple Watch,Kim Gordon - BYE BYE
319,2024-02-29 19:44:59,160,160,160,Davinder’s Apple Watch,Kim Gordon - BYE BYE
320,2024-02-29 19:45:01,161,161,161,Davinder’s Apple Watch,Kim Gordon - BYE BYE
321,2024-02-29 19:45:07,161,161,161,Davinder’s Apple Watch,Kim Gordon - BYE BYE
322,2024-02-29 19:45:11,162,162,162,Davinder’s Apple Watch,Kim Gordon - BYE BYE
323,2024-02-29 19:45:20,162,162,162,Davinder’s Apple Watch,Kim Gordon - BYE BYE
324,2024-02-29 19:45:22,162,162,162,Davinder’s Apple Watch,Kim Gordon - BYE BYE
325,2024-02-29 19:45:26,163,163,163,Davinder’s Apple Watch,Kim Gordon - BYE BYE
326,2024-02-29 19:45:35,165,165,165,Davinder’s Apple Watch,Kim Gordon - BYE BYE
327,2024-02-29 19:45:40,165,165,165,Davinder’s Apple Watch,Kim Gordon - BYE BYE
328,2024-02-29 19:45:41,165,165,165,Davinder’s Apple Watch,Kim Gordon - BYE BYE
329,2024-02-29 19:45:47,164,164,164,Davinder’s Apple Watch,Kim Gordon - BYE BYE
330,2024-02-29 19:45:52,165,165,165,Davinder’s Apple Watch,Kim Gordon - BYE BYE
331,2024-02-29 19:45:58,166,166,166,Davinder’s Apple Watch,Kim Gordon - BYE BYE
332,2024-02-29 19:46:03,167,167,167,Davinder’s Apple Watch,Kim Gordon - BYE BYE
333,2024-02-29 19:46:10,168,168,168,Davinder’s Apple Watch,Kim Gordon - BYE BYE
334,2024-02-29 19:46:13,168,168,168,Davinder’s Apple Watch,Kim Gordon - BYE BYE
335,2024-02-29 19:46:16,168,168,168,Davinder’s Apple Watch,Kim Gordon - BYE BYE
336,2024-02-29 19:46:23,166,166,166,Davinder’s Apple Watch,Kim Gordon - BYE BYE
337,2024-02-29 19:46:29,165,165,165,Davinder’s Apple Watch,Kim Gordon - I’m A Man
