,Date/Time,Min (count/min),Max (count/min),Avg (count/min),Source,Track Description
0,2024-02-01 19:04:53,136,136,136,Davinder’s Apple Watch,NaT
1,2024-02-01 19:05:09,138,138,138,Davinder’s Apple Watch,NaT
2,2024-02-01 19:05:12,138,138,138,Davinder’s Apple Watch,NaT
3,2024-02-01 19:11:53,169,169,169,Davinder’s Apple Watch,Justice - Waters of Nazareth
4,2024-02-01 19:12:09,170,170,170,Davinder’s Apple Watch,Justice - Waters of Nazareth
5,2024-02-01 19:12:34,168,168,168,Davinder’s Apple Watch,Justice - Waters of Nazareth
6,2024-02-01 19:12:39,173,173,173,Davinder’s Apple Watch,Justice - Waters of Nazareth
7,2024-02-01 19:12:43,174,174,174,Davinder’s Apple Watch,Justice - Waters of Nazareth
8,2024-02-01 19:12:46,173,173,173,Davinder’s Apple Watch,Justice - Waters of Nazareth
9,2024-02-01 19:13:08,173,173,173,Davinder’s Apple Watch,Justice - Waters of Nazareth
10,2024-02-01 19:13:10,173,173,173,Davinder’s Apple Watch,Justice - Waters of Nazareth
11,2024-02-01 19:13:17,172,172,172,Davinder’s Apple Watch,Justice - Waters of Nazareth
12,2024-02-01 19:13:23,173,173,173,Davinder’s Apple Watch,Justice - Waters of Nazareth
13,2024-02-01 19:13:26,173,173,173,Davinder’s Apple Watch,Justice - Waters of Nazareth
14,2024-02-01 19:13:34,173,173,173,Davinder’s Apple Watch,Justice - Waters of Nazareth
15,2024-02-01 19:13:35,172,172,172,Davinder’s Apple Watch,Justice - Waters of Nazareth
16,2024-02-01 19:13:44,172,172,172,Davinder’s Apple Watch,Justice - Waters of Nazareth
17,2024-02-01 19:13:49,171,171,171,Davinder’s Apple Watch,Justice - Waters of Nazareth
18,2024-02-01 19:13:54,170,170,170,Davinder’s Apple Watch,Justice - Waters of Nazareth
19,2024-02-01 19:13:55,170,170,170,Davinder’s Apple Watch,Justice - Waters of Nazareth
20,2024-02-01 19:14:03,166,166,166,Davinder’s Apple Watch,Justice - Waters of Nazareth
21,2024-02-01 19:14:15,167,167,167,Davinder’s Apple Watch,Justice - Waters of Nazareth
22,2024-02-01 19:14:21,166,166,166,Davinder’s Apple Watch,Justice - Waters of Nazareth
23,2024-02-01 19:14:25,166,166,166,Davinder’s Apple Watch,Justice - Waters of Nazareth
24,2024-02-01 19:14:35,168,168,168,Davinder’s Apple Watch,Justice - Waters of Nazareth
25,2024-02-01 19:14:42,169,169,169,Davinder’s Apple Watch,Justice - Waters of Nazareth
26,2024-02-01 19:14:49,160,160,160,Davinder’s Apple Watch,Justice - Waters of Nazareth
27,2024-02-01 19:14:54,159,159,159,Davinder’s Apple Watch,Justice - One Minute to Midnight
28,2024-02-01 19:15:05,158,158,158,Davinder’s Apple Watch,Justice - One Minute to Midnight
29,2024-02-01 19:15:25,157,157,157,Davinder’s Apple Watch,Justice - DVNO
30,2024-02-01 19:15:34,156,156,156,Davinder’s Apple Watch,Justice - DVNO
31,2024-02-01 19:15:35,157,157,157,Davinder’s Apple Watch,Justice - DVNO
32,2024-02-01 19:15:47,156,156,156,Davinder’s Apple Watch,Justice - DVNO
33,2024-02-01 19:16:10,159,159,159,Davinder’s Apple Watch,Justice - DVNO
34,2024-02-01 19:16:17,159,159,159,Davinder’s Apple Watch,Justice - DVNO
35,2024-02-01 19:16:21,160,160,160,Davinder’s Apple Watch,Justice - DVNO
36,2024-02-01 19:16:44,162,162,162,Davinder’s Apple Watch,Justice - DVNO
37,2024-02-01 19:16:47,162,162,162,Davinder’s Apple Watch,Justice - DVNO
38,2024-02-01 19:17:14,166,166,166,Davinder’s Apple Watch,Justice - DVNO
39,2024-02-01 19:17:19,166,166,166,Davinder’s Apple Watch,Justice - DVNO
40,2024-02-01 19:17:20,166,166,166,Davinder’s Apple Watch,Justice - DVNO
41,2024-02-01 19:17:25,165,165,165,Davinder’s Apple Watch,Justice - DVNO
42,2024-02-01 19:17:44,164,164,164,Davinder’s Apple Watch,Justice - DVNO
43,2024-02-01 19:17:49,165,165,165,Davinder’s Apple Watch,Justice - DVNO
44,2024-02-01 19:17:51,166,166,166,Davinder’s Apple Watch,Justice - DVNO
45,2024-02-01 19:17:56,167,167,167,Davinder’s Apple Watch,Justice - DVNO
46,2024-02-01 19:18:00,167,167,167,Davinder’s Apple Watch,Justice - DVNO
47,2024-02-01 19:18:09,167,167,167,Davinder’s Apple Watch,Justice - DVNO
48,2024-02-01 19:18:10,166,166,166,Davinder’s Apple Watch,Justice - DVNO
49,2024-02-01 19:18:15,165,165,165,Davinder’s Apple Watch,Justice - DVNO
50,2024-02-01 19:18:39,164,164,164,Davinder’s Apple Watch,Justice - DVNO
51,2024-02-01 19:18:44,165,165,165,Davinder’s Apple Watch,Justice - DVNO
52,2024-02-01 19:18:45,164,164,164,Davinder’s Apple Watch,Justice - DVNO
53,2024-02-01 19:18:52,162,162,162,Davinder’s Apple Watch,Justice - DVNO
54,2024-02-01 19:18:57,161,161,161,Davinder’s Apple Watch,Justice - DVNO
55,2024-02-01 19:19:04,160,160,160,Davinder’s Apple Watch,Justice - DVNO
56,2024-02-01 19:19:05,160,160,160,Davinder’s Apple Watch,Justice - DVNO
57,2024-02-01 19:19:13,157,157,157,Davinder’s Apple Watch,Justice - DVNO
58,2024-02-01 19:19:19,156,156,156,Davinder’s Apple Watch,Justice - Stress
59,2024-02-01 19:19:22,156,156,156,Davinder’s Apple Watch,Justice - Stress
60,2024-02-01 19:19:25,156,156,156,Davinder’s Apple Watch,Justice - Stress
61,2024-02-01 19:19:31,156,156,156,Davinder’s Apple Watch,Justice - Stress
62,2024-02-01 19:19:38,154,154,154,Davinder’s Apple Watch,Justice - Stress
63,2024-02-01 19:19:40,153,153,153,Davinder’s Apple Watch,Justice - Stress
64,2024-02-01 19:19:45,152,152,152,Davinder’s Apple Watch,Justice - Stress
65,2024-02-01 19:19:54,153,153,153,Davinder’s Apple Watch,Justice - Stress
66,2024-02-01 19:19:59,154,154,154,Davinder’s Apple Watch,Justice - Stress
67,2024-02-01 19:20:02,155,155,155,Davinder’s Apple Watch,Justice - Stress
68,2024-02-01 19:20:06,153,153,153,Davinder’s Apple Watch,Justice - Stress
69,2024-02-01 19:20:11,152,152,152,Davinder’s Apple Watch,Justice - Stress
70,2024-02-01 19:20:17,150,150,150,Davinder’s Apple Watch,Justice - Stress
71,2024-02-01 19:20:20,150,150,150,Davinder’s Apple Watch,Justice - Stress
72,2024-02-01 19:20:29,151,151,151,Davinder’s Apple Watch,Justice - Stress
73,2024-02-01 19:20:34,151,151,151,Davinder’s Apple Watch,Justice - Stress
74,2024-02-01 19:20:39,151,151,151,Davinder’s Apple Watch,Justice - Stress
75,2024-02-01 19:20:40,150,150,150,Davinder’s Apple Watch,Justice - Stress
76,2024-02-01 19:20:46,150,150,150,Davinder’s Apple Watch,Justice - Stress
77,2024-02-01 19:20:52,150,150,150,Davinder’s Apple Watch,Justice - Stress
78,2024-02-01 19:20:58,151,151,151,Davinder’s Apple Watch,Justice - Stress
79,2024-02-01 19:21:04,149,149,149,Davinder’s Apple Watch,Benny the Butcher - Tyson vs. Ali (feat. Conway the Machine)
80,2024-02-01 19:21:09,149,149,149,Davinder’s Apple Watch,Benny the Butcher - Tyson vs. Ali (feat. Conway the Machine)
81,2024-02-01 19:21:11,149,149,149,Davinder’s Apple Watch,Benny the Butcher - Tyson vs. Ali (feat. Conway the Machine)
82,2024-02-01 19:21:34,151,151,151,Davinder’s Apple Watch,Benny the Butcher - Tyson vs. Ali (feat. Conway the Machine)
83,2024-02-01 19:21:38,151,151,151,Davinder’s Apple Watch,Benny the Butcher - Tyson vs. Ali (feat. Conway the Machine)
84,2024-02-01 19:21:41,150,150,150,Davinder’s Apple Watch,Benny the Butcher - Tyson vs. Ali (feat. Conway the Machine)
85,2024-02-01 19:21:46,149,149,149,Davinder’s Apple Watch,Benny the Butcher - Tyson vs. Ali (feat. Conway the Machine)
86,2024-02-01 19:21:54,151,151,151,Davinder’s Apple Watch,Benny the Butcher - Tyson vs. Ali (feat. Conway the Machine)
87,2024-02-01 19:22:07,152,152,152,Davinder’s Apple Watch,Benny the Butcher - Tyson vs. Ali (feat. Conway the Machine)
88,2024-02-01 19:22:11,151,151,151,Davinder’s Apple Watch,Benny the Butcher - Tyson vs. Ali (feat. Conway the Machine)
89,2024-02-01 19:22:16,154,154,154,Davinder’s Apple Watch,Benny the Butcher - Tyson vs. Ali (feat. Conway the Machine)
90,2024-02-01 19:22:23,153,153,153,Davinder’s Apple Watch,Benny the Butcher - Tyson vs. Ali (feat. Conway the Machine)
91,2024-02-01 19:22:28,151,151,151,Davinder’s Apple Watch,Benny the Butcher - Tyson vs. Ali (feat. Conway the Machine)
92,2024-02-01 19:22:32,151,151,151,Davinder’s Apple Watch,Benny the Butcher - Tyson vs. Ali (feat. Conway the Machine)
93,2024-02-01 19:22:38,152,152,152,Davinder’s Apple Watch,Benny the Butcher - Tyson vs. Ali (feat. Conway the Machine)
94,2024-02-01 19:22:43,151,151,151,Davinder’s Apple Watch,Benny the Butcher - Tyson vs. Ali (feat. Conway the Machine)
95,2024-02-01 19:22:45,151,151,151,Davinder’s Apple Watch,Benny the Butcher - Tyson vs. Ali (feat. Conway the Machine)
96,2024-02-01 19:22:54,152,152,152,Davinder’s Apple Watch,Benny the Butcher - Tyson vs. Ali (feat. Conway the Machine)
97,2024-02-01 19:22:58,152,152,152,Davinder’s Apple Watch,Benny the Butcher - Tyson vs. Ali (feat. Conway the Machine)
98,2024-02-01 19:23:04,150,150,150,Davinder’s Apple Watch,Benny the Butcher - Tyson vs. Ali (feat. Conway the Machine)
99,2024-02-01 19:23:09,150,150,150,Davinder’s Apple Watch,Benny the Butcher - Tyson vs. Ali (feat. Conway the Machine)
100,2024-02-01 19:23:11,150,150,150,Davinder’s Apple Watch,Benny the Butcher - Tyson vs. Ali (feat. Conway the Machine)
101,2024-02-01 19:23:16,150,150,150,Davinder’s Apple Watch,Benny the Butcher - Tyson vs. Ali (feat. Conway the Machine)
102,2024-02-01 19:23:23,150,150,150,Davinder’s Apple Watch,Benny the Butcher - Tyson vs. Ali (feat. Conway the Machine)
103,2024-02-01 19:23:28,148,148,148,Davinder’s Apple Watch,Benny the Butcher - Tyson vs. Ali (feat. Conway the Machine)
104,2024-02-01 19:23:34,149,149,149,Davinder’s Apple Watch,Benny the Butcher - Tyson vs. Ali (feat. Conway the Machine)
105,2024-02-01 19:23:37,150,150,150,Davinder’s Apple Watch,Benny the Butcher - Tyson vs. Ali (feat. Conway the Machine)
106,2024-02-01 19:23:40,149,149,149,Davinder’s Apple Watch,Benny the Butcher - Tyson vs. Ali (feat. Conway the Machine)
107,2024-02-01 19:23:49,145,145,145,Davinder’s Apple Watch,Benny the Butcher - Tyson vs. Ali (feat. Conway the Machine)
108,2024-02-01 19:23:54,145,145,145,Davinder’s Apple Watch,Benny the Butcher - Tyson vs. Ali (feat. Conway the Machine)
109,2024-02-01 19:24:14,144,144,144,Davinder’s Apple Watch,Benny the Butcher - Tyson vs. Ali (feat. Conway the Machine)
110,2024-02-01 19:24:16,144,144,144,Davinder’s Apple Watch,Benny the Butcher - Tyson vs. Ali (feat. Conway the Machine)
111,2024-02-01 19:24:24,141,141,141,Davinder’s Apple Watch,Benny the Butcher - Tyson vs. Ali (feat. Conway the Machine)
112,2024-02-01 19:24:26,141,141,141,Davinder’s Apple Watch,Benny the Butcher - Tyson vs. Ali (feat. Conway the Machine)
113,2024-02-01 19:24:31,142,142,142,Davinder’s Apple Watch,Benny the Butcher - Tyson vs. Ali (feat. Conway the Machine)
114,2024-02-01 19:24:35,144,144,144,Davinder’s Apple Watch,Benny the Butcher - Tyson vs. Ali (feat. Conway the Machine)
115,2024-02-01 19:24:44,150,150,150,Davinder’s Apple Watch,Benny the Butcher - Tyson vs. Ali (feat. Conway the Machine)
116,2024-02-01 19:24:48,149,149,149,Davinder’s Apple Watch,Benny the Butcher - Tyson vs. Ali (feat. Conway the Machine)
117,2024-02-01 19:24:50,148,148,148,Davinder’s Apple Watch,Benny the Butcher - Tyson vs. Ali (feat. Conway the Machine)
118,2024-02-01 19:24:57,146,146,146,Davinder’s Apple Watch,Benny the Butcher - Tyson vs. Ali (feat. Conway the Machine)
119,2024-02-01 19:25:13,145,145,145,Davinder’s Apple Watch,Benny the Butcher - Uncle Bun (feat. 38 Spesh)
120,2024-02-01 19:25:19,144,144,144,Davinder’s Apple Watch,Benny the Butcher - Uncle Bun (feat. 38 Spesh)
121,2024-02-01 19:25:20,145,145,145,Davinder’s Apple Watch,Benny the Butcher - Uncle Bun (feat. 38 Spesh)
122,2024-02-01 19:25:26,145,145,145,Davinder’s Apple Watch,Benny the Butcher - Uncle Bun (feat. 38 Spesh)
123,2024-02-01 19:25:30,146,146,146,Davinder’s Apple Watch,"Benny the Butcher, Jadakiss & Babyface Ray - Pillow Talk & Slander"
124,2024-02-01 19:25:38,150,150,150,Davinder’s Apple Watch,"Benny the Butcher, Jadakiss & Babyface Ray - Pillow Talk & Slander"
125,2024-02-01 19:25:40,149,149,149,Davinder’s Apple Watch,"Benny the Butcher, Jadakiss & Babyface Ray - Pillow Talk & Slander"
126,2024-02-01 19:25:45,149,149,149,Davinder’s Apple Watch,"Benny the Butcher, Jadakiss & Babyface Ray - Pillow Talk & Slander"
127,2024-02-01 19:25:54,153,153,153,Davinder’s Apple Watch,"Benny the Butcher, Jadakiss & Babyface Ray - Pillow Talk & Slander"
128,2024-02-01 19:25:59,153,153,153,Davinder’s Apple Watch,"Benny the Butcher, Jadakiss & Babyface Ray - Pillow Talk & Slander"
129,2024-02-01 19:26:01,153,153,153,Davinder’s Apple Watch,"Benny the Butcher, Jadakiss & Babyface Ray - Pillow Talk & Slander"
130,2024-02-01 19:26:07,151,151,151,Davinder’s Apple Watch,"Benny the Butcher, Jadakiss & Babyface Ray - Pillow Talk & Slander"
131,2024-02-01 19:26:14,150,150,150,Davinder’s Apple Watch,"Benny the Butcher, Jadakiss & Babyface Ray - Pillow Talk & Slander"
132,2024-02-01 19:26:16,150,150,150,Davinder’s Apple Watch,"Benny the Butcher, Jadakiss & Babyface Ray - Pillow Talk & Slander"
133,2024-02-01 19:26:21,150,150,150,Davinder’s Apple Watch,"Benny the Butcher, Jadakiss & Babyface Ray - Pillow Talk & Slander"
134,2024-02-01 19:26:32,149,149,149,Davinder’s Apple Watch,"Benny the Butcher, Jadakiss & Babyface Ray - Pillow Talk & Slander"
135,2024-02-01 19:26:35,149,149,149,Davinder’s Apple Watch,"Benny the Butcher, Jadakiss & Babyface Ray - Pillow Talk & Slander"
136,2024-02-01 19:26:42,147,147,147,Davinder’s Apple Watch,"Benny the Butcher, Jadakiss & Babyface Ray - Pillow Talk & Slander"
137,2024-02-01 19:26:46,146,146,146,Davinder’s Apple Watch,"Benny the Butcher, Jadakiss & Babyface Ray - Pillow Talk & Slander"
138,2024-02-01 19:26:54,145,145,145,Davinder’s Apple Watch,"Benny the Butcher, Westside Gunn, Conway the Machine & Rick Hyde - Griselda Express"
139,2024-02-01 19:26:56,144,144,144,Davinder’s Apple Watch,"Benny the Butcher, Westside Gunn, Conway the Machine & Rick Hyde - Griselda Express"
140,2024-02-01 19:27:02,144,144,144,Davinder’s Apple Watch,"Benny the Butcher, Westside Gunn, Conway the Machine & Rick Hyde - Griselda Express"
141,2024-02-01 19:27:05,144,144,144,Davinder’s Apple Watch,"Benny the Butcher, Westside Gunn, Conway the Machine & Rick Hyde - Griselda Express"
142,2024-02-01 19:27:13,146,146,146,Davinder’s Apple Watch,"Benny the Butcher, Westside Gunn, Conway the Machine & Rick Hyde - Griselda Express"
143,2024-02-01 19:27:18,147,147,147,Davinder’s Apple Watch,"Benny the Butcher, Westside Gunn, Conway the Machine & Rick Hyde - Griselda Express"
144,2024-02-01 19:27:23,146,146,146,Davinder’s Apple Watch,"Benny the Butcher, Westside Gunn, Conway the Machine & Rick Hyde - Griselda Express"
145,2024-02-01 19:27:25,147,147,147,Davinder’s Apple Watch,"Benny the Butcher, Westside Gunn, Conway the Machine & Rick Hyde - Griselda Express"
146,2024-02-01 19:27:34,143,143,143,Davinder’s Apple Watch,"Benny the Butcher, Westside Gunn, Conway the Machine & Rick Hyde - Griselda Express"
147,2024-02-01 19:27:39,142,142,142,Davinder’s Apple Watch,"Benny the Butcher, Westside Gunn, Conway the Machine & Rick Hyde - Griselda Express"
148,2024-02-01 19:27:42,142,142,142,Davinder’s Apple Watch,"Benny the Butcher, Westside Gunn, Conway the Machine & Rick Hyde - Griselda Express"
149,2024-02-01 19:27:45,144,144,144,Davinder’s Apple Watch,"Benny the Butcher, Westside Gunn, Conway the Machine & Rick Hyde - Griselda Express"
150,2024-02-01 19:27:50,145,145,145,Davinder’s Apple Watch,"Benny the Butcher, Westside Gunn, Conway the Machine & Rick Hyde - Griselda Express"
151,2024-02-01 19:27:58,149,149,149,Davinder’s Apple Watch,"Benny the Butcher, Westside Gunn, Conway the Machine & Rick Hyde - Griselda Express"
152,2024-02-01 19:28:00,149,149,149,Davinder’s Apple Watch,"Benny the Butcher, Westside Gunn, Conway the Machine & Rick Hyde - Griselda Express"
153,2024-02-01 19:28:05,150,150,150,Davinder’s Apple Watch,"Benny the Butcher, Westside Gunn, Conway the Machine & Rick Hyde - Griselda Express"
154,2024-02-01 19:28:11,151,151,151,Davinder’s Apple Watch,"Benny the Butcher, Westside Gunn, Conway the Machine & Rick Hyde - Griselda Express"
155,2024-02-01 19:28:18,156,156,156,Davinder’s Apple Watch,"Benny the Butcher, Westside Gunn, Conway the Machine & Rick Hyde - Griselda Express"
156,2024-02-01 19:28:24,153,153,153,Davinder’s Apple Watch,"Benny the Butcher, Westside Gunn, Conway the Machine & Rick Hyde - Griselda Express"
157,2024-02-01 19:28:30,152,152,152,Davinder’s Apple Watch,"Benny the Butcher, Westside Gunn, Conway the Machine & Rick Hyde - Griselda Express"
158,2024-02-01 19:28:34,151,151,151,Davinder’s Apple Watch,"Benny the Butcher, Westside Gunn, Conway the Machine & Rick Hyde - Griselda Express"
159,2024-02-01 19:28:36,150,150,150,Davinder’s Apple Watch,"Benny the Butcher, Westside Gunn, Conway the Machine & Rick Hyde - Griselda Express"
160,2024-02-01 19:28:43,151,151,151,Davinder’s Apple Watch,Benny the Butcher - Guerrero (feat. Westside Gunn)
161,2024-02-01 19:28:46,152,152,152,Davinder’s Apple Watch,Benny the Butcher - Guerrero (feat. Westside Gunn)
162,2024-02-01 19:28:55,155,155,155,Davinder’s Apple Watch,Benny the Butcher - Guerrero (feat. Westside Gunn)
163,2024-02-01 19:29:00,156,156,156,Davinder’s Apple Watch,Benny the Butcher - Guerrero (feat. Westside Gunn)
164,2024-02-01 19:29:05,156,156,156,Davinder’s Apple Watch,Benny the Butcher - Guerrero (feat. Westside Gunn)
165,2024-02-01 19:29:09,156,156,156,Davinder’s Apple Watch,Benny the Butcher - Guerrero (feat. Westside Gunn)
166,2024-02-01 19:29:15,157,157,157,Davinder’s Apple Watch,Benny the Butcher - Guerrero (feat. Westside Gunn)
167,2024-02-01 19:29:16,156,156,156,Davinder’s Apple Watch,Benny the Butcher - Guerrero (feat. Westside Gunn)
168,2024-02-01 19:29:23,157,157,157,Davinder’s Apple Watch,Benny the Butcher - Guerrero (feat. Westside Gunn)
169,2024-02-01 19:29:29,155,155,155,Davinder’s Apple Watch,Benny the Butcher - Guerrero (feat. Westside Gunn)
170,2024-02-01 19:29:31,155,155,155,Davinder’s Apple Watch,Benny the Butcher - Guerrero (feat. Westside Gunn)
171,2024-02-01 19:29:39,153,153,153,Davinder’s Apple Watch,Benny the Butcher - Guerrero (feat. Westside Gunn)
172,2024-02-01 19:29:45,150,150,150,Davinder’s Apple Watch,Benny the Butcher - Guerrero (feat. Westside Gunn)
173,2024-02-01 19:29:50,148,148,148,Davinder’s Apple Watch,Benny the Butcher - Guerrero (feat. Westside Gunn)
174,2024-02-01 19:29:51,148,148,148,Davinder’s Apple Watch,Benny the Butcher - Guerrero (feat. Westside Gunn)
175,2024-02-01 19:29:58,148,148,148,Davinder’s Apple Watch,JPEGMAFIA - Baby I'm Bleeding
176,2024-02-01 19:30:01,147,147,147,Davinder’s Apple Watch,JPEGMAFIA - Baby I'm Bleeding
177,2024-02-01 19:30:06,148,148,148,Davinder’s Apple Watch,JPEGMAFIA - Baby I'm Bleeding
178,2024-02-01 19:30:16,151,151,151,Davinder’s Apple Watch,JPEGMAFIA - Baby I'm Bleeding
179,2024-02-01 19:30:17,151,151,151,Davinder’s Apple Watch,
180,2024-02-01 19:30:26,149,149,149,Davinder’s Apple Watch,Cookin Soul & Tha God Fahim - Blood Sport
181,2024-02-01 19:30:28,149,149,149,Davinder’s Apple Watch,Cookin Soul & Tha God Fahim - Blood Sport
182,2024-02-01 19:30:35,152,152,152,Davinder’s Apple Watch,Cookin Soul & Tha God Fahim - Blood Sport
183,2024-02-01 19:30:38,152,152,152,Davinder’s Apple Watch,Cookin Soul & Tha God Fahim - Blood Sport
184,2024-02-01 19:30:43,153,153,153,Davinder’s Apple Watch,Cookin Soul & Tha God Fahim - Blood Sport
185,2024-02-01 19:30:51,154,154,154,Davinder’s Apple Watch,Cookin Soul & Tha God Fahim - Blood Sport
186,2024-02-01 19:30:55,152,152,152,Davinder’s Apple Watch,Cookin Soul & Tha God Fahim - Blood Sport
187,2024-02-01 19:31:16,147,147,147,Davinder’s Apple Watch,Cookin Soul & Tha God Fahim - Blood Sport
188,2024-02-01 19:31:17,148,148,148,Davinder’s Apple Watch,Cookin Soul & Tha God Fahim - Blood Sport
189,2024-02-01 19:31:26,146,146,146,Davinder’s Apple Watch,Cookin Soul & Tha God Fahim - Blood Sport
190,2024-02-01 19:31:31,146,146,146,Davinder’s Apple Watch,Cookin Soul & Tha God Fahim - Blood Sport
191,2024-02-01 19:31:36,145,145,145,Davinder’s Apple Watch,Cookin Soul & Tha God Fahim - Blood Sport
192,2024-02-01 19:31:38,144,144,144,Davinder’s Apple Watch,Cookin Soul & Tha God Fahim - Blood Sport
193,2024-02-01 19:31:42,145,145,145,Davinder’s Apple Watch,Cookin Soul & Tha God Fahim - Blood Sport
194,2024-02-01 19:31:51,146,146,146,Davinder’s Apple Watch,Cookin Soul & Tha God Fahim - Blood Sport
195,2024-02-01 19:31:54,145,145,145,Davinder’s Apple Watch,Cookin Soul & Tha God Fahim - Blood Sport
196,2024-02-01 19:31:57,143,143,143,Davinder’s Apple Watch,Cookin Soul & Tha God Fahim - Blood Sport
197,2024-02-01 19:32:02,145,145,145,Davinder’s Apple Watch,Cookin Soul & Tha God Fahim - Blood Sport
198,2024-02-01 19:32:11,146,146,146,Davinder’s Apple Watch,Cookin Soul & Tha God Fahim - Blood Sport
199,2024-02-01 19:32:16,146,146,146,Davinder’s Apple Watch,Cookin Soul & Tha God Fahim - Blood Sport
200,2024-02-01 19:32:19,146,146,146,Davinder’s Apple Watch,Cookin Soul & Tha God Fahim - Blood Sport
201,2024-02-01 19:32:22,146,146,146,Davinder’s Apple Watch,Cookin Soul & Tha God Fahim - Blood Sport
202,2024-02-01 19:32:27,146,146,146,Davinder’s Apple Watch,Cookin Soul & Tha God Fahim - Blood Sport
203,2024-02-01 19:32:32,148,148,148,Davinder’s Apple Watch,Cookin Soul & Tha God Fahim - Blood Sport
204,2024-02-01 19:32:37,147,147,147,Davinder’s Apple Watch,Cookin Soul & Tha God Fahim - Blood Sport
205,2024-02-01 19:32:46,150,150,150,Davinder’s Apple Watch,Cookin Soul & Tha God Fahim - Blood Sport
206,2024-02-01 19:32:49,150,150,150,Davinder’s Apple Watch,Cookin Soul & Tha God Fahim - Blood Sport
207,2024-02-01 19:32:55,152,152,152,Davinder’s Apple Watch,Cookin Soul & Tha God Fahim - Blood Sport
208,2024-02-01 19:33:01,152,152,152,Davinder’s Apple Watch,Cookin Soul & Tha God Fahim - Blood Sport
209,2024-02-01 19:33:02,152,152,152,Davinder’s Apple Watch,Cookin Soul & Tha God Fahim - Blood Sport
210,2024-02-01 19:33:07,152,152,152,Davinder’s Apple Watch,Cookin Soul & Tha God Fahim - Get Ur Weight Up
211,2024-02-01 19:33:12,150,150,150,Davinder’s Apple Watch,Cookin Soul & Tha God Fahim - Get Ur Weight Up
212,2024-02-01 19:33:21,149,149,149,Davinder’s Apple Watch,Cookin Soul & Tha God Fahim - Get Ur Weight Up
213,2024-02-01 19:33:24,149,149,149,Davinder’s Apple Watch,Cookin Soul & Tha God Fahim - Economics (feat. The Musalini)
214,2024-02-01 19:33:27,148,148,148,Davinder’s Apple Watch,Cookin Soul & Tha God Fahim - Economics (feat. The Musalini)
215,2024-02-01 19:33:34,146,146,146,Davinder’s Apple Watch,Cookin Soul & Tha God Fahim - Economics (feat. The Musalini)
216,2024-02-01 19:33:41,146,146,146,Davinder’s Apple Watch,Cookin Soul & Tha God Fahim - Economics (feat. The Musalini)
217,2024-02-01 19:33:43,146,146,146,Davinder’s Apple Watch,Cookin Soul & Tha God Fahim - Economics (feat. The Musalini)
218,2024-02-01 19:33:48,144,144,144,Davinder’s Apple Watch,Cookin Soul & Tha God Fahim - Economics (feat. The Musalini)
219,2024-02-01 19:33:56,144,144,144,Davinder’s Apple Watch,Cookin Soul & Tha God Fahim - Economics (feat. The Musalini)
220,2024-02-01 19:34:01,144,144,144,Davinder’s Apple Watch,Cookin Soul & Tha God Fahim - Economics (feat. The Musalini)
221,2024-02-01 19:34:04,143,143,143,Davinder’s Apple Watch,Cookin Soul & Tha God Fahim - Economics (feat. The Musalini)
222,2024-02-01 19:34:08,144,144,144,Davinder’s Apple Watch,Cookin Soul & Tha God Fahim - Economics (feat. The Musalini)
223,2024-02-01 19:34:15,145,145,145,Davinder’s Apple Watch,Cookin Soul & Tha God Fahim - Economics (feat. The Musalini)
