,Date/Time,Min (count/min),Max (count/min),Avg (count/min),Source,Track Description
0,2024-03-24 12:43:40,96,96,96,Davinder’s Apple Watch,
1,2024-03-24 12:43:45,97,97,97,Davinder’s Apple Watch,
2,2024-03-24 12:44:49,124,124,124,Davinder’s Apple Watch,
3,2024-03-24 12:44:54,122,122,122,Davinder’s Apple Watch,
4,2024-03-24 12:44:58,124,124,124,Davinder’s Apple Watch,
5,2024-03-24 12:45:01,124,124,124,Davinder’s Apple Watch,
6,2024-03-24 12:45:09,125,125,125,Davinder’s Apple Watch,
7,2024-03-24 12:45:13,124,124,124,Davinder’s Apple Watch,
8,2024-03-24 12:45:15,123,123,123,Davinder’s Apple Watch,
9,2024-03-24 12:45:22,122,122,122,Davinder’s Apple Watch,
10,2024-03-24 12:45:25,122,122,122,Davinder’s Apple Watch,
11,2024-03-24 12:45:34,121,121,121,Davinder’s Apple Watch,
12,2024-03-24 12:45:36,121,121,121,Davinder’s Apple Watch,
13,2024-03-24 12:45:43,120,120,120,Davinder’s Apple Watch,
14,2024-03-24 12:45:45,121,121,121,Davinder’s Apple Watch,
15,2024-03-24 12:45:54,121,121,121,Davinder’s Apple Watch,
16,2024-03-24 12:45:55,121,121,121,Davinder’s Apple Watch,
17,2024-03-24 12:46:02,121,121,121,Davinder’s Apple Watch,
18,2024-03-24 12:46:07,124,124,124,Davinder’s Apple Watch,
19,2024-03-24 12:46:13,125,125,125,Davinder’s Apple Watch,
20,2024-03-24 12:46:20,121,121,121,Davinder’s Apple Watch,
21,2024-03-24 12:46:23,122,122,122,Davinder’s Apple Watch,
22,2024-03-24 12:46:29,122,122,122,Davinder’s Apple Watch,
23,2024-03-24 12:46:33,122,122,122,Davinder’s Apple Watch,
24,2024-03-24 12:46:38,121,121,121,Davinder’s Apple Watch,
25,2024-03-24 12:46:41,121,121,121,Davinder’s Apple Watch,
26,2024-03-24 12:46:46,120,120,120,Davinder’s Apple Watch,
27,2024-03-24 12:46:54,119,119,119,Davinder’s Apple Watch,
28,2024-03-24 12:46:59,118,118,118,Davinder’s Apple Watch,
29,2024-03-24 12:47:04,119,119,119,Davinder’s Apple Watch,
30,2024-03-24 12:47:06,120,120,120,Davinder’s Apple Watch,
31,2024-03-24 12:47:11,121,121,121,Davinder’s Apple Watch,
32,2024-03-24 12:47:16,122,122,122,Davinder’s Apple Watch,
33,2024-03-24 12:47:23,126,126,126,Davinder’s Apple Watch,
34,2024-03-24 12:47:30,126,126,126,Davinder’s Apple Watch,
35,2024-03-24 12:47:35,126,126,126,Davinder’s Apple Watch,
36,2024-03-24 12:47:37,126,126,126,Davinder’s Apple Watch,
37,2024-03-24 12:47:41,125,125,125,Davinder’s Apple Watch,
38,2024-03-24 12:47:47,126,126,126,Davinder’s Apple Watch,
39,2024-03-24 12:47:54,125,125,125,Davinder’s Apple Watch,
40,2024-03-24 12:47:58,124,124,124,Davinder’s Apple Watch,
41,2024-03-24 12:48:01,123,123,123,Davinder’s Apple Watch,
42,2024-03-24 12:48:07,123,123,123,Davinder’s Apple Watch,
43,2024-03-24 12:48:15,125,125,125,Davinder’s Apple Watch,
44,2024-03-24 12:48:17,125,125,125,Davinder’s Apple Watch,
45,2024-03-24 12:48:24,125,125,125,Davinder’s Apple Watch,
46,2024-03-24 12:48:28,126,126,126,Davinder’s Apple Watch,
47,2024-03-24 12:48:35,127,127,127,Davinder’s Apple Watch,
48,2024-03-24 12:48:36,127,127,127,Davinder’s Apple Watch,
49,2024-03-24 12:48:45,128,128,128,Davinder’s Apple Watch,
50,2024-03-24 12:48:46,128,128,128,Davinder’s Apple Watch,
51,2024-03-24 12:48:54,130,130,130,Davinder’s Apple Watch,
52,2024-03-24 12:48:59,131,131,131,Davinder’s Apple Watch,
53,2024-03-24 12:49:03,133,133,133,Davinder’s Apple Watch,
54,2024-03-24 12:49:08,133,133,133,Davinder’s Apple Watch,
55,2024-03-24 12:49:14,133,133,133,Davinder’s Apple Watch,
56,2024-03-24 12:49:19,132,132,132,Davinder’s Apple Watch,
57,2024-03-24 12:49:22,132,132,132,Davinder’s Apple Watch,
58,2024-03-24 12:49:29,132,132,132,Davinder’s Apple Watch,
59,2024-03-24 12:49:31,131,131,131,Davinder’s Apple Watch,
60,2024-03-24 12:49:39,131,131,131,Davinder’s Apple Watch,
61,2024-03-24 12:49:45,132,132,132,Davinder’s Apple Watch,
62,2024-03-24 12:49:47,132,132,132,Davinder’s Apple Watch,
63,2024-03-24 12:49:54,133,133,133,Davinder’s Apple Watch,
64,2024-03-24 12:49:57,132,132,132,Davinder’s Apple Watch,
65,2024-03-24 12:50:01,132,132,132,Davinder’s Apple Watch,
66,2024-03-24 12:50:10,134,134,134,Davinder’s Apple Watch,
67,2024-03-24 12:50:14,135,135,135,Davinder’s Apple Watch,
68,2024-03-24 12:50:18,135,135,135,Davinder’s Apple Watch,
69,2024-03-24 12:50:21,137,137,137,Davinder’s Apple Watch,
70,2024-03-24 12:50:29,140,140,140,Davinder’s Apple Watch,
71,2024-03-24 12:50:34,141,141,141,Davinder’s Apple Watch,
72,2024-03-24 12:50:38,140,140,140,Davinder’s Apple Watch,
73,2024-03-24 12:50:45,139,139,139,Davinder’s Apple Watch,Justice - Generator
74,2024-03-24 12:50:48,138,138,138,Davinder’s Apple Watch,Justice - Generator
75,2024-03-24 12:50:51,138,138,138,Davinder’s Apple Watch,Justice - Generator
76,2024-03-24 12:50:58,140,140,140,Davinder’s Apple Watch,Justice - Generator
77,2024-03-24 12:51:01,141,141,141,Davinder’s Apple Watch,Justice - Generator
78,2024-03-24 12:51:10,147,147,147,Davinder’s Apple Watch,Justice - Generator
79,2024-03-24 12:51:15,149,149,149,Davinder’s Apple Watch,Justice - Generator
80,2024-03-24 12:51:20,152,152,152,Davinder’s Apple Watch,Justice - Generator
81,2024-03-24 12:51:25,153,153,153,Davinder’s Apple Watch,Justice - Generator
82,2024-03-24 12:51:26,154,154,154,Davinder’s Apple Watch,Justice - Generator
83,2024-03-24 12:51:35,156,156,156,Davinder’s Apple Watch,Justice - Generator
84,2024-03-24 12:51:36,157,157,157,Davinder’s Apple Watch,Justice - Generator
85,2024-03-24 12:51:41,159,159,159,Davinder’s Apple Watch,Justice - Generator
86,2024-03-24 12:51:48,161,161,161,Davinder’s Apple Watch,Justice - Generator
87,2024-03-24 12:51:55,162,162,162,Davinder’s Apple Watch,Justice - Generator
88,2024-03-24 12:51:58,163,163,163,Davinder’s Apple Watch,Justice - Generator
89,2024-03-24 12:52:05,162,162,162,Davinder’s Apple Watch,Justice - Generator
90,2024-03-24 12:52:07,163,163,163,Davinder’s Apple Watch,Justice - Generator
91,2024-03-24 12:52:13,164,164,164,Davinder’s Apple Watch,Justice - Generator
92,2024-03-24 12:52:16,163,163,163,Davinder’s Apple Watch,Justice - Generator
93,2024-03-24 12:52:24,165,165,165,Davinder’s Apple Watch,Justice - Generator
94,2024-03-24 12:52:30,165,165,165,Davinder’s Apple Watch,Justice - Generator
95,2024-03-24 12:52:31,165,165,165,Davinder’s Apple Watch,Justice - Generator
96,2024-03-24 12:52:38,162,162,162,Davinder’s Apple Watch,Justice - Generator
97,2024-03-24 12:52:45,160,160,160,Davinder’s Apple Watch,Justice - Generator
98,2024-03-24 12:52:50,159,159,159,Davinder’s Apple Watch,Justice - Generator
99,2024-03-24 12:52:52,159,159,159,Davinder’s Apple Watch,Justice - Generator
100,2024-03-24 12:52:59,160,160,160,Davinder’s Apple Watch,Justice - Generator
101,2024-03-24 12:53:05,159,159,159,Davinder’s Apple Watch,Justice - Generator
102,2024-03-24 12:53:07,159,159,159,Davinder’s Apple Watch,Justice - Generator
103,2024-03-24 12:53:14,164,164,164,Davinder’s Apple Watch,Justice - Generator
104,2024-03-24 12:53:41,163,163,163,Davinder’s Apple Watch,Justice - Generator
105,2024-03-24 12:53:50,166,166,166,Davinder’s Apple Watch,Justice - Generator
106,2024-03-24 12:53:51,166,166,166,Davinder’s Apple Watch,Justice - Generator
107,2024-03-24 12:54:00,166,166,166,Davinder’s Apple Watch,Justice - Generator
108,2024-03-24 12:54:01,165,165,165,Davinder’s Apple Watch,Justice - Generator
109,2024-03-24 12:54:10,164,164,164,Davinder’s Apple Watch,Justice - Generator
110,2024-03-24 12:54:14,166,166,166,Davinder’s Apple Watch,Justice - Generator
111,2024-03-24 12:54:16,165,165,165,Davinder’s Apple Watch,Justice - Generator
112,2024-03-24 12:54:24,165,165,165,Davinder’s Apple Watch,Justice - Generator
113,2024-03-24 12:54:26,165,165,165,Davinder’s Apple Watch,Justice - Generator
114,2024-03-24 12:54:31,164,164,164,Davinder’s Apple Watch,Justice - Generator
115,2024-03-24 12:54:37,165,165,165,Davinder’s Apple Watch,Justice - Generator
116,2024-03-24 12:54:51,161,161,161,Davinder’s Apple Watch,Justice - Generator
117,2024-03-24 12:54:58,163,163,163,Davinder’s Apple Watch,Justice - Generator
118,2024-03-24 12:55:03,161,161,161,Davinder’s Apple Watch,Justice & Tame Impala - One Night/All Night
119,2024-03-24 12:55:07,160,160,160,Davinder’s Apple Watch,Mad Rey - Joe Da Zin (feat. Jwles)
120,2024-03-24 12:55:12,159,159,159,Davinder’s Apple Watch,Mad Rey - Joe Da Zin (feat. Jwles)
121,2024-03-24 12:55:17,159,159,159,Davinder’s Apple Watch,Mad Rey - Joe Da Zin (feat. Jwles)
122,2024-03-24 12:55:23,159,159,159,Davinder’s Apple Watch,Mad Rey - Joe Da Zin (feat. Jwles)
123,2024-03-24 12:55:27,160,160,160,Davinder’s Apple Watch,Mad Rey - Joe Da Zin (feat. Jwles)
124,2024-03-24 12:55:35,158,158,158,Davinder’s Apple Watch,Mad Rey - Joe Da Zin (feat. Jwles)
125,2024-03-24 12:55:37,158,158,158,Davinder’s Apple Watch,Mad Rey - Joe Da Zin (feat. Jwles)
126,2024-03-24 12:55:45,158,158,158,Davinder’s Apple Watch,Mad Rey - Joe Da Zin (feat. Jwles)
127,2024-03-24 12:55:46,158,158,158,Davinder’s Apple Watch,Mad Rey - Joe Da Zin (feat. Jwles)
128,2024-03-24 12:55:51,160,160,160,Davinder’s Apple Watch,Mr. Oizo - Ruhe (feat. Boys Noize)
129,2024-03-24 12:55:56,160,160,160,Davinder’s Apple Watch,Mr. Oizo - Ruhe (feat. Boys Noize)
130,2024-03-24 12:56:01,160,160,160,Davinder’s Apple Watch,Mr. Oizo - Ruhe (feat. Boys Noize)
131,2024-03-24 12:56:22,156,156,156,Davinder’s Apple Watch,Mr. Oizo - Ruhe (feat. Boys Noize)
132,2024-03-24 12:56:26,157,157,157,Davinder’s Apple Watch,Mr. Oizo - Ruhe (feat. Boys Noize)
133,2024-03-24 12:56:35,158,158,158,Davinder’s Apple Watch,Mr. Oizo - Ruhe (feat. Boys Noize)
134,2024-03-24 12:56:37,156,156,156,Davinder’s Apple Watch,Mr. Oizo - Ruhe (feat. Boys Noize)
135,2024-03-24 12:56:45,157,157,157,Davinder’s Apple Watch,Mr. Oizo - Ruhe (feat. Boys Noize)
136,2024-03-24 12:56:46,157,157,157,Davinder’s Apple Watch,Mr. Oizo - Ruhe (feat. Boys Noize)
137,2024-03-24 12:57:00,157,157,157,Davinder’s Apple Watch,Mr. Oizo - Ruhe (feat. Boys Noize)
138,2024-03-24 12:57:02,158,158,158,Davinder’s Apple Watch,Mr. Oizo - Ruhe (feat. Boys Noize)
139,2024-03-24 12:57:09,159,159,159,Davinder’s Apple Watch,Mr. Oizo - Ruhe (feat. Boys Noize)
140,2024-03-24 12:57:14,160,160,160,Davinder’s Apple Watch,Mr. Oizo - No Tony (feat. Phra)
141,2024-03-24 12:57:20,159,159,159,Davinder’s Apple Watch,Mr. Oizo - No Tony (feat. Phra)
142,2024-03-24 12:57:25,161,161,161,Davinder’s Apple Watch,Mr. Oizo - No Tony (feat. Phra)
143,2024-03-24 12:57:29,163,163,163,Davinder’s Apple Watch,Mr. Oizo - No Tony (feat. Phra)
144,2024-03-24 12:57:35,162,162,162,Davinder’s Apple Watch,Mr. Oizo - Ham
145,2024-03-24 12:57:36,161,161,161,Davinder’s Apple Watch,Mr. Oizo - Ham
146,2024-03-24 12:57:44,163,163,163,Davinder’s Apple Watch,Mr. Oizo - Ham
147,2024-03-24 12:57:46,162,162,162,Davinder’s Apple Watch,Mr. Oizo - Ham
148,2024-03-24 12:57:54,162,162,162,Davinder’s Apple Watch,Mr. Oizo - Ham
149,2024-03-24 12:58:10,161,161,161,Davinder’s Apple Watch,Mr. Oizo - Ham
150,2024-03-24 12:58:11,161,161,161,Davinder’s Apple Watch,Mr. Oizo - Ham
151,2024-03-24 12:58:26,166,166,166,Davinder’s Apple Watch,Mr. Oizo - Ham
152,2024-03-24 12:58:31,164,164,164,Davinder’s Apple Watch,Mr. Oizo - Ham
153,2024-03-24 12:58:40,164,164,164,Davinder’s Apple Watch,Mr. Oizo - Ham
154,2024-03-24 12:58:44,165,165,165,Davinder’s Apple Watch,Mr. Oizo - Ham
155,2024-03-24 12:59:06,166,166,166,Davinder’s Apple Watch,Mr. Oizo - Ham
156,2024-03-24 12:59:11,167,167,167,Davinder’s Apple Watch,Mr. Oizo - Ham
157,2024-03-24 12:59:20,168,168,168,Davinder’s Apple Watch,Mr. Oizo - Ham
158,2024-03-24 12:59:24,169,169,169,Davinder’s Apple Watch,Mr. Oizo - Ham
159,2024-03-24 12:59:28,169,169,169,Davinder’s Apple Watch,Mr. Oizo - Ham
160,2024-03-24 12:59:34,170,170,170,Davinder’s Apple Watch,Mr. Oizo - Ham
161,2024-03-24 12:59:48,169,169,169,Davinder’s Apple Watch,Mr. Oizo - Ham
162,2024-03-24 13:00:01,169,169,169,Davinder’s Apple Watch,Mr. Oizo - Ham
163,2024-03-24 13:00:09,171,171,171,Davinder’s Apple Watch,Mr. Oizo - Ham
164,2024-03-24 13:00:15,172,172,172,Davinder’s Apple Watch,Mr. Oizo - Ham
165,2024-03-24 13:00:20,173,173,173,Davinder’s Apple Watch,Mr. Oizo - Ham
166,2024-03-24 13:00:25,173,173,173,Davinder’s Apple Watch,Mr. Oizo - Dry Run (feat. Bart B More)
167,2024-03-24 13:00:29,174,174,174,Davinder’s Apple Watch,
168,2024-03-24 13:00:43,171,171,171,Davinder’s Apple Watch,Mr. Oizo - Oral Sax
169,2024-03-24 13:00:47,171,171,171,Davinder’s Apple Watch,Mr. Oizo - Stade 2
170,2024-03-24 13:00:55,170,170,170,Davinder’s Apple Watch,Mr. Oizo - Douche Beat
171,2024-03-24 13:01:06,168,168,168,Davinder’s Apple Watch,Mr. Oizo - Cut Dick
172,2024-03-24 13:01:11,165,165,165,Davinder’s Apple Watch,Mr. Oizo - WC
173,2024-03-24 13:01:20,164,164,164,Davinder’s Apple Watch,Mr. Oizo - WC
174,2024-03-24 13:01:24,164,164,164,Davinder’s Apple Watch,Mr. Oizo - WC
175,2024-03-24 13:01:46,158,158,158,Davinder’s Apple Watch,Mr. Oizo - WC
176,2024-03-24 13:01:55,162,162,162,Davinder’s Apple Watch,Mr. Oizo - WC
177,2024-03-24 13:02:12,166,166,166,Davinder’s Apple Watch,Mr. Oizo - WC
178,2024-03-24 13:02:16,166,166,166,Davinder’s Apple Watch,Mr. Oizo - WC
179,2024-03-24 13:02:24,166,166,166,Davinder’s Apple Watch,Mr. Oizo - WC
180,2024-03-24 13:02:30,166,166,166,Davinder’s Apple Watch,Mr. Oizo - WC
181,2024-03-24 13:02:35,165,165,165,Davinder’s Apple Watch,Mr. Oizo - WC
182,2024-03-24 13:02:38,166,166,166,Davinder’s Apple Watch,Mr. Oizo - WC
183,2024-03-24 13:02:41,166,166,166,Davinder’s Apple Watch,Mr. Oizo - WC
184,2024-03-24 13:02:48,167,167,167,Davinder’s Apple Watch,Mr. Oizo - WC
185,2024-03-24 13:02:52,167,167,167,Davinder’s Apple Watch,Mr. Oizo - WC
186,2024-03-24 13:02:59,168,168,168,Davinder’s Apple Watch,Mr. Oizo - WC
187,2024-03-24 13:03:01,168,168,168,Davinder’s Apple Watch,Mr. Oizo - WC
188,2024-03-24 13:03:09,167,167,167,Davinder’s Apple Watch,Mr. Oizo - WC
189,2024-03-24 13:03:11,167,167,167,Davinder’s Apple Watch,Mr. Oizo - WC
190,2024-03-24 13:03:19,166,166,166,Davinder’s Apple Watch,Mr. Oizo - WC
191,2024-03-24 13:03:22,165,165,165,Davinder’s Apple Watch,Mr. Oizo - WC
192,2024-03-24 13:03:26,165,165,165,Davinder’s Apple Watch,Mr. Oizo - WC
193,2024-03-24 13:03:33,163,163,163,Davinder’s Apple Watch,Mr. Oizo - WC
194,2024-03-24 13:03:40,164,164,164,Davinder’s Apple Watch,Mr. Oizo - WC
195,2024-03-24 13:03:41,165,165,165,Davinder’s Apple Watch,Mr. Oizo - Textes
196,2024-03-24 13:03:46,164,164,164,Davinder’s Apple Watch,Mr. Oizo - Textes
197,2024-03-24 13:03:52,162,162,162,Davinder’s Apple Watch,Mr. Oizo - Textes
198,2024-03-24 13:03:56,163,163,163,Davinder’s Apple Watch,Mr. Oizo - Textes
199,2024-03-24 13:04:03,159,159,159,Davinder’s Apple Watch,Mr. Oizo - Textes
200,2024-03-24 13:04:09,159,159,159,Davinder’s Apple Watch,Mr. Oizo - Textes
201,2024-03-24 13:04:13,158,158,158,Davinder’s Apple Watch,Mr. Oizo - Textes
202,2024-03-24 13:04:20,159,159,159,Davinder’s Apple Watch,Mr. Oizo - Textes
203,2024-03-24 13:04:21,159,159,159,Davinder’s Apple Watch,Mr. Oizo - Textes
204,2024-03-24 13:04:28,156,156,156,Davinder’s Apple Watch,Mr. Oizo - Textes
205,2024-03-24 13:04:35,157,157,157,Davinder’s Apple Watch,Mr. Oizo - Textes
206,2024-03-24 13:04:46,158,158,158,Davinder’s Apple Watch,Mr. Oizo - Textes
207,2024-03-24 13:04:54,159,159,159,Davinder’s Apple Watch,Mr. Oizo - Textes
208,2024-03-24 13:04:58,159,159,159,Davinder’s Apple Watch,Hatebreed - I Will Be Heard
209,2024-03-24 13:05:02,157,157,157,Davinder’s Apple Watch,Hatebreed - I Will Be Heard
210,2024-03-24 13:05:06,158,158,158,Davinder’s Apple Watch,Hatebreed - I Will Be Heard
211,2024-03-24 13:05:15,157,157,157,Davinder’s Apple Watch,Hatebreed - I Will Be Heard
212,2024-03-24 13:05:20,156,156,156,Davinder’s Apple Watch,Hatebreed - I Will Be Heard
213,2024-03-24 13:05:23,158,158,158,Davinder’s Apple Watch,Hatebreed - I Will Be Heard
214,2024-03-24 13:05:26,158,158,158,Davinder’s Apple Watch,Hatebreed - I Will Be Heard
215,2024-03-24 13:05:40,157,157,157,Davinder’s Apple Watch,Hatebreed - I Will Be Heard
216,2024-03-24 13:05:44,159,159,159,Davinder’s Apple Watch,Hatebreed - I Will Be Heard
217,2024-03-24 13:05:47,159,159,159,Davinder’s Apple Watch,Hatebreed - I Will Be Heard
218,2024-03-24 13:05:51,161,161,161,Davinder’s Apple Watch,Hatebreed - I Will Be Heard
219,2024-03-24 13:05:58,161,161,161,Davinder’s Apple Watch,Hatebreed - I Will Be Heard
220,2024-03-24 13:06:05,160,160,160,Davinder’s Apple Watch,Hatebreed - I Will Be Heard
221,2024-03-24 13:06:10,160,160,160,Davinder’s Apple Watch,Hatebreed - I Will Be Heard
222,2024-03-24 13:06:11,160,160,160,Davinder’s Apple Watch,Hatebreed - I Will Be Heard
223,2024-03-24 13:06:18,161,161,161,Davinder’s Apple Watch,Hatebreed - I Will Be Heard
224,2024-03-24 13:06:25,161,161,161,Davinder’s Apple Watch,Hatebreed - I Will Be Heard
225,2024-03-24 13:06:26,161,161,161,Davinder’s Apple Watch,Hatebreed - I Will Be Heard
226,2024-03-24 13:06:34,161,161,161,Davinder’s Apple Watch,
227,2024-03-24 13:06:37,161,161,161,Davinder’s Apple Watch,JPEGMAFIA - 1539 N. Calvert
228,2024-03-24 13:06:45,162,162,162,Davinder’s Apple Watch,JPEGMAFIA - 1539 N. Calvert
229,2024-03-24 13:06:46,161,161,161,Davinder’s Apple Watch,JPEGMAFIA - 1539 N. Calvert
230,2024-03-24 13:06:52,163,163,163,Davinder’s Apple Watch,JPEGMAFIA - 1539 N. Calvert
231,2024-03-24 13:07:00,161,161,161,Davinder’s Apple Watch,JPEGMAFIA - 1539 N. Calvert
232,2024-03-24 13:07:05,161,161,161,Davinder’s Apple Watch,JPEGMAFIA - 1539 N. Calvert
233,2024-03-24 13:07:09,160,160,160,Davinder’s Apple Watch,JPEGMAFIA - 1539 N. Calvert
234,2024-03-24 13:07:15,161,161,161,Davinder’s Apple Watch,JPEGMAFIA - 1539 N. Calvert
235,2024-03-24 13:07:18,162,162,162,Davinder’s Apple Watch,JPEGMAFIA - 1539 N. Calvert
236,2024-03-24 13:07:22,163,163,163,Davinder’s Apple Watch,JPEGMAFIA - 1539 N. Calvert
237,2024-03-24 13:07:29,163,163,163,Davinder’s Apple Watch,JPEGMAFIA - 1539 N. Calvert
238,2024-03-24 13:07:38,161,161,161,Davinder’s Apple Watch,JPEGMAFIA - 1539 N. Calvert
239,2024-03-24 13:07:45,158,158,158,Davinder’s Apple Watch,JPEGMAFIA - 1539 N. Calvert
240,2024-03-24 13:08:00,159,159,159,Davinder’s Apple Watch,JPEGMAFIA - 1539 N. Calvert
241,2024-03-24 13:08:01,159,159,159,Davinder’s Apple Watch,JPEGMAFIA - 1539 N. Calvert
242,2024-03-24 13:08:09,158,158,158,Davinder’s Apple Watch,JPEGMAFIA - 1539 N. Calvert
243,2024-03-24 13:08:12,156,156,156,Davinder’s Apple Watch,JPEGMAFIA - 1539 N. Calvert
244,2024-03-24 13:08:20,157,157,157,Davinder’s Apple Watch,JPEGMAFIA - 1539 N. Calvert
245,2024-03-24 13:08:21,158,158,158,Davinder’s Apple Watch,JPEGMAFIA - 1539 N. Calvert
246,2024-03-24 13:08:45,157,157,157,Davinder’s Apple Watch,JPEGMAFIA - 1539 N. Calvert
247,2024-03-24 13:08:48,158,158,158,Davinder’s Apple Watch,JPEGMAFIA - 1539 N. Calvert
248,2024-03-24 13:08:51,159,159,159,Davinder’s Apple Watch,JPEGMAFIA - 1539 N. Calvert
249,2024-03-24 13:08:57,159,159,159,Davinder’s Apple Watch,JPEGMAFIA - 1539 N. Calvert
250,2024-03-24 13:09:04,161,161,161,Davinder’s Apple Watch,JPEGMAFIA - 1539 N. Calvert
251,2024-03-24 13:09:08,161,161,161,Davinder’s Apple Watch,JPEGMAFIA - 1539 N. Calvert
252,2024-03-24 13:09:21,159,159,159,Davinder’s Apple Watch,Denzel Curry - Ultimate
253,2024-03-24 13:09:30,158,158,158,Davinder’s Apple Watch,Denzel Curry - Ultimate
254,2024-03-24 13:09:31,157,157,157,Davinder’s Apple Watch,Denzel Curry - Ultimate
255,2024-03-24 13:09:39,157,157,157,Davinder’s Apple Watch,
256,2024-03-24 13:09:44,156,156,156,Davinder’s Apple Watch,Death Grips - Anne Bonny
257,2024-03-24 13:09:50,154,154,154,Davinder’s Apple Watch,
258,2024-03-24 13:09:53,152,152,152,Davinder’s Apple Watch,
259,2024-03-24 13:09:56,152,152,152,Davinder’s Apple Watch,Death Grips - Guillotine
260,2024-03-24 13:10:02,152,152,152,Davinder’s Apple Watch,Death Grips - Guillotine
261,2024-03-24 13:10:08,151,151,151,Davinder’s Apple Watch,Death Grips - Guillotine
262,2024-03-24 13:10:14,150,150,150,Davinder’s Apple Watch,Death Grips - Guillotine
263,2024-03-24 13:10:17,149,149,149,Davinder’s Apple Watch,Death Grips - Guillotine
264,2024-03-24 13:10:21,149,149,149,Davinder’s Apple Watch,Death Grips - Guillotine
265,2024-03-24 13:10:28,149,149,149,Davinder’s Apple Watch,Death Grips - Guillotine
266,2024-03-24 13:10:31,151,151,151,Davinder’s Apple Watch,Death Grips - Guillotine
267,2024-03-24 13:10:36,151,151,151,Davinder’s Apple Watch,Death Grips - Guillotine
268,2024-03-24 13:10:50,157,157,157,Davinder’s Apple Watch,Death Grips - Guillotine
269,2024-03-24 13:10:51,157,157,157,Davinder’s Apple Watch,Death Grips - Guillotine
270,2024-03-24 13:11:00,159,159,159,Davinder’s Apple Watch,Death Grips - Guillotine
271,2024-03-24 13:11:02,160,160,160,Davinder’s Apple Watch,Death Grips - Guillotine
272,2024-03-24 13:11:06,159,159,159,Davinder’s Apple Watch,Death Grips - Guillotine
273,2024-03-24 13:11:12,159,159,159,Davinder’s Apple Watch,Death Grips - Guillotine
274,2024-03-24 13:11:16,156,156,156,Davinder’s Apple Watch,Death Grips - Guillotine
275,2024-03-24 13:11:24,152,152,152,Davinder’s Apple Watch,Death Grips - Guillotine
276,2024-03-24 13:11:36,155,155,155,Davinder’s Apple Watch,Death Grips - Guillotine
277,2024-03-24 13:11:42,157,157,157,Davinder’s Apple Watch,Death Grips - Guillotine
278,2024-03-24 13:11:48,156,156,156,Davinder’s Apple Watch,Death Grips - Guillotine
279,2024-03-24 13:12:03,156,156,156,Davinder’s Apple Watch,Death Grips - Guillotine
280,2024-03-24 13:12:08,154,154,154,Davinder’s Apple Watch,Death Grips - Guillotine
281,2024-03-24 13:12:12,153,153,153,Davinder’s Apple Watch,Death Grips - Guillotine
282,2024-03-24 13:12:18,152,152,152,Davinder’s Apple Watch,Death Grips - Guillotine
283,2024-03-24 13:12:24,154,154,154,Davinder’s Apple Watch,Death Grips - Guillotine
284,2024-03-24 13:12:26,154,154,154,Davinder’s Apple Watch,Death Grips - Guillotine
285,2024-03-24 13:12:35,158,158,158,Davinder’s Apple Watch,Death Grips - Guillotine
286,2024-03-24 13:12:40,158,158,158,Davinder’s Apple Watch,Death Grips - Guillotine
287,2024-03-24 13:12:42,158,158,158,Davinder’s Apple Watch,Death Grips - Guillotine
288,2024-03-24 13:12:49,158,158,158,Davinder’s Apple Watch,Death Grips - Guillotine
289,2024-03-24 13:12:58,158,158,158,Davinder’s Apple Watch,Death Grips - Guillotine
290,2024-03-24 13:13:05,156,156,156,Davinder’s Apple Watch,Death Grips - Guillotine
291,2024-03-24 13:13:10,155,155,155,Davinder’s Apple Watch,Death Grips - Guillotine
292,2024-03-24 13:13:11,155,155,155,Davinder’s Apple Watch,Death Grips - Guillotine
293,2024-03-24 13:13:20,154,154,154,Davinder’s Apple Watch,Death Grips - Guillotine
294,2024-03-24 13:13:22,155,155,155,Davinder’s Apple Watch,Death Grips - Guillotine
295,2024-03-24 13:13:29,156,156,156,Davinder’s Apple Watch,Death Grips - Guillotine
296,2024-03-24 13:13:32,155,155,155,Davinder’s Apple Watch,Death Grips - Guillotine
297,2024-03-24 13:13:38,156,156,156,Davinder’s Apple Watch,black midi - Welcome To Hell
298,2024-03-24 13:13:45,153,153,153,Davinder’s Apple Watch,black midi - Welcome To Hell
