Date/Time,Min (count/min),Max (count/min),Avg (count/min),Source
2024-03-24 13:13:58,150,150,150,Davinder’s Apple Watch
2024-03-24 13:14:05,149,149,149,Davinder’s Apple Watch
2024-03-24 13:14:06,148,148,148,Davinder’s Apple Watch
2024-03-24 13:14:15,144,144,144,Davinder’s Apple Watch
2024-03-24 13:14:16,145,145,145,Davinder’s Apple Watch
2024-03-24 13:14:22,146,146,146,Davinder’s Apple Watch
2024-03-24 13:14:30,140,140,140,Davinder’s Apple Watch
2024-03-24 13:14:32,138,138,138,Davinder’s Apple Watch
2024-03-24 13:14:38,136,136,136,Davinder’s Apple Watch
2024-03-24 13:14:41,134,134,134,Davinder’s Apple Watch
2024-03-24 13:14:50,130,130,130,Davinder’s Apple Watch
2024-03-24 13:14:54,131,131,131,Davinder’s Apple Watch
2024-03-24 13:15:00,134,134,134,Davinder’s Apple Watch
2024-03-24 13:15:05,136,136,136,Davinder’s Apple Watch
2024-03-24 13:15:10,132,132,132,Davinder’s Apple Watch
2024-03-24 13:15:12,132,132,132,Davinder’s Apple Watch
2024-03-24 13:15:16,133,133,133,Davinder’s Apple Watch
2024-03-24 13:15:26,128,128,128,Davinder’s Apple Watch
2024-03-24 13:15:38,131,131,131,Davinder’s Apple Watch
2024-03-24 13:15:43,131,131,131,Davinder’s Apple Watch
