Date/Time,Active Energy (kcal),Source
2024-02-09 19:29:58,0.014,Davinder’s Apple Watch
2024-02-09 19:29:59,0.021,Davinder’s Apple Watch
2024-02-09 19:30:00,0.021,Davinder’s Apple Watch
2024-02-09 19:30:01,0.021,Davinder’s Apple Watch
2024-02-09 19:30:02,0.021,Davinder’s Apple Watch
2024-02-09 19:30:03,0.065,Davinder’s Apple Watch
2024-02-09 19:30:04,0.11,Davinder’s Apple Watch
2024-02-09 19:30:05,0.11,Davinder’s Apple Watch
2024-02-09 19:30:06,0.126,Davinder’s Apple Watch
2024-02-09 19:30:07,0.127,Davinder’s Apple Watch
2024-02-09 19:30:08,0.121,Davinder’s Apple Watch
2024-02-09 19:30:09,0.11,Davinder’s Apple Watch
2024-02-09 19:30:10,0.11,Davinder’s Apple Watch
2024-02-09 19:30:11,0.123,Davinder’s Apple Watch
2024-02-09 19:30:12,0.127,Davinder’s Apple Watch
2024-02-09 19:30:13,0.127,Davinder’s Apple Watch
2024-02-09 19:30:14,0.127,Davinder’s Apple Watch
2024-02-09 19:30:15,0.127,Davinder’s Apple Watch
2024-02-09 19:30:16,0.127,Davinder’s Apple Watch
2024-02-09 19:30:17,0.127,Davinder’s Apple Watch
2024-02-09 19:30:18,0.127,Davinder’s Apple Watch
2024-02-09 19:30:19,0.127,Davinder’s Apple Watch
2024-02-09 19:30:20,0.127,Davinder’s Apple Watch
2024-02-09 19:30:21,0.12,Davinder’s Apple Watch
2024-02-09 19:30:22,0.11,Davinder’s Apple Watch
2024-02-09 19:30:23,0.11,Davinder’s Apple Watch
2024-02-09 19:30:24,0.11,Davinder’s Apple Watch
2024-02-09 19:30:25,0.11,Davinder’s Apple Watch
2024-02-09 19:30:26,0.115,Davinder’s Apple Watch
2024-02-09 19:30:27,0.127,Davinder’s Apple Watch
2024-02-09 19:30:28,0.127,Davinder’s Apple Watch
2024-02-09 19:30:29,0.127,Davinder’s Apple Watch
2024-02-09 19:30:30,0.127,Davinder’s Apple Watch
2024-02-09 19:30:31,0.127,Davinder’s Apple Watch
2024-02-09 19:30:32,0.127,Davinder’s Apple Watch
2024-02-09 19:30:33,0.127,Davinder’s Apple Watch
2024-02-09 19:30:34,0.127,Davinder’s Apple Watch
2024-02-09 19:30:35,0.127,Davinder’s Apple Watch
2024-02-09 19:30:36,0.127,Davinder’s Apple Watch
2024-02-09 19:30:37,0.127,Davinder’s Apple Watch
2024-02-09 19:30:38,0.127,Davinder’s Apple Watch
2024-02-09 19:30:39,0.127,Davinder’s Apple Watch
2024-02-09 19:30:40,0.127,Davinder’s Apple Watch
2024-02-09 19:30:41,0.127,Davinder’s Apple Watch
2024-02-09 19:30:42,0.1,Davinder’s Apple Watch
2024-02-09 19:30:43,0.093,Davinder’s Apple Watch
2024-02-09 19:30:44,0.1,Davinder’s Apple Watch
2024-02-09 19:30:45,0.127,Davinder’s Apple Watch
2024-02-09 19:30:46,0.127,Davinder’s Apple Watch
2024-02-09 19:30:47,0.127,Davinder’s Apple Watch
2024-02-09 19:30:48,0.127,Davinder’s Apple Watch
2024-02-09 19:30:49,0.127,Davinder’s Apple Watch
2024-02-09 19:30:50,0.127,Davinder’s Apple Watch
2024-02-09 19:30:51,0.127,Davinder’s Apple Watch
2024-02-09 19:30:52,0.127,Davinder’s Apple Watch
2024-02-09 19:30:53,0.127,Davinder’s Apple Watch
2024-02-09 19:30:54,0.127,Davinder’s Apple Watch
2024-02-09 19:30:55,0.127,Davinder’s Apple Watch
2024-02-09 19:30:56,0.127,Davinder’s Apple Watch
2024-02-09 19:30:57,0.127,Davinder’s Apple Watch
2024-02-09 19:30:58,0.127,Davinder’s Apple Watch
2024-02-09 19:30:59,0.127,Davinder’s Apple Watch
2024-02-09 19:31:00,0.127,Davinder’s Apple Watch
2024-02-09 19:31:01,0.127,Davinder’s Apple Watch
2024-02-09 19:31:02,0.127,Davinder’s Apple Watch
2024-02-09 19:31:03,0.127,Davinder’s Apple Watch
2024-02-09 19:31:04,0.127,Davinder’s Apple Watch
2024-02-09 19:31:05,0.117,Davinder’s Apple Watch
2024-02-09 19:31:06,0.11,Davinder’s Apple Watch
2024-02-09 19:31:07,0.111,Davinder’s Apple Watch
2024-02-09 19:31:08,0.109,Davinder’s Apple Watch
2024-02-09 19:31:09,0.11,Davinder’s Apple Watch
2024-02-09 19:31:10,0.117,Davinder’s Apple Watch
2024-02-09 19:31:11,0.127,Davinder’s Apple Watch
2024-02-09 19:31:12,0.127,Davinder’s Apple Watch
2024-02-09 19:31:13,0.127,Davinder’s Apple Watch
2024-02-09 19:31:14,0.127,Davinder’s Apple Watch
2024-02-09 19:31:15,0.127,Davinder’s Apple Watch
2024-02-09 19:31:16,0.127,Davinder’s Apple Watch
2024-02-09 19:31:17,0.127,Davinder’s Apple Watch
2024-02-09 19:31:18,0.127,Davinder’s Apple Watch
2024-02-09 19:31:19,0.127,Davinder’s Apple Watch
2024-02-09 19:31:20,0.127,Davinder’s Apple Watch
2024-02-09 19:31:21,0.127,Davinder’s Apple Watch
2024-02-09 19:31:22,0.127,Davinder’s Apple Watch
2024-02-09 19:31:23,0.159,Davinder’s Apple Watch
2024-02-09 19:31:24,0.189,Davinder’s Apple Watch
2024-02-09 19:31:25,0.189,Davinder’s Apple Watch
2024-02-09 19:31:26,0.245,Davinder’s Apple Watch
2024-02-09 19:31:27,0.249,Davinder’s Apple Watch
2024-02-09 19:31:28,0.249,Davinder’s Apple Watch
2024-02-09 19:31:29,0.249,Davinder’s Apple Watch
2024-02-09 19:31:30,0.249,Davinder’s Apple Watch
2024-02-09 19:31:31,0.242,Davinder’s Apple Watch
2024-02-09 19:31:32,0.24,Davinder’s Apple Watch
2024-02-09 19:31:33,0.24,Davinder’s Apple Watch
2024-02-09 19:31:34,0.238,Davinder’s Apple Watch
2024-02-09 19:31:35,0.238,Davinder’s Apple Watch
2024-02-09 19:31:36,0.235,Davinder’s Apple Watch
2024-02-09 19:31:37,0.233,Davinder’s Apple Watch
2024-02-09 19:31:38,0.233,Davinder’s Apple Watch
2024-02-09 19:31:39,0.233,Davinder’s Apple Watch
2024-02-09 19:31:40,0.233,Davinder’s Apple Watch
2024-02-09 19:31:41,0.233,Davinder’s Apple Watch
2024-02-09 19:31:42,0.233,Davinder’s Apple Watch
2024-02-09 19:31:43,0.233,Davinder’s Apple Watch
2024-02-09 19:31:44,0.233,Davinder’s Apple Watch
2024-02-09 19:31:45,0.233,Davinder’s Apple Watch
2024-02-09 19:31:46,0.233,Davinder’s Apple Watch
2024-02-09 19:31:47,0.233,Davinder’s Apple Watch
2024-02-09 19:31:48,0.233,Davinder’s Apple Watch
2024-02-09 19:31:49,0.233,Davinder’s Apple Watch
2024-02-09 19:31:50,0.233,Davinder’s Apple Watch
2024-02-09 19:31:51,0.233,Davinder’s Apple Watch
2024-02-09 19:31:52,0.233,Davinder’s Apple Watch
2024-02-09 19:31:53,0.233,Davinder’s Apple Watch
2024-02-09 19:31:54,0.233,Davinder’s Apple Watch
2024-02-09 19:31:55,0.233,Davinder’s Apple Watch
2024-02-09 19:31:56,0.233,Davinder’s Apple Watch
2024-02-09 19:31:57,0.233,Davinder’s Apple Watch
2024-02-09 19:31:58,0.233,Davinder’s Apple Watch
2024-02-09 19:31:59,0.233,Davinder’s Apple Watch
2024-02-09 19:32:00,0.233,Davinder’s Apple Watch
2024-02-09 19:32:01,0.233,Davinder’s Apple Watch
2024-02-09 19:32:02,0.233,Davinder’s Apple Watch
2024-02-09 19:32:03,0.233,Davinder’s Apple Watch
2024-02-09 19:32:04,0.234,Davinder’s Apple Watch
2024-02-09 19:32:05,0.235,Davinder’s Apple Watch
2024-02-09 19:32:06,0.235,Davinder’s Apple Watch
2024-02-09 19:32:07,0.235,Davinder’s Apple Watch
2024-02-09 19:32:08,0.235,Davinder’s Apple Watch
2024-02-09 19:32:09,0.235,Davinder’s Apple Watch
2024-02-09 19:32:10,0.235,Davinder’s Apple Watch
2024-02-09 19:32:11,0.235,Davinder’s Apple Watch
2024-02-09 19:32:12,0.235,Davinder’s Apple Watch
2024-02-09 19:32:13,0.235,Davinder’s Apple Watch
2024-02-09 19:32:14,0.235,Davinder’s Apple Watch
2024-02-09 19:32:15,0.235,Davinder’s Apple Watch
2024-02-09 19:32:16,0.235,Davinder’s Apple Watch
2024-02-09 19:32:17,0.235,Davinder’s Apple Watch
2024-02-09 19:32:18,0.235,Davinder’s Apple Watch
2024-02-09 19:32:19,0.235,Davinder’s Apple Watch
2024-02-09 19:32:20,0.235,Davinder’s Apple Watch
2024-02-09 19:32:21,0.235,Davinder’s Apple Watch
2024-02-09 19:32:22,0.235,Davinder’s Apple Watch
2024-02-09 19:32:23,0.235,Davinder’s Apple Watch
2024-02-09 19:32:24,0.235,Davinder’s Apple Watch
2024-02-09 19:32:25,0.235,Davinder’s Apple Watch
2024-02-09 19:32:26,0.235,Davinder’s Apple Watch
2024-02-09 19:32:27,0.235,Davinder’s Apple Watch
2024-02-09 19:32:28,0.235,Davinder’s Apple Watch
2024-02-09 19:32:29,0.235,Davinder’s Apple Watch
2024-02-09 19:32:30,0.235,Davinder’s Apple Watch
2024-02-09 19:32:31,0.235,Davinder’s Apple Watch
2024-02-09 19:32:32,0.235,Davinder’s Apple Watch
2024-02-09 19:32:33,0.235,Davinder’s Apple Watch
2024-02-09 19:32:34,0.235,Davinder’s Apple Watch
2024-02-09 19:32:35,0.235,Davinder’s Apple Watch
2024-02-09 19:32:36,0.235,Davinder’s Apple Watch
2024-02-09 19:32:37,0.235,Davinder’s Apple Watch
2024-02-09 19:32:38,0.235,Davinder’s Apple Watch
2024-02-09 19:32:39,0.235,Davinder’s Apple Watch
2024-02-09 19:32:40,0.235,Davinder’s Apple Watch
2024-02-09 19:32:41,0.235,Davinder’s Apple Watch
2024-02-09 19:32:42,0.235,Davinder’s Apple Watch
2024-02-09 19:32:43,0.235,Davinder’s Apple Watch
2024-02-09 19:32:44,0.235,Davinder’s Apple Watch
2024-02-09 19:32:45,0.235,Davinder’s Apple Watch
2024-02-09 19:32:46,0.235,Davinder’s Apple Watch
2024-02-09 19:32:47,0.235,Davinder’s Apple Watch
2024-02-09 19:32:48,0.235,Davinder’s Apple Watch
2024-02-09 19:32:49,0.235,Davinder’s Apple Watch
2024-02-09 19:32:50,0.235,Davinder’s Apple Watch
2024-02-09 19:32:51,0.235,Davinder’s Apple Watch
2024-02-09 19:32:52,0.235,Davinder’s Apple Watch
2024-02-09 19:32:53,0.235,Davinder’s Apple Watch
2024-02-09 19:32:54,0.235,Davinder’s Apple Watch
2024-02-09 19:32:55,0.235,Davinder’s Apple Watch
2024-02-09 19:32:56,0.235,Davinder’s Apple Watch
2024-02-09 19:32:57,0.235,Davinder’s Apple Watch
2024-02-09 19:32:58,0.235,Davinder’s Apple Watch
2024-02-09 19:32:59,0.235,Davinder’s Apple Watch
2024-02-09 19:33:00,0.235,Davinder’s Apple Watch
2024-02-09 19:33:01,0.235,Davinder’s Apple Watch
2024-02-09 19:33:02,0.235,Davinder’s Apple Watch
2024-02-09 19:33:03,0.235,Davinder’s Apple Watch
2024-02-09 19:33:04,0.235,Davinder’s Apple Watch
2024-02-09 19:33:05,0.235,Davinder’s Apple Watch
2024-02-09 19:33:06,0.235,Davinder’s Apple Watch
2024-02-09 19:33:07,0.235,Davinder’s Apple Watch
2024-02-09 19:33:08,0.235,Davinder’s Apple Watch
2024-02-09 19:33:09,0.235,Davinder’s Apple Watch
2024-02-09 19:33:10,0.235,Davinder’s Apple Watch
2024-02-09 19:33:11,0.235,Davinder’s Apple Watch
2024-02-09 19:33:12,0.235,Davinder’s Apple Watch
2024-02-09 19:33:13,0.235,Davinder’s Apple Watch
2024-02-09 19:33:14,0.235,Davinder’s Apple Watch
2024-02-09 19:33:15,0.235,Davinder’s Apple Watch
2024-02-09 19:33:16,0.236,Davinder’s Apple Watch
2024-02-09 19:33:17,0.177,Davinder’s Apple Watch
2024-02-09 19:33:18,0.178,Davinder’s Apple Watch
2024-02-09 19:33:19,0.202,Davinder’s Apple Watch
2024-02-09 19:33:20,0.235,Davinder’s Apple Watch
2024-02-09 19:33:21,0.235,Davinder’s Apple Watch
2024-02-09 19:33:22,0.235,Davinder’s Apple Watch
2024-02-09 19:33:23,0.235,Davinder’s Apple Watch
2024-02-09 19:33:24,0.235,Davinder’s Apple Watch
2024-02-09 19:33:25,0.235,Davinder’s Apple Watch
2024-02-09 19:33:26,0.235,Davinder’s Apple Watch
2024-02-09 19:33:27,0.235,Davinder’s Apple Watch
2024-02-09 19:33:28,0.235,Davinder’s Apple Watch
2024-02-09 19:33:29,0.23,Davinder’s Apple Watch
2024-02-09 19:33:30,0.178,Davinder’s Apple Watch
2024-02-09 19:33:31,0.178,Davinder’s Apple Watch
2024-02-09 19:33:32,0.207,Davinder’s Apple Watch
2024-02-09 19:33:33,0.235,Davinder’s Apple Watch
2024-02-09 19:33:34,0.235,Davinder’s Apple Watch
2024-02-09 19:33:35,0.182,Davinder’s Apple Watch
2024-02-09 19:33:36,0.178,Davinder’s Apple Watch
2024-02-09 19:33:37,0.198,Davinder’s Apple Watch
2024-02-09 19:33:38,0.235,Davinder’s Apple Watch
2024-02-09 19:33:39,0.235,Davinder’s Apple Watch
2024-02-09 19:33:40,0.235,Davinder’s Apple Watch
2024-02-09 19:33:41,0.235,Davinder’s Apple Watch
2024-02-09 19:33:42,0.235,Davinder’s Apple Watch
2024-02-09 19:33:43,0.235,Davinder’s Apple Watch
2024-02-09 19:33:44,0.235,Davinder’s Apple Watch
2024-02-09 19:33:45,0.235,Davinder’s Apple Watch
2024-02-09 19:33:46,0.235,Davinder’s Apple Watch
2024-02-09 19:33:47,0.235,Davinder’s Apple Watch
2024-02-09 19:33:48,0.235,Davinder’s Apple Watch
2024-02-09 19:33:49,0.235,Davinder’s Apple Watch
2024-02-09 19:33:50,0.209,Davinder’s Apple Watch
2024-02-09 19:33:51,0.178,Davinder’s Apple Watch
2024-02-09 19:33:52,0.178,Davinder’s Apple Watch
2024-02-09 19:33:53,0.178,Davinder’s Apple Watch
2024-02-09 19:33:54,0.178,Davinder’s Apple Watch
2024-02-09 19:33:55,0.178,Davinder’s Apple Watch
2024-02-09 19:33:56,0.178,Davinder’s Apple Watch
2024-02-09 19:33:57,0.178,Davinder’s Apple Watch
2024-02-09 19:33:58,0.219,Davinder’s Apple Watch
2024-02-09 19:33:59,0.235,Davinder’s Apple Watch
2024-02-09 19:34:00,0.235,Davinder’s Apple Watch
2024-02-09 19:34:01,0.235,Davinder’s Apple Watch
2024-02-09 19:34:02,0.235,Davinder’s Apple Watch
2024-02-09 19:34:03,0.235,Davinder’s Apple Watch
2024-02-09 19:34:04,0.235,Davinder’s Apple Watch
2024-02-09 19:34:05,0.235,Davinder’s Apple Watch
2024-02-09 19:34:06,0.235,Davinder’s Apple Watch
2024-02-09 19:34:07,0.235,Davinder’s Apple Watch
2024-02-09 19:34:08,0.235,Davinder’s Apple Watch
2024-02-09 19:34:09,0.235,Davinder’s Apple Watch
2024-02-09 19:34:10,0.235,Davinder’s Apple Watch
2024-02-09 19:34:11,0.235,Davinder’s Apple Watch
2024-02-09 19:34:12,0.235,Davinder’s Apple Watch
2024-02-09 19:34:13,0.235,Davinder’s Apple Watch
2024-02-09 19:34:14,0.235,Davinder’s Apple Watch
2024-02-09 19:34:15,0.235,Davinder’s Apple Watch
2024-02-09 19:34:16,0.235,Davinder’s Apple Watch
2024-02-09 19:34:17,0.235,Davinder’s Apple Watch
2024-02-09 19:34:18,0.235,Davinder’s Apple Watch
2024-02-09 19:34:19,0.238,Davinder’s Apple Watch
2024-02-09 19:34:20,0.238,Davinder’s Apple Watch
2024-02-09 19:34:21,0.238,Davinder’s Apple Watch
2024-02-09 19:34:22,0.238,Davinder’s Apple Watch
2024-02-09 19:34:23,0.238,Davinder’s Apple Watch
2024-02-09 19:34:24,0.238,Davinder’s Apple Watch
2024-02-09 19:34:25,0.238,Davinder’s Apple Watch
2024-02-09 19:34:26,0.238,Davinder’s Apple Watch
2024-02-09 19:34:27,0.238,Davinder’s Apple Watch
2024-02-09 19:34:28,0.238,Davinder’s Apple Watch
2024-02-09 19:34:29,0.238,Davinder’s Apple Watch
2024-02-09 19:34:30,0.238,Davinder’s Apple Watch
2024-02-09 19:34:31,0.238,Davinder’s Apple Watch
2024-02-09 19:34:32,0.238,Davinder’s Apple Watch
2024-02-09 19:34:33,0.238,Davinder’s Apple Watch
2024-02-09 19:34:34,0.238,Davinder’s Apple Watch
2024-02-09 19:34:35,0.238,Davinder’s Apple Watch
2024-02-09 19:34:36,0.238,Davinder’s Apple Watch
2024-02-09 19:34:37,0.238,Davinder’s Apple Watch
2024-02-09 19:34:38,0.238,Davinder’s Apple Watch
2024-02-09 19:34:39,0.225,Davinder’s Apple Watch
2024-02-09 19:34:40,0.209,Davinder’s Apple Watch
2024-02-09 19:34:41,0.209,Davinder’s Apple Watch
2024-02-09 19:34:42,0.184,Davinder’s Apple Watch
2024-02-09 19:34:43,0.179,Davinder’s Apple Watch
2024-02-09 19:34:44,0.188,Davinder’s Apple Watch
2024-02-09 19:34:45,0.209,Davinder’s Apple Watch
2024-02-09 19:34:46,0.209,Davinder’s Apple Watch
2024-02-09 19:34:47,0.229,Davinder’s Apple Watch
2024-02-09 19:34:48,0.238,Davinder’s Apple Watch
2024-02-09 19:34:49,0.238,Davinder’s Apple Watch
2024-02-09 19:34:50,0.238,Davinder’s Apple Watch
2024-02-09 19:34:51,0.238,Davinder’s Apple Watch
2024-02-09 19:34:52,0.238,Davinder’s Apple Watch
2024-02-09 19:34:53,0.238,Davinder’s Apple Watch
2024-02-09 19:34:54,0.238,Davinder’s Apple Watch
2024-02-09 19:34:55,0.238,Davinder’s Apple Watch
2024-02-09 19:34:56,0.238,Davinder’s Apple Watch
2024-02-09 19:34:57,0.238,Davinder’s Apple Watch
2024-02-09 19:34:58,0.238,Davinder’s Apple Watch
2024-02-09 19:34:59,0.238,Davinder’s Apple Watch
2024-02-09 19:35:00,0.238,Davinder’s Apple Watch
2024-02-09 19:35:01,0.238,Davinder’s Apple Watch
2024-02-09 19:35:02,0.238,Davinder’s Apple Watch
2024-02-09 19:35:03,0.238,Davinder’s Apple Watch
2024-02-09 19:35:04,0.238,Davinder’s Apple Watch
2024-02-09 19:35:05,0.238,Davinder’s Apple Watch
2024-02-09 19:35:06,0.238,Davinder’s Apple Watch
2024-02-09 19:35:07,0.238,Davinder’s Apple Watch
2024-02-09 19:35:08,0.238,Davinder’s Apple Watch
2024-02-09 19:35:09,0.238,Davinder’s Apple Watch
2024-02-09 19:35:10,0.238,Davinder’s Apple Watch
2024-02-09 19:35:11,0.238,Davinder’s Apple Watch
2024-02-09 19:35:12,0.238,Davinder’s Apple Watch
2024-02-09 19:35:13,0.238,Davinder’s Apple Watch
2024-02-09 19:35:14,0.238,Davinder’s Apple Watch
2024-02-09 19:35:15,0.238,Davinder’s Apple Watch
2024-02-09 19:35:16,0.238,Davinder’s Apple Watch
2024-02-09 19:35:17,0.238,Davinder’s Apple Watch
2024-02-09 19:35:18,0.238,Davinder’s Apple Watch
2024-02-09 19:35:19,0.238,Davinder’s Apple Watch
2024-02-09 19:35:20,0.238,Davinder’s Apple Watch
2024-02-09 19:35:21,0.238,Davinder’s Apple Watch
2024-02-09 19:35:22,0.238,Davinder’s Apple Watch
2024-02-09 19:35:23,0.238,Davinder’s Apple Watch
2024-02-09 19:35:24,0.238,Davinder’s Apple Watch
2024-02-09 19:35:25,0.237,Davinder’s Apple Watch
2024-02-09 19:35:26,0.238,Davinder’s Apple Watch
2024-02-09 19:35:27,0.238,Davinder’s Apple Watch
2024-02-09 19:35:28,0.238,Davinder’s Apple Watch
2024-02-09 19:35:29,0.238,Davinder’s Apple Watch
2024-02-09 19:35:30,0.238,Davinder’s Apple Watch
2024-02-09 19:35:31,0.238,Davinder’s Apple Watch
2024-02-09 19:35:32,0.238,Davinder’s Apple Watch
2024-02-09 19:35:33,0.238,Davinder’s Apple Watch
2024-02-09 19:35:34,0.238,Davinder’s Apple Watch
2024-02-09 19:35:35,0.238,Davinder’s Apple Watch
2024-02-09 19:35:36,0.238,Davinder’s Apple Watch
2024-02-09 19:35:37,0.238,Davinder’s Apple Watch
2024-02-09 19:35:38,0.238,Davinder’s Apple Watch
2024-02-09 19:35:39,0.238,Davinder’s Apple Watch
2024-02-09 19:35:40,0.238,Davinder’s Apple Watch
2024-02-09 19:35:41,0.238,Davinder’s Apple Watch
2024-02-09 19:35:42,0.238,Davinder’s Apple Watch
2024-02-09 19:35:43,0.238,Davinder’s Apple Watch
2024-02-09 19:35:44,0.238,Davinder’s Apple Watch
2024-02-09 19:35:45,0.238,Davinder’s Apple Watch
2024-02-09 19:35:46,0.238,Davinder’s Apple Watch
2024-02-09 19:35:47,0.238,Davinder’s Apple Watch
2024-02-09 19:35:48,0.238,Davinder’s Apple Watch
2024-02-09 19:35:49,0.238,Davinder’s Apple Watch
2024-02-09 19:35:50,0.238,Davinder’s Apple Watch
2024-02-09 19:35:51,0.238,Davinder’s Apple Watch
2024-02-09 19:35:52,0.238,Davinder’s Apple Watch
2024-02-09 19:35:53,0.238,Davinder’s Apple Watch
2024-02-09 19:35:54,0.201,Davinder’s Apple Watch
2024-02-09 19:35:55,0.179,Davinder’s Apple Watch
2024-02-09 19:35:56,0.182,Davinder’s Apple Watch
2024-02-09 19:35:57,0.238,Davinder’s Apple Watch
2024-02-09 19:35:58,0.238,Davinder’s Apple Watch
2024-02-09 19:35:59,0.238,Davinder’s Apple Watch
2024-02-09 19:36:00,0.238,Davinder’s Apple Watch
2024-02-09 19:36:01,0.238,Davinder’s Apple Watch
2024-02-09 19:36:02,0.238,Davinder’s Apple Watch
2024-02-09 19:36:03,0.238,Davinder’s Apple Watch
2024-02-09 19:36:04,0.238,Davinder’s Apple Watch
2024-02-09 19:36:05,0.238,Davinder’s Apple Watch
2024-02-09 19:36:06,0.238,Davinder’s Apple Watch
2024-02-09 19:36:07,0.196,Davinder’s Apple Watch
2024-02-09 19:36:08,0.179,Davinder’s Apple Watch
2024-02-09 19:36:09,0.188,Davinder’s Apple Watch
2024-02-09 19:36:10,0.238,Davinder’s Apple Watch
2024-02-09 19:36:11,0.238,Davinder’s Apple Watch
2024-02-09 19:36:12,0.238,Davinder’s Apple Watch
2024-02-09 19:36:13,0.238,Davinder’s Apple Watch
2024-02-09 19:36:14,0.238,Davinder’s Apple Watch
2024-02-09 19:36:15,0.238,Davinder’s Apple Watch
2024-02-09 19:36:16,0.238,Davinder’s Apple Watch
2024-02-09 19:36:17,0.238,Davinder’s Apple Watch
2024-02-09 19:36:18,0.238,Davinder’s Apple Watch
2024-02-09 19:36:19,0.238,Davinder’s Apple Watch
2024-02-09 19:36:20,0.238,Davinder’s Apple Watch
2024-02-09 19:36:21,0.238,Davinder’s Apple Watch
2024-02-09 19:36:22,0.238,Davinder’s Apple Watch
2024-02-09 19:36:23,0.238,Davinder’s Apple Watch
2024-02-09 19:36:24,0.238,Davinder’s Apple Watch
2024-02-09 19:36:25,0.218,Davinder’s Apple Watch
2024-02-09 19:36:26,0.209,Davinder’s Apple Watch
2024-02-09 19:36:27,0.209,Davinder’s Apple Watch
2024-02-09 19:36:28,0.209,Davinder’s Apple Watch
2024-02-09 19:36:29,0.209,Davinder’s Apple Watch
2024-02-09 19:36:30,0.209,Davinder’s Apple Watch
2024-02-09 19:36:31,0.209,Davinder’s Apple Watch
2024-02-09 19:36:32,0.209,Davinder’s Apple Watch
2024-02-09 19:36:33,0.209,Davinder’s Apple Watch
2024-02-09 19:36:34,0.209,Davinder’s Apple Watch
2024-02-09 19:36:35,0.209,Davinder’s Apple Watch
2024-02-09 19:36:36,0.209,Davinder’s Apple Watch
2024-02-09 19:36:37,0.209,Davinder’s Apple Watch
2024-02-09 19:36:38,0.209,Davinder’s Apple Watch
2024-02-09 19:36:39,0.209,Davinder’s Apple Watch
2024-02-09 19:36:40,0.214,Davinder’s Apple Watch
2024-02-09 19:36:41,0.238,Davinder’s Apple Watch
2024-02-09 19:36:42,0.238,Davinder’s Apple Watch
2024-02-09 19:36:43,0.202,Davinder’s Apple Watch
2024-02-09 19:36:44,0.179,Davinder’s Apple Watch
2024-02-09 19:36:45,0.181,Davinder’s Apple Watch
2024-02-09 19:36:46,0.238,Davinder’s Apple Watch
2024-02-09 19:36:47,0.238,Davinder’s Apple Watch
2024-02-09 19:36:48,0.212,Davinder’s Apple Watch
2024-02-09 19:36:49,0.179,Davinder’s Apple Watch
2024-02-09 19:36:50,0.179,Davinder’s Apple Watch
2024-02-09 19:36:51,0.23,Davinder’s Apple Watch
2024-02-09 19:36:52,0.238,Davinder’s Apple Watch
2024-02-09 19:36:53,0.221,Davinder’s Apple Watch
2024-02-09 19:36:54,0.179,Davinder’s Apple Watch
2024-02-09 19:36:55,0.179,Davinder’s Apple Watch
2024-02-09 19:36:56,0.2,Davinder’s Apple Watch
2024-02-09 19:36:57,0.209,Davinder’s Apple Watch
2024-02-09 19:36:58,0.205,Davinder’s Apple Watch
2024-02-09 19:36:59,0.18,Davinder’s Apple Watch
2024-02-09 19:37:00,0.18,Davinder’s Apple Watch
2024-02-09 19:37:01,0.195,Davinder’s Apple Watch
2024-02-09 19:37:02,0.209,Davinder’s Apple Watch
2024-02-09 19:37:03,0.209,Davinder’s Apple Watch
2024-02-09 19:37:04,0.181,Davinder’s Apple Watch
2024-02-09 19:37:05,0.18,Davinder’s Apple Watch
2024-02-09 19:37:06,0.185,Davinder’s Apple Watch
2024-02-09 19:37:07,0.194,Davinder’s Apple Watch
2024-02-09 19:37:08,0.194,Davinder’s Apple Watch
2024-02-09 19:37:09,0.194,Davinder’s Apple Watch
2024-02-09 19:37:10,0.194,Davinder’s Apple Watch
2024-02-09 19:37:11,0.194,Davinder’s Apple Watch
2024-02-09 19:37:12,0.194,Davinder’s Apple Watch
2024-02-09 19:37:13,0.194,Davinder’s Apple Watch
2024-02-09 19:37:14,0.194,Davinder’s Apple Watch
2024-02-09 19:37:15,0.194,Davinder’s Apple Watch
2024-02-09 19:37:16,0.198,Davinder’s Apple Watch
2024-02-09 19:37:17,0.256,Davinder’s Apple Watch
2024-02-09 19:37:18,0.256,Davinder’s Apple Watch
2024-02-09 19:37:19,0.256,Davinder’s Apple Watch
2024-02-09 19:37:20,0.256,Davinder’s Apple Watch
2024-02-09 19:37:21,0.256,Davinder’s Apple Watch
2024-02-09 19:37:22,0.256,Davinder’s Apple Watch
2024-02-09 19:37:23,0.256,Davinder’s Apple Watch
2024-02-09 19:37:24,0.236,Davinder’s Apple Watch
2024-02-09 19:37:25,0.194,Davinder’s Apple Watch
2024-02-09 19:37:26,0.194,Davinder’s Apple Watch
2024-02-09 19:37:27,0.194,Davinder’s Apple Watch
2024-02-09 19:37:28,0.194,Davinder’s Apple Watch
2024-02-09 19:37:29,0.194,Davinder’s Apple Watch
2024-02-09 19:37:30,0.194,Davinder’s Apple Watch
2024-02-09 19:37:31,0.194,Davinder’s Apple Watch
2024-02-09 19:37:32,0.23,Davinder’s Apple Watch
2024-02-09 19:37:33,0.256,Davinder’s Apple Watch
2024-02-09 19:37:34,0.254,Davinder’s Apple Watch
2024-02-09 19:37:35,0.258,Davinder’s Apple Watch
2024-02-09 19:37:36,0.256,Davinder’s Apple Watch
2024-02-09 19:37:37,0.256,Davinder’s Apple Watch
2024-02-09 19:37:38,0.256,Davinder’s Apple Watch
2024-02-09 19:37:39,0.256,Davinder’s Apple Watch
2024-02-09 19:37:40,0.204,Davinder’s Apple Watch
2024-02-09 19:37:41,0.194,Davinder’s Apple Watch
2024-02-09 19:37:42,0.211,Davinder’s Apple Watch
2024-02-09 19:37:43,0.256,Davinder’s Apple Watch
2024-02-09 19:37:44,0.256,Davinder’s Apple Watch
2024-02-09 19:37:45,0.213,Davinder’s Apple Watch
2024-02-09 19:37:46,0.194,Davinder’s Apple Watch
2024-02-09 19:37:47,0.201,Davinder’s Apple Watch
2024-02-09 19:37:48,0.256,Davinder’s Apple Watch
2024-02-09 19:37:49,0.256,Davinder’s Apple Watch
2024-02-09 19:37:50,0.256,Davinder’s Apple Watch
2024-02-09 19:37:51,0.256,Davinder’s Apple Watch
2024-02-09 19:37:52,0.256,Davinder’s Apple Watch
2024-02-09 19:37:53,0.256,Davinder’s Apple Watch
2024-02-09 19:37:54,0.256,Davinder’s Apple Watch
2024-02-09 19:37:55,0.256,Davinder’s Apple Watch
2024-02-09 19:37:56,0.256,Davinder’s Apple Watch
2024-02-09 19:37:57,0.256,Davinder’s Apple Watch
2024-02-09 19:37:58,0.232,Davinder’s Apple Watch
2024-02-09 19:37:59,0.225,Davinder’s Apple Watch
2024-02-09 19:38:00,0.232,Davinder’s Apple Watch
2024-02-09 19:38:01,0.256,Davinder’s Apple Watch
2024-02-09 19:38:02,0.256,Davinder’s Apple Watch
2024-02-09 19:38:03,0.217,Davinder’s Apple Watch
2024-02-09 19:38:04,0.194,Davinder’s Apple Watch
2024-02-09 19:38:05,0.197,Davinder’s Apple Watch
2024-02-09 19:38:06,0.256,Davinder’s Apple Watch
2024-02-09 19:38:07,0.256,Davinder’s Apple Watch
2024-02-09 19:38:08,0.256,Davinder’s Apple Watch
2024-02-09 19:38:09,0.256,Davinder’s Apple Watch
2024-02-09 19:38:10,0.256,Davinder’s Apple Watch
2024-02-09 19:38:11,0.256,Davinder’s Apple Watch
2024-02-09 19:38:12,0.256,Davinder’s Apple Watch
2024-02-09 19:38:13,0.256,Davinder’s Apple Watch
2024-02-09 19:38:14,0.256,Davinder’s Apple Watch
2024-02-09 19:38:15,0.256,Davinder’s Apple Watch
2024-02-09 19:38:16,0.211,Davinder’s Apple Watch
2024-02-09 19:38:17,0.194,Davinder’s Apple Watch
2024-02-09 19:38:18,0.194,Davinder’s Apple Watch
2024-02-09 19:38:19,0.194,Davinder’s Apple Watch
2024-02-09 19:38:20,0.194,Davinder’s Apple Watch
2024-02-09 19:38:21,0.194,Davinder’s Apple Watch
2024-02-09 19:38:22,0.194,Davinder’s Apple Watch
2024-02-09 19:38:23,0.194,Davinder’s Apple Watch
2024-02-09 19:38:24,0.194,Davinder’s Apple Watch
2024-02-09 19:38:25,0.194,Davinder’s Apple Watch
2024-02-09 19:38:26,0.219,Davinder’s Apple Watch
2024-02-09 19:38:27,0.256,Davinder’s Apple Watch
2024-02-09 19:38:28,0.256,Davinder’s Apple Watch
2024-02-09 19:38:29,0.256,Davinder’s Apple Watch
2024-02-09 19:38:30,0.256,Davinder’s Apple Watch
2024-02-09 19:38:31,0.256,Davinder’s Apple Watch
2024-02-09 19:38:32,0.256,Davinder’s Apple Watch
2024-02-09 19:38:33,0.256,Davinder’s Apple Watch
2024-02-09 19:38:34,0.256,Davinder’s Apple Watch
2024-02-09 19:38:35,0.256,Davinder’s Apple Watch
2024-02-09 19:38:36,0.256,Davinder’s Apple Watch
2024-02-09 19:38:37,0.256,Davinder’s Apple Watch
2024-02-09 19:38:38,0.256,Davinder’s Apple Watch
2024-02-09 19:38:39,0.256,Davinder’s Apple Watch
2024-02-09 19:38:40,0.256,Davinder’s Apple Watch
2024-02-09 19:38:41,0.256,Davinder’s Apple Watch
2024-02-09 19:38:42,0.264,Davinder’s Apple Watch
2024-02-09 19:38:43,0.264,Davinder’s Apple Watch
2024-02-09 19:38:44,0.264,Davinder’s Apple Watch
2024-02-09 19:38:45,0.264,Davinder’s Apple Watch
2024-02-09 19:38:46,0.264,Davinder’s Apple Watch
2024-02-09 19:38:47,0.264,Davinder’s Apple Watch
2024-02-09 19:38:48,0.264,Davinder’s Apple Watch
2024-02-09 19:38:49,0.255,Davinder’s Apple Watch
2024-02-09 19:38:50,0.214,Davinder’s Apple Watch
2024-02-09 19:38:51,0.214,Davinder’s Apple Watch
2024-02-09 19:38:52,0.214,Davinder’s Apple Watch
2024-02-09 19:38:53,0.214,Davinder’s Apple Watch
2024-02-09 19:38:54,0.214,Davinder’s Apple Watch
2024-02-09 19:38:55,0.236,Davinder’s Apple Watch
2024-02-09 19:38:56,0.236,Davinder’s Apple Watch
2024-02-09 19:38:57,0.236,Davinder’s Apple Watch
2024-02-09 19:38:58,0.236,Davinder’s Apple Watch
2024-02-09 19:38:59,0.236,Davinder’s Apple Watch
2024-02-09 19:39:00,0.236,Davinder’s Apple Watch
2024-02-09 19:39:01,0.236,Davinder’s Apple Watch
2024-02-09 19:39:02,0.219,Davinder’s Apple Watch
2024-02-09 19:39:03,0.178,Davinder’s Apple Watch
2024-02-09 19:39:04,0.178,Davinder’s Apple Watch
2024-02-09 19:39:05,0.219,Davinder’s Apple Watch
2024-02-09 19:39:06,0.236,Davinder’s Apple Watch
2024-02-09 19:39:07,0.236,Davinder’s Apple Watch
2024-02-09 19:39:08,0.236,Davinder’s Apple Watch
2024-02-09 19:39:09,0.236,Davinder’s Apple Watch
2024-02-09 19:39:10,0.236,Davinder’s Apple Watch
2024-02-09 19:39:11,0.236,Davinder’s Apple Watch
2024-02-09 19:39:12,0.236,Davinder’s Apple Watch
2024-02-09 19:39:13,0.206,Davinder’s Apple Watch
2024-02-09 19:39:14,0.205,Davinder’s Apple Watch
2024-02-09 19:39:15,0.205,Davinder’s Apple Watch
2024-02-09 19:39:16,0.205,Davinder’s Apple Watch
2024-02-09 19:39:17,0.205,Davinder’s Apple Watch
2024-02-09 19:39:18,0.224,Davinder’s Apple Watch
2024-02-09 19:39:19,0.228,Davinder’s Apple Watch
2024-02-09 19:39:20,0.228,Davinder’s Apple Watch
2024-02-09 19:39:21,0.228,Davinder’s Apple Watch
2024-02-09 19:39:22,0.228,Davinder’s Apple Watch
2024-02-09 19:39:23,0.226,Davinder’s Apple Watch
2024-02-09 19:39:24,0.225,Davinder’s Apple Watch
2024-02-09 19:39:25,0.223,Davinder’s Apple Watch
2024-02-09 19:39:26,0.197,Davinder’s Apple Watch
2024-02-09 19:39:27,0.197,Davinder’s Apple Watch
2024-02-09 19:39:28,0.197,Davinder’s Apple Watch
2024-02-09 19:39:29,0.197,Davinder’s Apple Watch
2024-02-09 19:39:30,0.197,Davinder’s Apple Watch
2024-02-09 19:39:31,0.197,Davinder’s Apple Watch
2024-02-09 19:39:32,0.197,Davinder’s Apple Watch
2024-02-09 19:39:33,0.197,Davinder’s Apple Watch
2024-02-09 19:39:34,0.197,Davinder’s Apple Watch
2024-02-09 19:39:35,0.197,Davinder’s Apple Watch
2024-02-09 19:39:36,0.197,Davinder’s Apple Watch
2024-02-09 19:39:37,0.197,Davinder’s Apple Watch
2024-02-09 19:39:38,0.197,Davinder’s Apple Watch
2024-02-09 19:39:39,0.197,Davinder’s Apple Watch
2024-02-09 19:39:40,0.197,Davinder’s Apple Watch
2024-02-09 19:39:41,0.21,Davinder’s Apple Watch
2024-02-09 19:39:42,0.219,Davinder’s Apple Watch
2024-02-09 19:39:43,0.218,Davinder’s Apple Watch
2024-02-09 19:39:44,0.192,Davinder’s Apple Watch
2024-02-09 19:39:45,0.192,Davinder’s Apple Watch
2024-02-09 19:39:46,0.203,Davinder’s Apple Watch
2024-02-09 19:39:47,0.219,Davinder’s Apple Watch
2024-02-09 19:39:48,0.219,Davinder’s Apple Watch
2024-02-09 19:39:49,0.219,Davinder’s Apple Watch
2024-02-09 19:39:50,0.219,Davinder’s Apple Watch
2024-02-09 19:39:51,0.219,Davinder’s Apple Watch
2024-02-09 19:39:52,0.219,Davinder’s Apple Watch
2024-02-09 19:39:53,0.219,Davinder’s Apple Watch
2024-02-09 19:39:54,0.219,Davinder’s Apple Watch
2024-02-09 19:39:55,0.219,Davinder’s Apple Watch
2024-02-09 19:39:56,0.219,Davinder’s Apple Watch
2024-02-09 19:39:57,0.225,Davinder’s Apple Watch
2024-02-09 19:39:58,0.225,Davinder’s Apple Watch
2024-02-09 19:39:59,0.225,Davinder’s Apple Watch
2024-02-09 19:40:00,0.225,Davinder’s Apple Watch
2024-02-09 19:40:01,0.225,Davinder’s Apple Watch
2024-02-09 19:40:02,0.226,Davinder’s Apple Watch
2024-02-09 19:40:03,0.226,Davinder’s Apple Watch
2024-02-09 19:40:04,0.227,Davinder’s Apple Watch
2024-02-09 19:40:05,0.228,Davinder’s Apple Watch
2024-02-09 19:40:06,0.228,Davinder’s Apple Watch
2024-02-09 19:40:07,0.228,Davinder’s Apple Watch
2024-02-09 19:40:08,0.228,Davinder’s Apple Watch
2024-02-09 19:40:09,0.228,Davinder’s Apple Watch
2024-02-09 19:40:10,0.229,Davinder’s Apple Watch
2024-02-09 19:40:11,0.229,Davinder’s Apple Watch
2024-02-09 19:40:12,0.229,Davinder’s Apple Watch
2024-02-09 19:40:13,0.229,Davinder’s Apple Watch
2024-02-09 19:40:14,0.229,Davinder’s Apple Watch
2024-02-09 19:40:15,0.229,Davinder’s Apple Watch
2024-02-09 19:40:16,0.229,Davinder’s Apple Watch
2024-02-09 19:40:17,0.23,Davinder’s Apple Watch
2024-02-09 19:40:18,0.23,Davinder’s Apple Watch
2024-02-09 19:40:19,0.23,Davinder’s Apple Watch
2024-02-09 19:40:20,0.231,Davinder’s Apple Watch
2024-02-09 19:40:21,0.231,Davinder’s Apple Watch
2024-02-09 19:40:22,0.233,Davinder’s Apple Watch
2024-02-09 19:40:23,0.236,Davinder’s Apple Watch
2024-02-09 19:40:24,0.236,Davinder’s Apple Watch
2024-02-09 19:40:25,0.236,Davinder’s Apple Watch
2024-02-09 19:40:26,0.236,Davinder’s Apple Watch
2024-02-09 19:40:27,0.237,Davinder’s Apple Watch
2024-02-09 19:40:28,0.243,Davinder’s Apple Watch
2024-02-09 19:40:29,0.243,Davinder’s Apple Watch
2024-02-09 19:40:30,0.247,Davinder’s Apple Watch
2024-02-09 19:40:31,0.25,Davinder’s Apple Watch
2024-02-09 19:40:32,0.251,Davinder’s Apple Watch
2024-02-09 19:40:33,0.25,Davinder’s Apple Watch
2024-02-09 19:40:34,0.252,Davinder’s Apple Watch
2024-02-09 19:40:35,0.252,Davinder’s Apple Watch
2024-02-09 19:40:36,0.252,Davinder’s Apple Watch
2024-02-09 19:40:37,0.252,Davinder’s Apple Watch
2024-02-09 19:40:38,0.252,Davinder’s Apple Watch
2024-02-09 19:40:39,0.252,Davinder’s Apple Watch
2024-02-09 19:40:40,0.244,Davinder’s Apple Watch
2024-02-09 19:40:41,0.221,Davinder’s Apple Watch
2024-02-09 19:40:42,0.221,Davinder’s Apple Watch
2024-02-09 19:40:43,0.242,Davinder’s Apple Watch
2024-02-09 19:40:44,0.252,Davinder’s Apple Watch
2024-02-09 19:40:45,0.249,Davinder’s Apple Watch
2024-02-09 19:40:46,0.221,Davinder’s Apple Watch
2024-02-09 19:40:47,0.221,Davinder’s Apple Watch
2024-02-09 19:40:48,0.237,Davinder’s Apple Watch
2024-02-09 19:40:49,0.252,Davinder’s Apple Watch
2024-02-09 19:40:50,0.252,Davinder’s Apple Watch
2024-02-09 19:40:51,0.223,Davinder’s Apple Watch
2024-02-09 19:40:52,0.221,Davinder’s Apple Watch
2024-02-09 19:40:53,0.232,Davinder’s Apple Watch
2024-02-09 19:40:54,0.252,Davinder’s Apple Watch
2024-02-09 19:40:55,0.252,Davinder’s Apple Watch
2024-02-09 19:40:56,0.252,Davinder’s Apple Watch
2024-02-09 19:40:57,0.252,Davinder’s Apple Watch
2024-02-09 19:40:58,0.252,Davinder’s Apple Watch
2024-02-09 19:40:59,0.252,Davinder’s Apple Watch
2024-02-09 19:41:00,0.252,Davinder’s Apple Watch
2024-02-09 19:41:01,0.252,Davinder’s Apple Watch
2024-02-09 19:41:02,0.252,Davinder’s Apple Watch
2024-02-09 19:41:03,0.252,Davinder’s Apple Watch
2024-02-09 19:41:04,0.252,Davinder’s Apple Watch
2024-02-09 19:41:05,0.252,Davinder’s Apple Watch
2024-02-09 19:41:06,0.252,Davinder’s Apple Watch
2024-02-09 19:41:07,0.252,Davinder’s Apple Watch
2024-02-09 19:41:08,0.252,Davinder’s Apple Watch
2024-02-09 19:41:09,0.252,Davinder’s Apple Watch
2024-02-09 19:41:10,0.252,Davinder’s Apple Watch
2024-02-09 19:41:11,0.252,Davinder’s Apple Watch
2024-02-09 19:41:12,0.252,Davinder’s Apple Watch
2024-02-09 19:41:13,0.252,Davinder’s Apple Watch
2024-02-09 19:41:14,0.252,Davinder’s Apple Watch
2024-02-09 19:41:15,0.252,Davinder’s Apple Watch
2024-02-09 19:41:16,0.252,Davinder’s Apple Watch
2024-02-09 19:41:17,0.252,Davinder’s Apple Watch
2024-02-09 19:41:18,0.252,Davinder’s Apple Watch
2024-02-09 19:41:19,0.252,Davinder’s Apple Watch
2024-02-09 19:41:20,0.252,Davinder’s Apple Watch
2024-02-09 19:41:21,0.252,Davinder’s Apple Watch
2024-02-09 19:41:22,0.252,Davinder’s Apple Watch
2024-02-09 19:41:23,0.252,Davinder’s Apple Watch
2024-02-09 19:41:24,0.252,Davinder’s Apple Watch
2024-02-09 19:41:25,0.252,Davinder’s Apple Watch
2024-02-09 19:41:26,0.252,Davinder’s Apple Watch
2024-02-09 19:41:27,0.252,Davinder’s Apple Watch
2024-02-09 19:41:28,0.252,Davinder’s Apple Watch
2024-02-09 19:41:29,0.244,Davinder’s Apple Watch
2024-02-09 19:41:30,0.221,Davinder’s Apple Watch
2024-02-09 19:41:31,0.221,Davinder’s Apple Watch
2024-02-09 19:41:32,0.221,Davinder’s Apple Watch
2024-02-09 19:41:33,0.221,Davinder’s Apple Watch
2024-02-09 19:41:34,0.223,Davinder’s Apple Watch
2024-02-09 19:41:35,0.252,Davinder’s Apple Watch
2024-02-09 19:41:36,0.252,Davinder’s Apple Watch
2024-02-09 19:41:37,0.252,Davinder’s Apple Watch
2024-02-09 19:41:38,0.252,Davinder’s Apple Watch
2024-02-09 19:41:39,0.252,Davinder’s Apple Watch
2024-02-09 19:41:40,0.252,Davinder’s Apple Watch
2024-02-09 19:41:41,0.252,Davinder’s Apple Watch
2024-02-09 19:41:42,0.252,Davinder’s Apple Watch
2024-02-09 19:41:43,0.252,Davinder’s Apple Watch
2024-02-09 19:41:44,0.252,Davinder’s Apple Watch
2024-02-09 19:41:45,0.252,Davinder’s Apple Watch
2024-02-09 19:41:46,0.252,Davinder’s Apple Watch
2024-02-09 19:41:47,0.252,Davinder’s Apple Watch
2024-02-09 19:41:48,0.252,Davinder’s Apple Watch
2024-02-09 19:41:49,0.252,Davinder’s Apple Watch
2024-02-09 19:41:50,0.233,Davinder’s Apple Watch
2024-02-09 19:41:51,0.221,Davinder’s Apple Watch
2024-02-09 19:41:52,0.221,Davinder’s Apple Watch
2024-02-09 19:41:53,0.221,Davinder’s Apple Watch
2024-02-09 19:41:54,0.221,Davinder’s Apple Watch
2024-02-09 19:41:55,0.208,Davinder’s Apple Watch
2024-02-09 19:41:56,0.191,Davinder’s Apple Watch
2024-02-09 19:41:57,0.191,Davinder’s Apple Watch
2024-02-09 19:41:58,0.217,Davinder’s Apple Watch
2024-02-09 19:41:59,0.221,Davinder’s Apple Watch
2024-02-09 19:42:00,0.229,Davinder’s Apple Watch
2024-02-09 19:42:01,0.252,Davinder’s Apple Watch
2024-02-09 19:42:02,0.252,Davinder’s Apple Watch
2024-02-09 19:42:03,0.252,Davinder’s Apple Watch
2024-02-09 19:42:04,0.252,Davinder’s Apple Watch
2024-02-09 19:42:05,0.252,Davinder’s Apple Watch
2024-02-09 19:42:06,0.252,Davinder’s Apple Watch
2024-02-09 19:42:07,0.252,Davinder’s Apple Watch
2024-02-09 19:42:08,0.235,Davinder’s Apple Watch
2024-02-09 19:42:09,0.221,Davinder’s Apple Watch
2024-02-09 19:42:10,0.221,Davinder’s Apple Watch
2024-02-09 19:42:11,0.25,Davinder’s Apple Watch
2024-02-09 19:42:12,0.252,Davinder’s Apple Watch
2024-02-09 19:42:13,0.252,Davinder’s Apple Watch
2024-02-09 19:42:14,0.252,Davinder’s Apple Watch
2024-02-09 19:42:15,0.252,Davinder’s Apple Watch
2024-02-09 19:42:16,0.252,Davinder’s Apple Watch
2024-02-09 19:42:17,0.252,Davinder’s Apple Watch
2024-02-09 19:42:18,0.252,Davinder’s Apple Watch
2024-02-09 19:42:19,0.252,Davinder’s Apple Watch
2024-02-09 19:42:20,0.252,Davinder’s Apple Watch
2024-02-09 19:42:21,0.219,Davinder’s Apple Watch
2024-02-09 19:42:22,0.201,Davinder’s Apple Watch
2024-02-09 19:42:23,0.201,Davinder’s Apple Watch
2024-02-09 19:42:24,0.201,Davinder’s Apple Watch
2024-02-09 19:42:25,0.201,Davinder’s Apple Watch
2024-02-09 19:42:26,0.202,Davinder’s Apple Watch
2024-02-09 19:42:27,0.204,Davinder’s Apple Watch
2024-02-09 19:42:28,0.204,Davinder’s Apple Watch
2024-02-09 19:42:29,0.232,Davinder’s Apple Watch
2024-02-09 19:42:30,0.235,Davinder’s Apple Watch
2024-02-09 19:42:31,0.232,Davinder’s Apple Watch
2024-02-09 19:42:32,0.224,Davinder’s Apple Watch
2024-02-09 19:42:33,0.224,Davinder’s Apple Watch
2024-02-09 19:42:34,0.27,Davinder’s Apple Watch
2024-02-09 19:42:35,0.286,Davinder’s Apple Watch
2024-02-09 19:42:36,0.283,Davinder’s Apple Watch
2024-02-09 19:42:37,0.267,Davinder’s Apple Watch
2024-02-09 19:42:38,0.267,Davinder’s Apple Watch
2024-02-09 19:42:39,0.267,Davinder’s Apple Watch
2024-02-09 19:42:40,0.267,Davinder’s Apple Watch
2024-02-09 19:42:41,0.267,Davinder’s Apple Watch
2024-02-09 19:42:42,0.267,Davinder’s Apple Watch
2024-02-09 19:42:43,0.267,Davinder’s Apple Watch
2024-02-09 19:42:44,0.258,Davinder’s Apple Watch
2024-02-09 19:42:45,0.246,Davinder’s Apple Watch
2024-02-09 19:42:46,0.246,Davinder’s Apple Watch
2024-02-09 19:42:47,0.246,Davinder’s Apple Watch
2024-02-09 19:42:48,0.246,Davinder’s Apple Watch
2024-02-09 19:42:49,0.246,Davinder’s Apple Watch
2024-02-09 19:42:50,0.246,Davinder’s Apple Watch
2024-02-09 19:42:51,0.246,Davinder’s Apple Watch
2024-02-09 19:42:52,0.242,Davinder’s Apple Watch
2024-02-09 19:42:53,0.24,Davinder’s Apple Watch
2024-02-09 19:42:54,0.24,Davinder’s Apple Watch
2024-02-09 19:42:55,0.24,Davinder’s Apple Watch
2024-02-09 19:42:56,0.24,Davinder’s Apple Watch
2024-02-09 19:42:57,0.24,Davinder’s Apple Watch
2024-02-09 19:42:58,0.24,Davinder’s Apple Watch
2024-02-09 19:42:59,0.24,Davinder’s Apple Watch
2024-02-09 19:43:00,0.236,Davinder’s Apple Watch
2024-02-09 19:43:01,0.236,Davinder’s Apple Watch
2024-02-09 19:43:02,0.235,Davinder’s Apple Watch
2024-02-09 19:43:03,0.234,Davinder’s Apple Watch
2024-02-09 19:43:04,0.234,Davinder’s Apple Watch
2024-02-09 19:43:05,0.234,Davinder’s Apple Watch
2024-02-09 19:43:06,0.234,Davinder’s Apple Watch
2024-02-09 19:43:07,0.233,Davinder’s Apple Watch
2024-02-09 19:43:08,0.232,Davinder’s Apple Watch
2024-02-09 19:43:09,0.232,Davinder’s Apple Watch
2024-02-09 19:43:10,0.231,Davinder’s Apple Watch
2024-02-09 19:43:11,0.231,Davinder’s Apple Watch
2024-02-09 19:43:12,0.231,Davinder’s Apple Watch
2024-02-09 19:43:13,0.231,Davinder’s Apple Watch
2024-02-09 19:43:14,0.231,Davinder’s Apple Watch
2024-02-09 19:43:15,0.231,Davinder’s Apple Watch
2024-02-09 19:43:16,0.231,Davinder’s Apple Watch
2024-02-09 19:43:17,0.231,Davinder’s Apple Watch
2024-02-09 19:43:18,0.231,Davinder’s Apple Watch
2024-02-09 19:43:19,0.231,Davinder’s Apple Watch
2024-02-09 19:43:20,0.231,Davinder’s Apple Watch
2024-02-09 19:43:21,0.231,Davinder’s Apple Watch
2024-02-09 19:43:22,0.231,Davinder’s Apple Watch
2024-02-09 19:43:23,0.231,Davinder’s Apple Watch
2024-02-09 19:43:24,0.231,Davinder’s Apple Watch
2024-02-09 19:43:25,0.231,Davinder’s Apple Watch
2024-02-09 19:43:26,0.231,Davinder’s Apple Watch
2024-02-09 19:43:27,0.231,Davinder’s Apple Watch
2024-02-09 19:43:28,0.231,Davinder’s Apple Watch
2024-02-09 19:43:29,0.231,Davinder’s Apple Watch
2024-02-09 19:43:30,0.231,Davinder’s Apple Watch
2024-02-09 19:43:31,0.231,Davinder’s Apple Watch
2024-02-09 19:43:32,0.231,Davinder’s Apple Watch
2024-02-09 19:43:33,0.231,Davinder’s Apple Watch
2024-02-09 19:43:34,0.231,Davinder’s Apple Watch
2024-02-09 19:43:35,0.231,Davinder’s Apple Watch
2024-02-09 19:43:36,0.227,Davinder’s Apple Watch
2024-02-09 19:43:37,0.226,Davinder’s Apple Watch
2024-02-09 19:43:38,0.226,Davinder’s Apple Watch
2024-02-09 19:43:39,0.226,Davinder’s Apple Watch
2024-02-09 19:43:40,0.226,Davinder’s Apple Watch
2024-02-09 19:43:41,0.224,Davinder’s Apple Watch
2024-02-09 19:43:42,0.224,Davinder’s Apple Watch
2024-02-09 19:43:43,0.226,Davinder’s Apple Watch
2024-02-09 19:43:44,0.251,Davinder’s Apple Watch
2024-02-09 19:43:45,0.251,Davinder’s Apple Watch
2024-02-09 19:43:46,0.248,Davinder’s Apple Watch
2024-02-09 19:43:47,0.246,Davinder’s Apple Watch
2024-02-09 19:43:48,0.246,Davinder’s Apple Watch
2024-02-09 19:43:49,0.246,Davinder’s Apple Watch
2024-02-09 19:43:50,0.246,Davinder’s Apple Watch
2024-02-09 19:43:51,0.245,Davinder’s Apple Watch
2024-02-09 19:43:52,0.245,Davinder’s Apple Watch
2024-02-09 19:43:53,0.245,Davinder’s Apple Watch
2024-02-09 19:43:54,0.241,Davinder’s Apple Watch
2024-02-09 19:43:55,0.24,Davinder’s Apple Watch
2024-02-09 19:43:56,0.24,Davinder’s Apple Watch
2024-02-09 19:43:57,0.238,Davinder’s Apple Watch
2024-02-09 19:43:58,0.238,Davinder’s Apple Watch
2024-02-09 19:43:59,0.238,Davinder’s Apple Watch
2024-02-09 19:44:00,0.237,Davinder’s Apple Watch
2024-02-09 19:44:01,0.237,Davinder’s Apple Watch
2024-02-09 19:44:02,0.21,Davinder’s Apple Watch
2024-02-09 19:44:03,0.21,Davinder’s Apple Watch
2024-02-09 19:44:04,0.21,Davinder’s Apple Watch
2024-02-09 19:44:05,0.21,Davinder’s Apple Watch
2024-02-09 19:44:06,0.21,Davinder’s Apple Watch
2024-02-09 19:44:07,0.233,Davinder’s Apple Watch
2024-02-09 19:44:08,0.237,Davinder’s Apple Watch
2024-02-09 19:44:09,0.243,Davinder’s Apple Watch
2024-02-09 19:44:10,0.259,Davinder’s Apple Watch
2024-02-09 19:44:11,0.259,Davinder’s Apple Watch
2024-02-09 19:44:12,0.259,Davinder’s Apple Watch
2024-02-09 19:44:13,0.259,Davinder’s Apple Watch
2024-02-09 19:44:14,0.258,Davinder’s Apple Watch
2024-02-09 19:44:15,0.252,Davinder’s Apple Watch
2024-02-09 19:44:16,0.252,Davinder’s Apple Watch
2024-02-09 19:44:17,0.232,Davinder’s Apple Watch
2024-02-09 19:44:18,0.216,Davinder’s Apple Watch
2024-02-09 19:44:19,0.216,Davinder’s Apple Watch
2024-02-09 19:44:20,0.216,Davinder’s Apple Watch
2024-02-09 19:44:21,0.216,Davinder’s Apple Watch
2024-02-09 19:44:22,0.228,Davinder’s Apple Watch
2024-02-09 19:44:23,0.247,Davinder’s Apple Watch
2024-02-09 19:44:24,0.247,Davinder’s Apple Watch
2024-02-09 19:44:25,0.247,Davinder’s Apple Watch
2024-02-09 19:44:26,0.247,Davinder’s Apple Watch
2024-02-09 19:44:27,0.248,Davinder’s Apple Watch
2024-02-09 19:44:28,0.252,Davinder’s Apple Watch
2024-02-09 19:44:29,0.252,Davinder’s Apple Watch
2024-02-09 19:44:30,0.252,Davinder’s Apple Watch
2024-02-09 19:44:31,0.252,Davinder’s Apple Watch
2024-02-09 19:44:32,0.252,Davinder’s Apple Watch
2024-02-09 19:44:33,0.252,Davinder’s Apple Watch
2024-02-09 19:44:34,0.252,Davinder’s Apple Watch
2024-02-09 19:44:35,0.238,Davinder’s Apple Watch
2024-02-09 19:44:36,0.223,Davinder’s Apple Watch
2024-02-09 19:44:37,0.223,Davinder’s Apple Watch
2024-02-09 19:44:38,0.223,Davinder’s Apple Watch
2024-02-09 19:44:39,0.223,Davinder’s Apple Watch
2024-02-09 19:44:40,0.233,Davinder’s Apple Watch
2024-02-09 19:44:41,0.254,Davinder’s Apple Watch
2024-02-09 19:44:42,0.254,Davinder’s Apple Watch
2024-02-09 19:44:43,0.254,Davinder’s Apple Watch
2024-02-09 19:44:44,0.254,Davinder’s Apple Watch
2024-02-09 19:44:45,0.254,Davinder’s Apple Watch
2024-02-09 19:44:46,0.254,Davinder’s Apple Watch
2024-02-09 19:44:47,0.254,Davinder’s Apple Watch
2024-02-09 19:44:48,0.236,Davinder’s Apple Watch
2024-02-09 19:44:49,0.223,Davinder’s Apple Watch
2024-02-09 19:44:50,0.222,Davinder’s Apple Watch
2024-02-09 19:44:51,0.255,Davinder’s Apple Watch
2024-02-09 19:44:52,0.254,Davinder’s Apple Watch
2024-02-09 19:44:53,0.253,Davinder’s Apple Watch
2024-02-09 19:44:54,0.252,Davinder’s Apple Watch
2024-02-09 19:44:55,0.252,Davinder’s Apple Watch
2024-02-09 19:44:56,0.252,Davinder’s Apple Watch
2024-02-09 19:44:57,0.252,Davinder’s Apple Watch
2024-02-09 19:44:58,0.252,Davinder’s Apple Watch
2024-02-09 19:44:59,0.252,Davinder’s Apple Watch
2024-02-09 19:45:00,0.252,Davinder’s Apple Watch
2024-02-09 19:45:01,0.252,Davinder’s Apple Watch
2024-02-09 19:45:02,0.252,Davinder’s Apple Watch
2024-02-09 19:45:03,0.252,Davinder’s Apple Watch
2024-02-09 19:45:04,0.254,Davinder’s Apple Watch
2024-02-09 19:45:05,0.254,Davinder’s Apple Watch
2024-02-09 19:45:06,0.254,Davinder’s Apple Watch
2024-02-09 19:45:07,0.254,Davinder’s Apple Watch
2024-02-09 19:45:08,0.254,Davinder’s Apple Watch
2024-02-09 19:45:09,0.254,Davinder’s Apple Watch
2024-02-09 19:45:10,0.254,Davinder’s Apple Watch
2024-02-09 19:45:11,0.243,Davinder’s Apple Watch
2024-02-09 19:45:12,0.223,Davinder’s Apple Watch
2024-02-09 19:45:13,0.223,Davinder’s Apple Watch
2024-02-09 19:45:14,0.247,Davinder’s Apple Watch
2024-02-09 19:45:15,0.254,Davinder’s Apple Watch
2024-02-09 19:45:16,0.252,Davinder’s Apple Watch
2024-02-09 19:45:17,0.244,Davinder’s Apple Watch
2024-02-09 19:45:18,0.244,Davinder’s Apple Watch
2024-02-09 19:45:19,0.244,Davinder’s Apple Watch
2024-02-09 19:45:20,0.244,Davinder’s Apple Watch
2024-02-09 19:45:21,0.243,Davinder’s Apple Watch
2024-02-09 19:45:22,0.223,Davinder’s Apple Watch
2024-02-09 19:45:23,0.223,Davinder’s Apple Watch
2024-02-09 19:45:24,0.209,Davinder’s Apple Watch
2024-02-09 19:45:25,0.193,Davinder’s Apple Watch
2024-02-09 19:45:26,0.193,Davinder’s Apple Watch
2024-02-09 19:45:27,0.193,Davinder’s Apple Watch
2024-02-09 19:45:28,0.193,Davinder’s Apple Watch
2024-02-09 19:45:29,0.193,Davinder’s Apple Watch
2024-02-09 19:45:30,0.193,Davinder’s Apple Watch
2024-02-09 19:45:31,0.193,Davinder’s Apple Watch
2024-02-09 19:45:32,0.215,Davinder’s Apple Watch
2024-02-09 19:45:33,0.223,Davinder’s Apple Watch
2024-02-09 19:45:34,0.223,Davinder’s Apple Watch
2024-02-09 19:45:35,0.223,Davinder’s Apple Watch
2024-02-09 19:45:36,0.223,Davinder’s Apple Watch
2024-02-09 19:45:37,0.223,Davinder’s Apple Watch
2024-02-09 19:45:38,0.223,Davinder’s Apple Watch
2024-02-09 19:45:39,0.223,Davinder’s Apple Watch
2024-02-09 19:45:40,0.223,Davinder’s Apple Watch
2024-02-09 19:45:41,0.223,Davinder’s Apple Watch
2024-02-09 19:45:42,0.223,Davinder’s Apple Watch
2024-02-09 19:45:43,0.223,Davinder’s Apple Watch
2024-02-09 19:45:44,0.223,Davinder’s Apple Watch
2024-02-09 19:45:45,0.223,Davinder’s Apple Watch
2024-02-09 19:45:46,0.223,Davinder’s Apple Watch
2024-02-09 19:45:47,0.223,Davinder’s Apple Watch
2024-02-09 19:45:48,0.223,Davinder’s Apple Watch
2024-02-09 19:45:49,0.223,Davinder’s Apple Watch
2024-02-09 19:45:50,0.223,Davinder’s Apple Watch
2024-02-09 19:45:51,0.223,Davinder’s Apple Watch
2024-02-09 19:45:52,0.223,Davinder’s Apple Watch
2024-02-09 19:45:53,0.223,Davinder’s Apple Watch
2024-02-09 19:45:54,0.223,Davinder’s Apple Watch
2024-02-09 19:45:55,0.223,Davinder’s Apple Watch
2024-02-09 19:45:56,0.223,Davinder’s Apple Watch
2024-02-09 19:45:57,0.223,Davinder’s Apple Watch
2024-02-09 19:45:58,0.223,Davinder’s Apple Watch
2024-02-09 19:45:59,0.223,Davinder’s Apple Watch
2024-02-09 19:46:00,0.223,Davinder’s Apple Watch
2024-02-09 19:46:01,0.223,Davinder’s Apple Watch
2024-02-09 19:46:02,0.223,Davinder’s Apple Watch
2024-02-09 19:46:03,0.247,Davinder’s Apple Watch
2024-02-09 19:46:04,0.254,Davinder’s Apple Watch
2024-02-09 19:46:05,0.254,Davinder’s Apple Watch
2024-02-09 19:46:06,0.254,Davinder’s Apple Watch
2024-02-09 19:46:07,0.254,Davinder’s Apple Watch
2024-02-09 19:46:08,0.254,Davinder’s Apple Watch
2024-02-09 19:46:09,0.254,Davinder’s Apple Watch
2024-02-09 19:46:10,0.252,Davinder’s Apple Watch
2024-02-09 19:46:11,0.193,Davinder’s Apple Watch
2024-02-09 19:46:12,0.193,Davinder’s Apple Watch
2024-02-09 19:46:13,0.22,Davinder’s Apple Watch
2024-02-09 19:46:14,0.254,Davinder’s Apple Watch
2024-02-09 19:46:15,0.254,Davinder’s Apple Watch
2024-02-09 19:46:16,0.254,Davinder’s Apple Watch
2024-02-09 19:46:17,0.254,Davinder’s Apple Watch
2024-02-09 19:46:18,0.254,Davinder’s Apple Watch
2024-02-09 19:46:19,0.254,Davinder’s Apple Watch
2024-02-09 19:46:20,0.254,Davinder’s Apple Watch
2024-02-09 19:46:21,0.232,Davinder’s Apple Watch
2024-02-09 19:46:22,0.223,Davinder’s Apple Watch
2024-02-09 19:46:23,0.223,Davinder’s Apple Watch
2024-02-09 19:46:24,0.223,Davinder’s Apple Watch
2024-02-09 19:46:25,0.223,Davinder’s Apple Watch
2024-02-09 19:46:26,0.223,Davinder’s Apple Watch
2024-02-09 19:46:27,0.223,Davinder’s Apple Watch
2024-02-09 19:46:28,0.223,Davinder’s Apple Watch
2024-02-09 19:46:29,0.223,Davinder’s Apple Watch
2024-02-09 19:46:30,0.223,Davinder’s Apple Watch
2024-02-09 19:46:31,0.211,Davinder’s Apple Watch
2024-02-09 19:46:32,0.193,Davinder’s Apple Watch
2024-02-09 19:46:33,0.193,Davinder’s Apple Watch
2024-02-09 19:46:34,0.242,Davinder’s Apple Watch
2024-02-09 19:46:35,0.254,Davinder’s Apple Watch
2024-02-09 19:46:36,0.254,Davinder’s Apple Watch
2024-02-09 19:46:37,0.254,Davinder’s Apple Watch
2024-02-09 19:46:38,0.254,Davinder’s Apple Watch
2024-02-09 19:46:39,0.254,Davinder’s Apple Watch
2024-02-09 19:46:40,0.254,Davinder’s Apple Watch
2024-02-09 19:46:41,0.252,Davinder’s Apple Watch
2024-02-09 19:46:42,0.223,Davinder’s Apple Watch
2024-02-09 19:46:43,0.223,Davinder’s Apple Watch
2024-02-09 19:46:44,0.223,Davinder’s Apple Watch
2024-02-09 19:46:45,0.223,Davinder’s Apple Watch
2024-02-09 19:46:46,0.223,Davinder’s Apple Watch
2024-02-09 19:46:47,0.251,Davinder’s Apple Watch
2024-02-09 19:46:48,0.254,Davinder’s Apple Watch
2024-02-09 19:46:49,0.254,Davinder’s Apple Watch
2024-02-09 19:46:50,0.254,Davinder’s Apple Watch
2024-02-09 19:46:51,0.254,Davinder’s Apple Watch
2024-02-09 19:46:52,0.254,Davinder’s Apple Watch
2024-02-09 19:46:53,0.254,Davinder’s Apple Watch
2024-02-09 19:46:54,0.256,Davinder’s Apple Watch
2024-02-09 19:46:55,0.266,Davinder’s Apple Watch
2024-02-09 19:46:56,0.266,Davinder’s Apple Watch
2024-02-09 19:46:57,0.266,Davinder’s Apple Watch
2024-02-09 19:46:58,0.266,Davinder’s Apple Watch
2024-02-09 19:46:59,0.266,Davinder’s Apple Watch
2024-02-09 19:47:00,0.265,Davinder’s Apple Watch
2024-02-09 19:47:01,0.265,Davinder’s Apple Watch
2024-02-09 19:47:02,0.249,Davinder’s Apple Watch
2024-02-09 19:47:03,0.228,Davinder’s Apple Watch
2024-02-09 19:47:04,0.228,Davinder’s Apple Watch
2024-02-09 19:47:05,0.228,Davinder’s Apple Watch
2024-02-09 19:47:06,0.228,Davinder’s Apple Watch
2024-02-09 19:47:07,0.238,Davinder’s Apple Watch
2024-02-09 19:47:08,0.265,Davinder’s Apple Watch
2024-02-09 19:47:09,0.265,Davinder’s Apple Watch
2024-02-09 19:47:10,0.265,Davinder’s Apple Watch
2024-02-09 19:47:11,0.265,Davinder’s Apple Watch
2024-02-09 19:47:12,0.265,Davinder’s Apple Watch
2024-02-09 19:47:13,0.265,Davinder’s Apple Watch
2024-02-09 19:47:14,0.265,Davinder’s Apple Watch
2024-02-09 19:47:15,0.251,Davinder’s Apple Watch
2024-02-09 19:47:16,0.238,Davinder’s Apple Watch
2024-02-09 19:47:17,0.238,Davinder’s Apple Watch
2024-02-09 19:47:18,0.238,Davinder’s Apple Watch
2024-02-09 19:47:19,0.238,Davinder’s Apple Watch
2024-02-09 19:47:20,0.226,Davinder’s Apple Watch
2024-02-09 19:47:21,0.206,Davinder’s Apple Watch
2024-02-09 19:47:22,0.206,Davinder’s Apple Watch
2024-02-09 19:47:23,0.206,Davinder’s Apple Watch
2024-02-09 19:47:24,0.206,Davinder’s Apple Watch
2024-02-09 19:47:25,0.213,Davinder’s Apple Watch
2024-02-09 19:47:26,0.238,Davinder’s Apple Watch
2024-02-09 19:47:27,0.238,Davinder’s Apple Watch
2024-02-09 19:47:28,0.238,Davinder’s Apple Watch
2024-02-09 19:47:29,0.238,Davinder’s Apple Watch
2024-02-09 19:47:30,0.238,Davinder’s Apple Watch
2024-02-09 19:47:31,0.24,Davinder’s Apple Watch
2024-02-09 19:47:32,0.24,Davinder’s Apple Watch
2024-02-09 19:47:33,0.24,Davinder’s Apple Watch
2024-02-09 19:47:34,0.24,Davinder’s Apple Watch
2024-02-09 19:47:35,0.24,Davinder’s Apple Watch
2024-02-09 19:47:36,0.278,Davinder’s Apple Watch
2024-02-09 19:47:37,0.282,Davinder’s Apple Watch
2024-02-09 19:47:38,0.282,Davinder’s Apple Watch
2024-02-09 19:47:39,0.282,Davinder’s Apple Watch
2024-02-09 19:47:40,0.282,Davinder’s Apple Watch
2024-02-09 19:47:41,0.265,Davinder’s Apple Watch
2024-02-09 19:47:42,0.259,Davinder’s Apple Watch
2024-02-09 19:47:43,0.259,Davinder’s Apple Watch
2024-02-09 19:47:44,0.259,Davinder’s Apple Watch
2024-02-09 19:47:45,0.259,Davinder’s Apple Watch
2024-02-09 19:47:46,0.259,Davinder’s Apple Watch
2024-02-09 19:47:47,0.259,Davinder’s Apple Watch
2024-02-09 19:47:48,0.261,Davinder’s Apple Watch
2024-02-09 19:47:49,0.227,Davinder’s Apple Watch
2024-02-09 19:47:50,0.229,Davinder’s Apple Watch
2024-02-09 19:47:51,0.229,Davinder’s Apple Watch
2024-02-09 19:47:52,0.229,Davinder’s Apple Watch
2024-02-09 19:47:53,0.229,Davinder’s Apple Watch
2024-02-09 19:47:54,0.229,Davinder’s Apple Watch
2024-02-09 19:47:55,0.229,Davinder’s Apple Watch
2024-02-09 19:47:56,0.229,Davinder’s Apple Watch
2024-02-09 19:47:57,0.229,Davinder’s Apple Watch
2024-02-09 19:47:58,0.229,Davinder’s Apple Watch
2024-02-09 19:47:59,0.229,Davinder’s Apple Watch
2024-02-09 19:48:00,0.229,Davinder’s Apple Watch
2024-02-09 19:48:01,0.229,Davinder’s Apple Watch
2024-02-09 19:48:02,0.229,Davinder’s Apple Watch
2024-02-09 19:48:03,0.229,Davinder’s Apple Watch
2024-02-09 19:48:04,0.245,Davinder’s Apple Watch
2024-02-09 19:48:05,0.26,Davinder’s Apple Watch
2024-02-09 19:48:06,0.26,Davinder’s Apple Watch
2024-02-09 19:48:07,0.264,Davinder’s Apple Watch
2024-02-09 19:48:08,0.264,Davinder’s Apple Watch
2024-02-09 19:48:09,0.264,Davinder’s Apple Watch
2024-02-09 19:48:10,0.264,Davinder’s Apple Watch
2024-02-09 19:48:11,0.264,Davinder’s Apple Watch
2024-02-09 19:48:12,0.261,Davinder’s Apple Watch
2024-02-09 19:48:13,0.26,Davinder’s Apple Watch
2024-02-09 19:48:14,0.249,Davinder’s Apple Watch
2024-02-09 19:48:15,0.201,Davinder’s Apple Watch
2024-02-09 19:48:16,0.201,Davinder’s Apple Watch
2024-02-09 19:48:17,0.237,Davinder’s Apple Watch
2024-02-09 19:48:18,0.26,Davinder’s Apple Watch
2024-02-09 19:48:19,0.26,Davinder’s Apple Watch
2024-02-09 19:48:20,0.259,Davinder’s Apple Watch
2024-02-09 19:48:21,0.259,Davinder’s Apple Watch
2024-02-09 19:48:22,0.259,Davinder’s Apple Watch
2024-02-09 19:48:23,0.259,Davinder’s Apple Watch
2024-02-09 19:48:24,0.259,Davinder’s Apple Watch
2024-02-09 19:48:25,0.237,Davinder’s Apple Watch
2024-02-09 19:48:26,0.234,Davinder’s Apple Watch
2024-02-09 19:48:27,0.234,Davinder’s Apple Watch
2024-02-09 19:48:28,0.234,Davinder’s Apple Watch
2024-02-09 19:48:29,0.234,Davinder’s Apple Watch
2024-02-09 19:48:30,0.234,Davinder’s Apple Watch
2024-02-09 19:48:31,0.234,Davinder’s Apple Watch
2024-02-09 19:48:32,0.239,Davinder’s Apple Watch
2024-02-09 19:48:33,0.267,Davinder’s Apple Watch
2024-02-09 19:48:34,0.267,Davinder’s Apple Watch
2024-02-09 19:48:35,0.267,Davinder’s Apple Watch
2024-02-09 19:48:36,0.267,Davinder’s Apple Watch
2024-02-09 19:48:37,0.267,Davinder’s Apple Watch
2024-02-09 19:48:38,0.267,Davinder’s Apple Watch
2024-02-09 19:48:39,0.267,Davinder’s Apple Watch
2024-02-09 19:48:40,0.256,Davinder’s Apple Watch
2024-02-09 19:48:41,0.238,Davinder’s Apple Watch
2024-02-09 19:48:42,0.238,Davinder’s Apple Watch
2024-02-09 19:48:43,0.235,Davinder’s Apple Watch
2024-02-09 19:48:44,0.235,Davinder’s Apple Watch
2024-02-09 19:48:45,0.235,Davinder’s Apple Watch
2024-02-09 19:48:46,0.234,Davinder’s Apple Watch
2024-02-09 19:48:47,0.234,Davinder’s Apple Watch
2024-02-09 19:48:48,0.234,Davinder’s Apple Watch
2024-02-09 19:48:49,0.234,Davinder’s Apple Watch
2024-02-09 19:48:50,0.235,Davinder’s Apple Watch
2024-02-09 19:48:51,0.257,Davinder’s Apple Watch
2024-02-09 19:48:52,0.257,Davinder’s Apple Watch
2024-02-09 19:48:53,0.257,Davinder’s Apple Watch
2024-02-09 19:48:54,0.257,Davinder’s Apple Watch
2024-02-09 19:48:55,0.257,Davinder’s Apple Watch
2024-02-09 19:48:56,0.225,Davinder’s Apple Watch
2024-02-09 19:48:57,0.222,Davinder’s Apple Watch
2024-02-09 19:48:58,0.221,Davinder’s Apple Watch
2024-02-09 19:48:59,0.217,Davinder’s Apple Watch
2024-02-09 19:49:00,0.217,Davinder’s Apple Watch
2024-02-09 19:49:01,0.217,Davinder’s Apple Watch
2024-02-09 19:49:02,0.217,Davinder’s Apple Watch
2024-02-09 19:49:03,0.222,Davinder’s Apple Watch
2024-02-09 19:49:04,0.245,Davinder’s Apple Watch
2024-02-09 19:49:05,0.245,Davinder’s Apple Watch
2024-02-09 19:49:06,0.27,Davinder’s Apple Watch
2024-02-09 19:49:07,0.287,Davinder’s Apple Watch
2024-02-09 19:49:08,0.287,Davinder’s Apple Watch
2024-02-09 19:49:09,0.287,Davinder’s Apple Watch
2024-02-09 19:49:10,0.287,Davinder’s Apple Watch
2024-02-09 19:49:11,0.259,Davinder’s Apple Watch
2024-02-09 19:49:12,0.224,Davinder’s Apple Watch
2024-02-09 19:49:13,0.224,Davinder’s Apple Watch
2024-02-09 19:49:14,0.215,Davinder’s Apple Watch
2024-02-09 19:49:15,0.214,Davinder’s Apple Watch
2024-02-09 19:49:16,0.214,Davinder’s Apple Watch
2024-02-09 19:49:17,0.214,Davinder’s Apple Watch
2024-02-09 19:49:18,0.214,Davinder’s Apple Watch
2024-02-09 19:49:19,0.214,Davinder’s Apple Watch
2024-02-09 19:49:20,0.214,Davinder’s Apple Watch
2024-02-09 19:49:21,0.214,Davinder’s Apple Watch
2024-02-09 19:49:22,0.211,Davinder’s Apple Watch
2024-02-09 19:49:23,0.211,Davinder’s Apple Watch
2024-02-09 19:49:24,0.202,Davinder’s Apple Watch
2024-02-09 19:49:25,0.194,Davinder’s Apple Watch
2024-02-09 19:49:26,0.194,Davinder’s Apple Watch
2024-02-09 19:49:27,0.193,Davinder’s Apple Watch
2024-02-09 19:49:28,0.193,Davinder’s Apple Watch
2024-02-09 19:49:29,0.193,Davinder’s Apple Watch
2024-02-09 19:49:30,0.193,Davinder’s Apple Watch
2024-02-09 19:49:31,0.193,Davinder’s Apple Watch
2024-02-09 19:49:32,0.193,Davinder’s Apple Watch
2024-02-09 19:49:33,0.193,Davinder’s Apple Watch
2024-02-09 19:49:34,0.199,Davinder’s Apple Watch
2024-02-09 19:49:35,0.22,Davinder’s Apple Watch
2024-02-09 19:49:36,0.22,Davinder’s Apple Watch
2024-02-09 19:49:37,0.215,Davinder’s Apple Watch
2024-02-09 19:49:38,0.212,Davinder’s Apple Watch
2024-02-09 19:49:39,0.213,Davinder’s Apple Watch
2024-02-09 19:49:40,0.217,Davinder’s Apple Watch
2024-02-09 19:49:41,0.217,Davinder’s Apple Watch
2024-02-09 19:49:42,0.217,Davinder’s Apple Watch
2024-02-09 19:49:43,0.216,Davinder’s Apple Watch
2024-02-09 19:49:44,0.216,Davinder’s Apple Watch
2024-02-09 19:49:45,0.217,Davinder’s Apple Watch
2024-02-09 19:49:46,0.217,Davinder’s Apple Watch
2024-02-09 19:49:47,0.217,Davinder’s Apple Watch
2024-02-09 19:49:48,0.216,Davinder’s Apple Watch
2024-02-09 19:49:49,0.216,Davinder’s Apple Watch
2024-02-09 19:49:50,0.214,Davinder’s Apple Watch
2024-02-09 19:49:51,0.214,Davinder’s Apple Watch
2024-02-09 19:49:52,0.214,Davinder’s Apple Watch
2024-02-09 19:49:53,0.214,Davinder’s Apple Watch
2024-02-09 19:49:54,0.214,Davinder’s Apple Watch
2024-02-09 19:49:55,0.214,Davinder’s Apple Watch
2024-02-09 19:49:56,0.214,Davinder’s Apple Watch
2024-02-09 19:49:57,0.214,Davinder’s Apple Watch
2024-02-09 19:49:58,0.23,Davinder’s Apple Watch
2024-02-09 19:49:59,0.231,Davinder’s Apple Watch
2024-02-09 19:50:00,0.211,Davinder’s Apple Watch
2024-02-09 19:50:01,0.182,Davinder’s Apple Watch
2024-02-09 19:50:02,0.182,Davinder’s Apple Watch
2024-02-09 19:50:03,0.223,Davinder’s Apple Watch
2024-02-09 19:50:04,0.231,Davinder’s Apple Watch
2024-02-09 19:50:05,0.231,Davinder’s Apple Watch
2024-02-09 19:50:06,0.231,Davinder’s Apple Watch
2024-02-09 19:50:07,0.231,Davinder’s Apple Watch
2024-02-09 19:50:08,0.231,Davinder’s Apple Watch
2024-02-09 19:50:09,0.231,Davinder’s Apple Watch
2024-02-09 19:50:10,0.231,Davinder’s Apple Watch
2024-02-09 19:50:11,0.231,Davinder’s Apple Watch
2024-02-09 19:50:12,0.231,Davinder’s Apple Watch
2024-02-09 19:50:13,0.205,Davinder’s Apple Watch
2024-02-09 19:50:14,0.181,Davinder’s Apple Watch
2024-02-09 19:50:15,0.181,Davinder’s Apple Watch
2024-02-09 19:50:16,0.235,Davinder’s Apple Watch
2024-02-09 19:50:17,0.238,Davinder’s Apple Watch
2024-02-09 19:50:18,0.222,Davinder’s Apple Watch
2024-02-09 19:50:19,0.193,Davinder’s Apple Watch
2024-02-09 19:50:20,0.193,Davinder’s Apple Watch
2024-02-09 19:50:21,0.218,Davinder’s Apple Watch
2024-02-09 19:50:22,0.225,Davinder’s Apple Watch
2024-02-09 19:50:23,0.225,Davinder’s Apple Watch
2024-02-09 19:50:24,0.225,Davinder’s Apple Watch
2024-02-09 19:50:25,0.225,Davinder’s Apple Watch
2024-02-09 19:50:26,0.225,Davinder’s Apple Watch
2024-02-09 19:50:27,0.225,Davinder’s Apple Watch
2024-02-09 19:50:28,0.226,Davinder’s Apple Watch
2024-02-09 19:50:29,0.256,Davinder’s Apple Watch
2024-02-09 19:50:30,0.256,Davinder’s Apple Watch
2024-02-09 19:50:31,0.256,Davinder’s Apple Watch
2024-02-09 19:50:32,0.256,Davinder’s Apple Watch
2024-02-09 19:50:33,0.256,Davinder’s Apple Watch
2024-02-09 19:50:34,0.256,Davinder’s Apple Watch
2024-02-09 19:50:35,0.256,Davinder’s Apple Watch
2024-02-09 19:50:36,0.256,Davinder’s Apple Watch
2024-02-09 19:50:37,0.254,Davinder’s Apple Watch
2024-02-09 19:50:38,0.254,Davinder’s Apple Watch
2024-02-09 19:50:39,0.254,Davinder’s Apple Watch
2024-02-09 19:50:40,0.253,Davinder’s Apple Watch
2024-02-09 19:50:41,0.253,Davinder’s Apple Watch
2024-02-09 19:50:42,0.253,Davinder’s Apple Watch
2024-02-09 19:50:43,0.253,Davinder’s Apple Watch
2024-02-09 19:50:44,0.252,Davinder’s Apple Watch
2024-02-09 19:50:45,0.251,Davinder’s Apple Watch
2024-02-09 19:50:46,0.251,Davinder’s Apple Watch
2024-02-09 19:50:47,0.251,Davinder’s Apple Watch
2024-02-09 19:50:48,0.251,Davinder’s Apple Watch
2024-02-09 19:50:49,0.251,Davinder’s Apple Watch
2024-02-09 19:50:50,0.251,Davinder’s Apple Watch
2024-02-09 19:50:51,0.251,Davinder’s Apple Watch
2024-02-09 19:50:52,0.25,Davinder’s Apple Watch
2024-02-09 19:50:53,0.25,Davinder’s Apple Watch
2024-02-09 19:50:54,0.236,Davinder’s Apple Watch
2024-02-09 19:50:55,0.191,Davinder’s Apple Watch
2024-02-09 19:50:56,0.191,Davinder’s Apple Watch
2024-02-09 19:50:57,0.23,Davinder’s Apple Watch
2024-02-09 19:50:58,0.25,Davinder’s Apple Watch
2024-02-09 19:50:59,0.25,Davinder’s Apple Watch
2024-02-09 19:51:00,0.251,Davinder’s Apple Watch
2024-02-09 19:51:01,0.251,Davinder’s Apple Watch
2024-02-09 19:51:02,0.251,Davinder’s Apple Watch
2024-02-09 19:51:03,0.251,Davinder’s Apple Watch
2024-02-09 19:51:04,0.251,Davinder’s Apple Watch
2024-02-09 19:51:05,0.25,Davinder’s Apple Watch
2024-02-09 19:51:06,0.25,Davinder’s Apple Watch
2024-02-09 19:51:07,0.249,Davinder’s Apple Watch
2024-02-09 19:51:08,0.249,Davinder’s Apple Watch
2024-02-09 19:51:09,0.249,Davinder’s Apple Watch
2024-02-09 19:51:10,0.249,Davinder’s Apple Watch
2024-02-09 19:51:11,0.249,Davinder’s Apple Watch
2024-02-09 19:51:12,0.249,Davinder’s Apple Watch
2024-02-09 19:51:13,0.247,Davinder’s Apple Watch
2024-02-09 19:51:14,0.247,Davinder’s Apple Watch
2024-02-09 19:51:15,0.212,Davinder’s Apple Watch
2024-02-09 19:51:16,0.189,Davinder’s Apple Watch
2024-02-09 19:51:17,0.19,Davinder’s Apple Watch
2024-02-09 19:51:18,0.247,Davinder’s Apple Watch
2024-02-09 19:51:19,0.247,Davinder’s Apple Watch
2024-02-09 19:51:20,0.248,Davinder’s Apple Watch
2024-02-09 19:51:21,0.249,Davinder’s Apple Watch
2024-02-09 19:51:22,0.249,Davinder’s Apple Watch
2024-02-09 19:51:23,0.249,Davinder’s Apple Watch
2024-02-09 19:51:24,0.249,Davinder’s Apple Watch
2024-02-09 19:51:25,0.243,Davinder’s Apple Watch
2024-02-09 19:51:26,0.225,Davinder’s Apple Watch
2024-02-09 19:51:27,0.225,Davinder’s Apple Watch
2024-02-09 19:51:28,0.225,Davinder’s Apple Watch
2024-02-09 19:51:29,0.225,Davinder’s Apple Watch
2024-02-09 19:51:30,0.225,Davinder’s Apple Watch
2024-02-09 19:51:31,0.225,Davinder’s Apple Watch
2024-02-09 19:51:32,0.225,Davinder’s Apple Watch
2024-02-09 19:51:33,0.208,Davinder’s Apple Watch
2024-02-09 19:51:34,0.194,Davinder’s Apple Watch
2024-02-09 19:51:35,0.194,Davinder’s Apple Watch
2024-02-09 19:51:36,0.194,Davinder’s Apple Watch
2024-02-09 19:51:37,0.194,Davinder’s Apple Watch
2024-02-09 19:51:38,0.206,Davinder’s Apple Watch
2024-02-09 19:51:39,0.225,Davinder’s Apple Watch
2024-02-09 19:51:40,0.225,Davinder’s Apple Watch
2024-02-09 19:51:41,0.225,Davinder’s Apple Watch
2024-02-09 19:51:42,0.225,Davinder’s Apple Watch
2024-02-09 19:51:43,0.225,Davinder’s Apple Watch
2024-02-09 19:51:44,0.225,Davinder’s Apple Watch
2024-02-09 19:51:45,0.225,Davinder’s Apple Watch
2024-02-09 19:51:46,0.247,Davinder’s Apple Watch
2024-02-09 19:51:47,0.259,Davinder’s Apple Watch
2024-02-09 19:51:48,0.259,Davinder’s Apple Watch
2024-02-09 19:51:49,0.259,Davinder’s Apple Watch
2024-02-09 19:51:50,0.259,Davinder’s Apple Watch
2024-02-09 19:51:51,0.259,Davinder’s Apple Watch
2024-02-09 19:51:52,0.259,Davinder’s Apple Watch
2024-02-09 19:51:53,0.259,Davinder’s Apple Watch
2024-02-09 19:51:54,0.259,Davinder’s Apple Watch
2024-02-09 19:51:55,0.259,Davinder’s Apple Watch
2024-02-09 19:51:56,0.259,Davinder’s Apple Watch
2024-02-09 19:51:57,0.259,Davinder’s Apple Watch
2024-02-09 19:51:58,0.259,Davinder’s Apple Watch
2024-02-09 19:51:59,0.255,Davinder’s Apple Watch
2024-02-09 19:52:00,0.253,Davinder’s Apple Watch
2024-02-09 19:52:01,0.248,Davinder’s Apple Watch
2024-02-09 19:52:02,0.22,Davinder’s Apple Watch
2024-02-09 19:52:03,0.22,Davinder’s Apple Watch
2024-02-09 19:52:04,0.22,Davinder’s Apple Watch
2024-02-09 19:52:05,0.22,Davinder’s Apple Watch
2024-02-09 19:52:06,0.22,Davinder’s Apple Watch
2024-02-09 19:52:07,0.25,Davinder’s Apple Watch
2024-02-09 19:52:08,0.25,Davinder’s Apple Watch
2024-02-09 19:52:09,0.25,Davinder’s Apple Watch
2024-02-09 19:52:10,0.25,Davinder’s Apple Watch
2024-02-09 19:52:11,0.25,Davinder’s Apple Watch
2024-02-09 19:52:12,0.226,Davinder’s Apple Watch
2024-02-09 19:52:13,0.221,Davinder’s Apple Watch
2024-02-09 19:52:14,0.221,Davinder’s Apple Watch
2024-02-09 19:52:15,0.221,Davinder’s Apple Watch
2024-02-09 19:52:16,0.221,Davinder’s Apple Watch
2024-02-09 19:52:17,0.242,Davinder’s Apple Watch
2024-02-09 19:52:18,0.252,Davinder’s Apple Watch
2024-02-09 19:52:19,0.252,Davinder’s Apple Watch
2024-02-09 19:52:20,0.252,Davinder’s Apple Watch
2024-02-09 19:52:21,0.252,Davinder’s Apple Watch
2024-02-09 19:52:22,0.252,Davinder’s Apple Watch
2024-02-09 19:52:23,0.252,Davinder’s Apple Watch
2024-02-09 19:52:24,0.252,Davinder’s Apple Watch
2024-02-09 19:52:25,0.25,Davinder’s Apple Watch
2024-02-09 19:52:26,0.25,Davinder’s Apple Watch
2024-02-09 19:52:27,0.25,Davinder’s Apple Watch
2024-02-09 19:52:28,0.25,Davinder’s Apple Watch
2024-02-09 19:52:29,0.25,Davinder’s Apple Watch
2024-02-09 19:52:30,0.248,Davinder’s Apple Watch
2024-02-09 19:52:31,0.248,Davinder’s Apple Watch
2024-02-09 19:52:32,0.247,Davinder’s Apple Watch
2024-02-09 19:52:33,0.244,Davinder’s Apple Watch
2024-02-09 19:52:34,0.244,Davinder’s Apple Watch
2024-02-09 19:52:35,0.244,Davinder’s Apple Watch
2024-02-09 19:52:36,0.244,Davinder’s Apple Watch
2024-02-09 19:52:37,0.244,Davinder’s Apple Watch
2024-02-09 19:52:38,0.244,Davinder’s Apple Watch
2024-02-09 19:52:39,0.244,Davinder’s Apple Watch
2024-02-09 19:52:40,0.244,Davinder’s Apple Watch
2024-02-09 19:52:41,0.244,Davinder’s Apple Watch
2024-02-09 19:52:42,0.244,Davinder’s Apple Watch
2024-02-09 19:52:43,0.218,Davinder’s Apple Watch
2024-02-09 19:52:44,0.214,Davinder’s Apple Watch
2024-02-09 19:52:45,0.214,Davinder’s Apple Watch
2024-02-09 19:52:46,0.214,Davinder’s Apple Watch
2024-02-09 19:52:47,0.214,Davinder’s Apple Watch
2024-02-09 19:52:48,0.236,Davinder’s Apple Watch
2024-02-09 19:52:49,0.244,Davinder’s Apple Watch
2024-02-09 19:52:50,0.244,Davinder’s Apple Watch
2024-02-09 19:52:51,0.244,Davinder’s Apple Watch
2024-02-09 19:52:52,0.244,Davinder’s Apple Watch
2024-02-09 19:52:53,0.229,Davinder’s Apple Watch
2024-02-09 19:52:54,0.217,Davinder’s Apple Watch
2024-02-09 19:52:55,0.217,Davinder’s Apple Watch
2024-02-09 19:52:56,0.217,Davinder’s Apple Watch
2024-02-09 19:52:57,0.217,Davinder’s Apple Watch
2024-02-09 19:52:58,0.23,Davinder’s Apple Watch
2024-02-09 19:52:59,0.248,Davinder’s Apple Watch
2024-02-09 19:53:00,0.248,Davinder’s Apple Watch
2024-02-09 19:53:01,0.248,Davinder’s Apple Watch
2024-02-09 19:53:02,0.248,Davinder’s Apple Watch
2024-02-09 19:53:03,0.241,Davinder’s Apple Watch
2024-02-09 19:53:04,0.219,Davinder’s Apple Watch
2024-02-09 19:53:05,0.219,Davinder’s Apple Watch
2024-02-09 19:53:06,0.219,Davinder’s Apple Watch
2024-02-09 19:53:07,0.219,Davinder’s Apple Watch
2024-02-09 19:53:08,0.219,Davinder’s Apple Watch
2024-02-09 19:53:09,0.219,Davinder’s Apple Watch
2024-02-09 19:53:10,0.219,Davinder’s Apple Watch
2024-02-09 19:53:11,0.234,Davinder’s Apple Watch
2024-02-09 19:53:12,0.248,Davinder’s Apple Watch
2024-02-09 19:53:13,0.248,Davinder’s Apple Watch
2024-02-09 19:53:14,0.248,Davinder’s Apple Watch
2024-02-09 19:53:15,0.248,Davinder’s Apple Watch
2024-02-09 19:53:16,0.248,Davinder’s Apple Watch
2024-02-09 19:53:17,0.248,Davinder’s Apple Watch
2024-02-09 19:53:18,0.248,Davinder’s Apple Watch
2024-02-09 19:53:19,0.248,Davinder’s Apple Watch
2024-02-09 19:53:20,0.248,Davinder’s Apple Watch
2024-02-09 19:53:21,0.248,Davinder’s Apple Watch
2024-02-09 19:53:22,0.248,Davinder’s Apple Watch
2024-02-09 19:53:23,0.248,Davinder’s Apple Watch
2024-02-09 19:53:24,0.248,Davinder’s Apple Watch
2024-02-09 19:53:25,0.248,Davinder’s Apple Watch
2024-02-09 19:53:26,0.248,Davinder’s Apple Watch
2024-02-09 19:53:27,0.248,Davinder’s Apple Watch
2024-02-09 19:53:28,0.248,Davinder’s Apple Watch
2024-02-09 19:53:29,0.248,Davinder’s Apple Watch
2024-02-09 19:53:30,0.248,Davinder’s Apple Watch
2024-02-09 19:53:31,0.248,Davinder’s Apple Watch
2024-02-09 19:53:32,0.248,Davinder’s Apple Watch
2024-02-09 19:53:33,0.248,Davinder’s Apple Watch
2024-02-09 19:53:34,0.248,Davinder’s Apple Watch
2024-02-09 19:53:35,0.248,Davinder’s Apple Watch
2024-02-09 19:53:36,0.248,Davinder’s Apple Watch
2024-02-09 19:53:37,0.248,Davinder’s Apple Watch
2024-02-09 19:53:38,0.248,Davinder’s Apple Watch
2024-02-09 19:53:39,0.245,Davinder’s Apple Watch
2024-02-09 19:53:40,0.219,Davinder’s Apple Watch
2024-02-09 19:53:41,0.219,Davinder’s Apple Watch
2024-02-09 19:53:42,0.235,Davinder’s Apple Watch
2024-02-09 19:53:43,0.248,Davinder’s Apple Watch
2024-02-09 19:53:44,0.248,Davinder’s Apple Watch
2024-02-09 19:53:45,0.248,Davinder’s Apple Watch
2024-02-09 19:53:46,0.248,Davinder’s Apple Watch
2024-02-09 19:53:47,0.248,Davinder’s Apple Watch
2024-02-09 19:53:48,0.248,Davinder’s Apple Watch
2024-02-09 19:53:49,0.248,Davinder’s Apple Watch
2024-02-09 19:53:50,0.248,Davinder’s Apple Watch
2024-02-09 19:53:51,0.248,Davinder’s Apple Watch
2024-02-09 19:53:52,0.248,Davinder’s Apple Watch
2024-02-09 19:53:53,0.248,Davinder’s Apple Watch
2024-02-09 19:53:54,0.248,Davinder’s Apple Watch
2024-02-09 19:53:55,0.248,Davinder’s Apple Watch
2024-02-09 19:53:56,0.248,Davinder’s Apple Watch
2024-02-09 19:53:57,0.248,Davinder’s Apple Watch
2024-02-09 19:53:58,0.248,Davinder’s Apple Watch
2024-02-09 19:53:59,0.248,Davinder’s Apple Watch
2024-02-09 19:54:00,0.248,Davinder’s Apple Watch
2024-02-09 19:54:01,0.248,Davinder’s Apple Watch
2024-02-09 19:54:02,0.248,Davinder’s Apple Watch
2024-02-09 19:54:03,0.248,Davinder’s Apple Watch
2024-02-09 19:54:04,0.248,Davinder’s Apple Watch
2024-02-09 19:54:05,0.248,Davinder’s Apple Watch
2024-02-09 19:54:06,0.248,Davinder’s Apple Watch
2024-02-09 19:54:07,0.248,Davinder’s Apple Watch
2024-02-09 19:54:08,0.248,Davinder’s Apple Watch
2024-02-09 19:54:09,0.248,Davinder’s Apple Watch
2024-02-09 19:54:10,0.248,Davinder’s Apple Watch
2024-02-09 19:54:11,0.248,Davinder’s Apple Watch
2024-02-09 19:54:12,0.248,Davinder’s Apple Watch
2024-02-09 19:54:13,0.248,Davinder’s Apple Watch
2024-02-09 19:54:14,0.248,Davinder’s Apple Watch
2024-02-09 19:54:15,0.248,Davinder’s Apple Watch
2024-02-09 19:54:16,0.249,Davinder’s Apple Watch
2024-02-09 19:54:17,0.248,Davinder’s Apple Watch
2024-02-09 19:54:18,0.248,Davinder’s Apple Watch
2024-02-09 19:54:19,0.248,Davinder’s Apple Watch
2024-02-09 19:54:20,0.248,Davinder’s Apple Watch
2024-02-09 19:54:21,0.248,Davinder’s Apple Watch
2024-02-09 19:54:22,0.248,Davinder’s Apple Watch
2024-02-09 19:54:23,0.248,Davinder’s Apple Watch
2024-02-09 19:54:24,0.248,Davinder’s Apple Watch
2024-02-09 19:54:25,0.248,Davinder’s Apple Watch
2024-02-09 19:54:26,0.248,Davinder’s Apple Watch
2024-02-09 19:54:27,0.248,Davinder’s Apple Watch
2024-02-09 19:54:28,0.248,Davinder’s Apple Watch
2024-02-09 19:54:29,0.248,Davinder’s Apple Watch
2024-02-09 19:54:30,0.248,Davinder’s Apple Watch
2024-02-09 19:54:31,0.233,Davinder’s Apple Watch
2024-02-09 19:54:32,0.219,Davinder’s Apple Watch
2024-02-09 19:54:33,0.219,Davinder’s Apple Watch
2024-02-09 19:54:34,0.247,Davinder’s Apple Watch
2024-02-09 19:54:35,0.248,Davinder’s Apple Watch
2024-02-09 19:54:36,0.227,Davinder’s Apple Watch
2024-02-09 19:54:37,0.188,Davinder’s Apple Watch
2024-02-09 19:54:38,0.188,Davinder’s Apple Watch
2024-02-09 19:54:39,0.235,Davinder’s Apple Watch
2024-02-09 19:54:40,0.248,Davinder’s Apple Watch
2024-02-09 19:54:41,0.248,Davinder’s Apple Watch
2024-02-09 19:54:42,0.248,Davinder’s Apple Watch
2024-02-09 19:54:43,0.248,Davinder’s Apple Watch
2024-02-09 19:54:44,0.248,Davinder’s Apple Watch
2024-02-09 19:54:45,0.248,Davinder’s Apple Watch
2024-02-09 19:54:46,0.247,Davinder’s Apple Watch
2024-02-09 19:54:47,0.219,Davinder’s Apple Watch
2024-02-09 19:54:48,0.219,Davinder’s Apple Watch
2024-02-09 19:54:49,0.219,Davinder’s Apple Watch
2024-02-09 19:54:50,0.219,Davinder’s Apple Watch
2024-02-09 19:54:51,0.219,Davinder’s Apple Watch
2024-02-09 19:54:52,0.247,Davinder’s Apple Watch
2024-02-09 19:54:53,0.251,Davinder’s Apple Watch
2024-02-09 19:54:54,0.251,Davinder’s Apple Watch
2024-02-09 19:54:55,0.251,Davinder’s Apple Watch
2024-02-09 19:54:56,0.251,Davinder’s Apple Watch
2024-02-09 19:54:57,0.251,Davinder’s Apple Watch
2024-02-09 19:54:58,0.251,Davinder’s Apple Watch
2024-02-09 19:54:59,0.243,Davinder’s Apple Watch
2024-02-09 19:55:00,0.19,Davinder’s Apple Watch
2024-02-09 19:55:01,0.19,Davinder’s Apple Watch
2024-02-09 19:55:02,0.224,Davinder’s Apple Watch
2024-02-09 19:55:03,0.251,Davinder’s Apple Watch
2024-02-09 19:55:04,0.251,Davinder’s Apple Watch
2024-02-09 19:55:05,0.191,Davinder’s Apple Watch
2024-02-09 19:55:06,0.19,Davinder’s Apple Watch
2024-02-09 19:55:07,0.202,Davinder’s Apple Watch
2024-02-09 19:55:08,0.221,Davinder’s Apple Watch
2024-02-09 19:55:09,0.221,Davinder’s Apple Watch
2024-02-09 19:55:10,0.221,Davinder’s Apple Watch
2024-02-09 19:55:11,0.221,Davinder’s Apple Watch
2024-02-09 19:55:12,0.221,Davinder’s Apple Watch
2024-02-09 19:55:13,0.221,Davinder’s Apple Watch
2024-02-09 19:55:14,0.221,Davinder’s Apple Watch
2024-02-09 19:55:15,0.221,Davinder’s Apple Watch
2024-02-09 19:55:16,0.221,Davinder’s Apple Watch
2024-02-09 19:55:17,0.221,Davinder’s Apple Watch
2024-02-09 19:55:18,0.221,Davinder’s Apple Watch
2024-02-09 19:55:19,0.221,Davinder’s Apple Watch
2024-02-09 19:55:20,0.221,Davinder’s Apple Watch
2024-02-09 19:55:21,0.221,Davinder’s Apple Watch
2024-02-09 19:55:22,0.221,Davinder’s Apple Watch
2024-02-09 19:55:23,0.221,Davinder’s Apple Watch
2024-02-09 19:55:24,0.221,Davinder’s Apple Watch
2024-02-09 19:55:25,0.221,Davinder’s Apple Watch
2024-02-09 19:55:26,0.221,Davinder’s Apple Watch
2024-02-09 19:55:27,0.221,Davinder’s Apple Watch
2024-02-09 19:55:28,0.221,Davinder’s Apple Watch
2024-02-09 19:55:29,0.221,Davinder’s Apple Watch
2024-02-09 19:55:30,0.221,Davinder’s Apple Watch
2024-02-09 19:55:31,0.221,Davinder’s Apple Watch
2024-02-09 19:55:32,0.221,Davinder’s Apple Watch
2024-02-09 19:55:33,0.221,Davinder’s Apple Watch
2024-02-09 19:55:34,0.221,Davinder’s Apple Watch
2024-02-09 19:55:35,0.221,Davinder’s Apple Watch
2024-02-09 19:55:36,0.221,Davinder’s Apple Watch
2024-02-09 19:55:37,0.221,Davinder’s Apple Watch
2024-02-09 19:55:38,0.221,Davinder’s Apple Watch
2024-02-09 19:55:39,0.221,Davinder’s Apple Watch
2024-02-09 19:55:40,0.221,Davinder’s Apple Watch
2024-02-09 19:55:41,0.221,Davinder’s Apple Watch
2024-02-09 19:55:42,0.221,Davinder’s Apple Watch
2024-02-09 19:55:43,0.222,Davinder’s Apple Watch
2024-02-09 19:55:44,0.225,Davinder’s Apple Watch
2024-02-09 19:55:45,0.225,Davinder’s Apple Watch
2024-02-09 19:55:46,0.235,Davinder’s Apple Watch
2024-02-09 19:55:47,0.239,Davinder’s Apple Watch
2024-02-09 19:55:48,0.24,Davinder’s Apple Watch
2024-02-09 19:55:49,0.246,Davinder’s Apple Watch
2024-02-09 19:55:50,0.246,Davinder’s Apple Watch
2024-02-09 19:55:51,0.246,Davinder’s Apple Watch
2024-02-09 19:55:52,0.246,Davinder’s Apple Watch
2024-02-09 19:55:53,0.246,Davinder’s Apple Watch
2024-02-09 19:55:54,0.246,Davinder’s Apple Watch
2024-02-09 19:55:55,0.247,Davinder’s Apple Watch
2024-02-09 19:55:56,0.247,Davinder’s Apple Watch
2024-02-09 19:55:57,0.247,Davinder’s Apple Watch
2024-02-09 19:55:58,0.247,Davinder’s Apple Watch
2024-02-09 19:55:59,0.241,Davinder’s Apple Watch
2024-02-09 19:56:00,0.24,Davinder’s Apple Watch
2024-02-09 19:56:01,0.24,Davinder’s Apple Watch
2024-02-09 19:56:02,0.239,Davinder’s Apple Watch
2024-02-09 19:56:03,0.239,Davinder’s Apple Watch
2024-02-09 19:56:04,0.239,Davinder’s Apple Watch
2024-02-09 19:56:05,0.239,Davinder’s Apple Watch
2024-02-09 19:56:06,0.239,Davinder’s Apple Watch
2024-02-09 19:56:07,0.239,Davinder’s Apple Watch
2024-02-09 19:56:08,0.239,Davinder’s Apple Watch
2024-02-09 19:56:09,0.239,Davinder’s Apple Watch
2024-02-09 19:56:10,0.239,Davinder’s Apple Watch
2024-02-09 19:56:11,0.239,Davinder’s Apple Watch
2024-02-09 19:56:12,0.239,Davinder’s Apple Watch
2024-02-09 19:56:13,0.24,Davinder’s Apple Watch
2024-02-09 19:56:14,0.24,Davinder’s Apple Watch
2024-02-09 19:56:15,0.24,Davinder’s Apple Watch
2024-02-09 19:56:16,0.24,Davinder’s Apple Watch
2024-02-09 19:56:17,0.24,Davinder’s Apple Watch
2024-02-09 19:56:18,0.24,Davinder’s Apple Watch
2024-02-09 19:56:19,0.24,Davinder’s Apple Watch
2024-02-09 19:56:20,0.24,Davinder’s Apple Watch
2024-02-09 19:56:21,0.24,Davinder’s Apple Watch
2024-02-09 19:56:22,0.24,Davinder’s Apple Watch
2024-02-09 19:56:23,0.24,Davinder’s Apple Watch
2024-02-09 19:56:24,0.239,Davinder’s Apple Watch
2024-02-09 19:56:25,0.24,Davinder’s Apple Watch
2024-02-09 19:56:26,0.24,Davinder’s Apple Watch
2024-02-09 19:56:27,0.24,Davinder’s Apple Watch
2024-02-09 19:56:28,0.24,Davinder’s Apple Watch
2024-02-09 19:56:29,0.24,Davinder’s Apple Watch
2024-02-09 19:56:30,0.24,Davinder’s Apple Watch
2024-02-09 19:56:31,0.24,Davinder’s Apple Watch
2024-02-09 19:56:32,0.239,Davinder’s Apple Watch
2024-02-09 19:56:33,0.237,Davinder’s Apple Watch
2024-02-09 19:56:34,0.237,Davinder’s Apple Watch
2024-02-09 19:56:35,0.237,Davinder’s Apple Watch
2024-02-09 19:56:36,0.237,Davinder’s Apple Watch
2024-02-09 19:56:37,0.237,Davinder’s Apple Watch
2024-02-09 19:56:38,0.231,Davinder’s Apple Watch
2024-02-09 19:56:39,0.231,Davinder’s Apple Watch
2024-02-09 19:56:40,0.231,Davinder’s Apple Watch
2024-02-09 19:56:41,0.231,Davinder’s Apple Watch
2024-02-09 19:56:42,0.231,Davinder’s Apple Watch
2024-02-09 19:56:43,0.202,Davinder’s Apple Watch
2024-02-09 19:56:44,0.2,Davinder’s Apple Watch
2024-02-09 19:56:45,0.2,Davinder’s Apple Watch
2024-02-09 19:56:46,0.2,Davinder’s Apple Watch
2024-02-09 19:56:47,0.2,Davinder’s Apple Watch
2024-02-09 19:56:48,0.2,Davinder’s Apple Watch
2024-02-09 19:56:49,0.2,Davinder’s Apple Watch
2024-02-09 19:56:50,0.209,Davinder’s Apple Watch
2024-02-09 19:56:51,0.243,Davinder’s Apple Watch
2024-02-09 19:56:52,0.243,Davinder’s Apple Watch
2024-02-09 19:56:53,0.243,Davinder’s Apple Watch
2024-02-09 19:56:54,0.243,Davinder’s Apple Watch
2024-02-09 19:56:55,0.243,Davinder’s Apple Watch
2024-02-09 19:56:56,0.243,Davinder’s Apple Watch
2024-02-09 19:56:57,0.243,Davinder’s Apple Watch
2024-02-09 19:56:58,0.243,Davinder’s Apple Watch
2024-02-09 19:56:59,0.243,Davinder’s Apple Watch
2024-02-09 19:57:00,0.243,Davinder’s Apple Watch
2024-02-09 19:57:01,0.242,Davinder’s Apple Watch
2024-02-09 19:57:02,0.242,Davinder’s Apple Watch
2024-02-09 19:57:03,0.242,Davinder’s Apple Watch
2024-02-09 19:57:04,0.242,Davinder’s Apple Watch
2024-02-09 19:57:05,0.242,Davinder’s Apple Watch
2024-02-09 19:57:06,0.239,Davinder’s Apple Watch
2024-02-09 19:57:07,0.237,Davinder’s Apple Watch
2024-02-09 19:57:08,0.236,Davinder’s Apple Watch
2024-02-09 19:57:09,0.227,Davinder’s Apple Watch
2024-02-09 19:57:10,0.227,Davinder’s Apple Watch
2024-02-09 19:57:11,0.225,Davinder’s Apple Watch
2024-02-09 19:57:12,0.224,Davinder’s Apple Watch
2024-02-09 19:57:13,0.224,Davinder’s Apple Watch
2024-02-09 19:57:14,0.194,Davinder’s Apple Watch
2024-02-09 19:57:15,0.194,Davinder’s Apple Watch
2024-02-09 19:57:16,0.194,Davinder’s Apple Watch
2024-02-09 19:57:17,0.194,Davinder’s Apple Watch
2024-02-09 19:57:18,0.194,Davinder’s Apple Watch
2024-02-09 19:57:19,0.197,Davinder’s Apple Watch
2024-02-09 19:57:20,0.198,Davinder’s Apple Watch
2024-02-09 19:57:21,0.199,Davinder’s Apple Watch
2024-02-09 19:57:22,0.205,Davinder’s Apple Watch
2024-02-09 19:57:23,0.205,Davinder’s Apple Watch
2024-02-09 19:57:24,0.205,Davinder’s Apple Watch
2024-02-09 19:57:25,0.205,Davinder’s Apple Watch
2024-02-09 19:57:26,0.208,Davinder’s Apple Watch
2024-02-09 19:57:27,0.239,Davinder’s Apple Watch
2024-02-09 19:57:28,0.239,Davinder’s Apple Watch
2024-02-09 19:57:29,0.255,Davinder’s Apple Watch
2024-02-09 19:57:30,0.27,Davinder’s Apple Watch
2024-02-09 19:57:31,0.27,Davinder’s Apple Watch
2024-02-09 19:57:32,0.242,Davinder’s Apple Watch
2024-02-09 19:57:33,0.239,Davinder’s Apple Watch
2024-02-09 19:57:34,0.236,Davinder’s Apple Watch
2024-02-09 19:57:35,0.23,Davinder’s Apple Watch
2024-02-09 19:57:36,0.23,Davinder’s Apple Watch
2024-02-09 19:57:37,0.23,Davinder’s Apple Watch
2024-02-09 19:57:38,0.23,Davinder’s Apple Watch
2024-02-09 19:57:39,0.235,Davinder’s Apple Watch
2024-02-09 19:57:40,0.254,Davinder’s Apple Watch
2024-02-09 19:57:41,0.254,Davinder’s Apple Watch
2024-02-09 19:57:42,0.254,Davinder’s Apple Watch
2024-02-09 19:57:43,0.254,Davinder’s Apple Watch
2024-02-09 19:57:44,0.254,Davinder’s Apple Watch
2024-02-09 19:57:45,0.253,Davinder’s Apple Watch
2024-02-09 19:57:46,0.253,Davinder’s Apple Watch
2024-02-09 19:57:47,0.253,Davinder’s Apple Watch
2024-02-09 19:57:48,0.253,Davinder’s Apple Watch
2024-02-09 19:57:49,0.253,Davinder’s Apple Watch
2024-02-09 19:57:50,0.253,Davinder’s Apple Watch
2024-02-09 19:57:51,0.253,Davinder’s Apple Watch
2024-02-09 19:57:52,0.236,Davinder’s Apple Watch
2024-02-09 19:57:53,0.194,Davinder’s Apple Watch
2024-02-09 19:57:54,0.194,Davinder’s Apple Watch
2024-02-09 19:57:55,0.194,Davinder’s Apple Watch
2024-02-09 19:57:56,0.194,Davinder’s Apple Watch
2024-02-09 19:57:57,0.199,Davinder’s Apple Watch
2024-02-09 19:57:58,0.234,Davinder’s Apple Watch
2024-02-09 19:57:59,0.234,Davinder’s Apple Watch
2024-02-09 19:58:00,0.251,Davinder’s Apple Watch
2024-02-09 19:58:01,0.266,Davinder’s Apple Watch
2024-02-09 19:58:02,0.266,Davinder’s Apple Watch
2024-02-09 19:58:03,0.235,Davinder’s Apple Watch
2024-02-09 19:58:04,0.234,Davinder’s Apple Watch
2024-02-09 19:58:05,0.246,Davinder’s Apple Watch
2024-02-09 19:58:06,0.266,Davinder’s Apple Watch
2024-02-09 19:58:07,0.266,Davinder’s Apple Watch
2024-02-09 19:58:08,0.219,Davinder’s Apple Watch
2024-02-09 19:58:09,0.208,Davinder’s Apple Watch
2024-02-09 19:58:10,0.221,Davinder’s Apple Watch
2024-02-09 19:58:11,0.269,Davinder’s Apple Watch
2024-02-09 19:58:12,0.269,Davinder’s Apple Watch
2024-02-09 19:58:13,0.23,Davinder’s Apple Watch
2024-02-09 19:58:14,0.208,Davinder’s Apple Watch
2024-02-09 19:58:15,0.212,Davinder’s Apple Watch
2024-02-09 19:58:16,0.273,Davinder’s Apple Watch
2024-02-09 19:58:17,0.273,Davinder’s Apple Watch
2024-02-09 19:58:18,0.242,Davinder’s Apple Watch
2024-02-09 19:58:19,0.208,Davinder’s Apple Watch
2024-02-09 19:58:20,0.208,Davinder’s Apple Watch
2024-02-09 19:58:21,0.267,Davinder’s Apple Watch
2024-02-09 19:58:22,0.273,Davinder’s Apple Watch
2024-02-09 19:58:23,0.252,Davinder’s Apple Watch
2024-02-09 19:58:24,0.208,Davinder’s Apple Watch
2024-02-09 19:58:25,0.208,Davinder’s Apple Watch
2024-02-09 19:58:26,0.208,Davinder’s Apple Watch
2024-02-09 19:58:27,0.208,Davinder’s Apple Watch
2024-02-09 19:58:28,0.208,Davinder’s Apple Watch
2024-02-09 19:58:29,0.208,Davinder’s Apple Watch
2024-02-09 19:58:30,0.208,Davinder’s Apple Watch
2024-02-09 19:58:31,0.189,Davinder’s Apple Watch
2024-02-09 19:58:32,0.175,Davinder’s Apple Watch
2024-02-09 19:58:33,0.174,Davinder’s Apple Watch
2024-02-09 19:58:34,0.241,Davinder’s Apple Watch
2024-02-09 19:58:35,0.241,Davinder’s Apple Watch
2024-02-09 19:58:36,0.241,Davinder’s Apple Watch
2024-02-09 19:58:37,0.241,Davinder’s Apple Watch
2024-02-09 19:58:38,0.241,Davinder’s Apple Watch
2024-02-09 19:58:39,0.241,Davinder’s Apple Watch
2024-02-09 19:58:40,0.241,Davinder’s Apple Watch
2024-02-09 19:58:41,0.249,Davinder’s Apple Watch
2024-02-09 19:58:42,0.273,Davinder’s Apple Watch
2024-02-09 19:58:43,0.273,Davinder’s Apple Watch
2024-02-09 19:58:44,0.269,Davinder’s Apple Watch
2024-02-09 19:58:45,0.267,Davinder’s Apple Watch
2024-02-09 19:58:46,0.267,Davinder’s Apple Watch
2024-02-09 19:58:47,0.267,Davinder’s Apple Watch
2024-02-09 19:58:48,0.267,Davinder’s Apple Watch
2024-02-09 19:58:49,0.267,Davinder’s Apple Watch
2024-02-09 19:58:50,0.267,Davinder’s Apple Watch
2024-02-09 19:58:51,0.267,Davinder’s Apple Watch
2024-02-09 19:58:52,0.267,Davinder’s Apple Watch
2024-02-09 19:58:53,0.267,Davinder’s Apple Watch
2024-02-09 19:58:54,0.267,Davinder’s Apple Watch
2024-02-09 19:58:55,0.267,Davinder’s Apple Watch
2024-02-09 19:58:56,0.267,Davinder’s Apple Watch
2024-02-09 19:58:57,0.247,Davinder’s Apple Watch
2024-02-09 19:58:58,0.241,Davinder’s Apple Watch
2024-02-09 19:58:59,0.241,Davinder’s Apple Watch
2024-02-09 19:59:00,0.241,Davinder’s Apple Watch
2024-02-09 19:59:01,0.241,Davinder’s Apple Watch
2024-02-09 19:59:02,0.241,Davinder’s Apple Watch
2024-02-09 19:59:03,0.241,Davinder’s Apple Watch
2024-02-09 19:59:04,0.242,Davinder’s Apple Watch
2024-02-09 19:59:05,0.273,Davinder’s Apple Watch
2024-02-09 19:59:06,0.273,Davinder’s Apple Watch
2024-02-09 19:59:07,0.273,Davinder’s Apple Watch
2024-02-09 19:59:08,0.273,Davinder’s Apple Watch
2024-02-09 19:59:09,0.273,Davinder’s Apple Watch
2024-02-09 19:59:10,0.273,Davinder’s Apple Watch
2024-02-09 19:59:11,0.273,Davinder’s Apple Watch
2024-02-09 19:59:12,0.264,Davinder’s Apple Watch
2024-02-09 19:59:13,0.242,Davinder’s Apple Watch
2024-02-09 19:59:14,0.242,Davinder’s Apple Watch
2024-02-09 19:59:15,0.242,Davinder’s Apple Watch
2024-02-09 19:59:16,0.242,Davinder’s Apple Watch
2024-02-09 19:59:17,0.237,Davinder’s Apple Watch
2024-02-09 19:59:18,0.211,Davinder’s Apple Watch
2024-02-09 19:59:19,0.211,Davinder’s Apple Watch
2024-02-09 19:59:20,0.247,Davinder’s Apple Watch
2024-02-09 19:59:21,0.276,Davinder’s Apple Watch
2024-02-09 19:59:22,0.276,Davinder’s Apple Watch
2024-02-09 19:59:23,0.212,Davinder’s Apple Watch
2024-02-09 19:59:24,0.211,Davinder’s Apple Watch
2024-02-09 19:59:25,0.237,Davinder’s Apple Watch
2024-02-09 19:59:26,0.276,Davinder’s Apple Watch
2024-02-09 19:59:27,0.276,Davinder’s Apple Watch
2024-02-09 19:59:28,0.269,Davinder’s Apple Watch
2024-02-09 19:59:29,0.267,Davinder’s Apple Watch
2024-02-09 19:59:30,0.267,Davinder’s Apple Watch
2024-02-09 19:59:31,0.267,Davinder’s Apple Watch
2024-02-09 19:59:32,0.267,Davinder’s Apple Watch
2024-02-09 19:59:33,0.267,Davinder’s Apple Watch
2024-02-09 19:59:34,0.267,Davinder’s Apple Watch
2024-02-09 19:59:35,0.263,Davinder’s Apple Watch
2024-02-09 19:59:36,0.21,Davinder’s Apple Watch
2024-02-09 19:59:37,0.21,Davinder’s Apple Watch
2024-02-09 19:59:38,0.239,Davinder’s Apple Watch
2024-02-09 19:59:39,0.267,Davinder’s Apple Watch
2024-02-09 19:59:40,0.267,Davinder’s Apple Watch
2024-02-09 19:59:41,0.215,Davinder’s Apple Watch
2024-02-09 19:59:42,0.211,Davinder’s Apple Watch
2024-02-09 19:59:43,0.233,Davinder’s Apple Watch
2024-02-09 19:59:44,0.276,Davinder’s Apple Watch
2024-02-09 19:59:45,0.276,Davinder’s Apple Watch
2024-02-09 19:59:46,0.27,Davinder’s Apple Watch
2024-02-09 19:59:47,0.267,Davinder’s Apple Watch
2024-02-09 19:59:48,0.267,Davinder’s Apple Watch
2024-02-09 19:59:49,0.267,Davinder’s Apple Watch
2024-02-09 19:59:50,0.267,Davinder’s Apple Watch
2024-02-09 19:59:51,0.253,Davinder’s Apple Watch
2024-02-09 19:59:52,0.243,Davinder’s Apple Watch
2024-02-09 19:59:53,0.242,Davinder’s Apple Watch
2024-02-09 19:59:54,0.202,Davinder’s Apple Watch
2024-02-09 19:59:55,0.202,Davinder’s Apple Watch
2024-02-09 19:59:56,0.202,Davinder’s Apple Watch
2024-02-09 19:59:57,0.202,Davinder’s Apple Watch
2024-02-09 19:59:58,0.202,Davinder’s Apple Watch
2024-02-09 19:59:59,0.202,Davinder’s Apple Watch
2024-02-09 20:00:00,0.202,Davinder’s Apple Watch
2024-02-09 20:00:01,0.22,Davinder’s Apple Watch
2024-02-09 20:00:02,0.266,Davinder’s Apple Watch
2024-02-09 20:00:03,0.266,Davinder’s Apple Watch
2024-02-09 20:00:04,0.23,Davinder’s Apple Watch
2024-02-09 20:00:05,0.214,Davinder’s Apple Watch
2024-02-09 20:00:06,0.222,Davinder’s Apple Watch
2024-02-09 20:00:07,0.281,Davinder’s Apple Watch
2024-02-09 20:00:08,0.281,Davinder’s Apple Watch
2024-02-09 20:00:09,0.246,Davinder’s Apple Watch
2024-02-09 20:00:10,0.216,Davinder’s Apple Watch
2024-02-09 20:00:11,0.216,Davinder’s Apple Watch
2024-02-09 20:00:12,0.216,Davinder’s Apple Watch
2024-02-09 20:00:13,0.216,Davinder’s Apple Watch
2024-02-09 20:00:14,0.216,Davinder’s Apple Watch
2024-02-09 20:00:15,0.216,Davinder’s Apple Watch
2024-02-09 20:00:16,0.216,Davinder’s Apple Watch
2024-02-09 20:00:17,0.216,Davinder’s Apple Watch
2024-02-09 20:00:18,0.216,Davinder’s Apple Watch
2024-02-09 20:00:19,0.224,Davinder’s Apple Watch
2024-02-09 20:00:20,0.25,Davinder’s Apple Watch
2024-02-09 20:00:21,0.25,Davinder’s Apple Watch
2024-02-09 20:00:22,0.267,Davinder’s Apple Watch
2024-02-09 20:00:23,0.276,Davinder’s Apple Watch
2024-02-09 20:00:24,0.276,Davinder’s Apple Watch
2024-02-09 20:00:25,0.276,Davinder’s Apple Watch
2024-02-09 20:00:26,0.276,Davinder’s Apple Watch
2024-02-09 20:00:27,0.268,Davinder’s Apple Watch
2024-02-09 20:00:28,0.259,Davinder’s Apple Watch
2024-02-09 20:00:29,0.259,Davinder’s Apple Watch
2024-02-09 20:00:30,0.252,Davinder’s Apple Watch
2024-02-09 20:00:31,0.252,Davinder’s Apple Watch
2024-02-09 20:00:32,0.252,Davinder’s Apple Watch
2024-02-09 20:00:33,0.252,Davinder’s Apple Watch
2024-02-09 20:00:34,0.252,Davinder’s Apple Watch
2024-02-09 20:00:35,0.252,Davinder’s Apple Watch
2024-02-09 20:00:36,0.252,Davinder’s Apple Watch
2024-02-09 20:00:37,0.252,Davinder’s Apple Watch
2024-02-09 20:00:38,0.252,Davinder’s Apple Watch
2024-02-09 20:00:39,0.252,Davinder’s Apple Watch
2024-02-09 20:00:40,0.251,Davinder’s Apple Watch
2024-02-09 20:00:41,0.251,Davinder’s Apple Watch
2024-02-09 20:00:42,0.251,Davinder’s Apple Watch
2024-02-09 20:00:43,0.252,Davinder’s Apple Watch
2024-02-09 20:00:44,0.251,Davinder’s Apple Watch
2024-02-09 20:00:45,0.251,Davinder’s Apple Watch
2024-02-09 20:00:46,0.25,Davinder’s Apple Watch
2024-02-09 20:00:47,0.25,Davinder’s Apple Watch
2024-02-09 20:00:48,0.249,Davinder’s Apple Watch
2024-02-09 20:00:49,0.249,Davinder’s Apple Watch
2024-02-09 20:00:50,0.247,Davinder’s Apple Watch
2024-02-09 20:00:51,0.241,Davinder’s Apple Watch
2024-02-09 20:00:52,0.241,Davinder’s Apple Watch
2024-02-09 20:00:53,0.221,Davinder’s Apple Watch
2024-02-09 20:00:54,0.211,Davinder’s Apple Watch
2024-02-09 20:00:55,0.211,Davinder’s Apple Watch
2024-02-09 20:00:56,0.211,Davinder’s Apple Watch
2024-02-09 20:00:57,0.211,Davinder’s Apple Watch
2024-02-09 20:00:58,0.228,Davinder’s Apple Watch
2024-02-09 20:00:59,0.243,Davinder’s Apple Watch
2024-02-09 20:01:00,0.243,Davinder’s Apple Watch
2024-02-09 20:01:01,0.243,Davinder’s Apple Watch
2024-02-09 20:01:02,0.243,Davinder’s Apple Watch
2024-02-09 20:01:03,0.239,Davinder’s Apple Watch
2024-02-09 20:01:04,0.233,Davinder’s Apple Watch
2024-02-09 20:01:05,0.233,Davinder’s Apple Watch
2024-02-09 20:01:06,0.233,Davinder’s Apple Watch
2024-02-09 20:01:07,0.233,Davinder’s Apple Watch
2024-02-09 20:01:08,0.233,Davinder’s Apple Watch
2024-02-09 20:01:09,0.233,Davinder’s Apple Watch
2024-02-09 20:01:10,0.233,Davinder’s Apple Watch
2024-02-09 20:01:11,0.253,Davinder’s Apple Watch
2024-02-09 20:01:12,0.265,Davinder’s Apple Watch
2024-02-09 20:01:13,0.265,Davinder’s Apple Watch
2024-02-09 20:01:14,0.265,Davinder’s Apple Watch
2024-02-09 20:01:15,0.265,Davinder’s Apple Watch
2024-02-09 20:01:16,0.265,Davinder’s Apple Watch
2024-02-09 20:01:17,0.265,Davinder’s Apple Watch
2024-02-09 20:01:18,0.265,Davinder’s Apple Watch
2024-02-09 20:01:19,0.237,Davinder’s Apple Watch
2024-02-09 20:01:20,0.233,Davinder’s Apple Watch
2024-02-09 20:01:21,0.223,Davinder’s Apple Watch
2024-02-09 20:01:22,0.201,Davinder’s Apple Watch
2024-02-09 20:01:23,0.201,Davinder’s Apple Watch
2024-02-09 20:01:24,0.224,Davinder’s Apple Watch
2024-02-09 20:01:25,0.233,Davinder’s Apple Watch
2024-02-09 20:01:26,0.237,Davinder’s Apple Watch
2024-02-09 20:01:27,0.262,Davinder’s Apple Watch
2024-02-09 20:01:28,0.262,Davinder’s Apple Watch
2024-02-09 20:01:29,0.147,Davinder’s Apple Watch
2024-02-09 20:01:30,0.057,Davinder’s Apple Watch
2024-02-09 20:01:31,0.057,Davinder’s Apple Watch
2024-02-09 20:01:32,0.057,Davinder’s Apple Watch
2024-02-09 20:01:33,0.057,Davinder’s Apple Watch
