Date/Time,Min (count/min),Max (count/min),Avg (count/min),Source
2024-04-04 18:42:16,129,129,129,Davinder’s Apple Watch
2024-04-04 18:42:23,134,134,134,Davinder’s Apple Watch
2024-04-04 18:42:26,135,135,135,Davinder’s Apple Watch
2024-04-04 18:42:32,136,136,136,Davinder’s Apple Watch
2024-04-04 18:42:38,137,137,137,Davinder’s Apple Watch
2024-04-04 18:42:41,137,137,137,Davinder’s Apple Watch
2024-04-04 18:42:44,136,136,136,Davinder’s Apple Watch
2024-04-04 18:42:49,137,137,137,Davinder’s Apple Watch
2024-04-04 18:42:58,136,136,136,Davinder’s Apple Watch
2024-04-04 18:42:59,136,136,136,Davinder’s Apple Watch
2024-04-04 18:43:08,134,134,134,Davinder’s Apple Watch
2024-04-04 18:43:09,134,134,134,Davinder’s Apple Watch
2024-04-04 18:43:14,135,135,135,Davinder’s Apple Watch
2024-04-04 18:43:21,137,137,137,Davinder’s Apple Watch
2024-04-04 18:43:24,137,137,137,Davinder’s Apple Watch
2024-04-04 18:43:29,135,135,135,Davinder’s Apple Watch
2024-04-04 18:43:38,134,134,134,Davinder’s Apple Watch
2024-04-04 18:43:43,134,134,134,Davinder’s Apple Watch
2024-04-04 18:43:47,134,134,134,Davinder’s Apple Watch
2024-04-04 18:43:50,135,135,135,Davinder’s Apple Watch
2024-04-04 18:43:54,136,136,136,Davinder’s Apple Watch
2024-04-04 18:43:59,135,135,135,Davinder’s Apple Watch
2024-04-04 18:44:05,136,136,136,Davinder’s Apple Watch
2024-04-04 18:44:13,136,136,136,Davinder’s Apple Watch
2024-04-04 18:44:18,135,135,135,Davinder’s Apple Watch
2024-04-04 18:44:22,136,136,136,Davinder’s Apple Watch
2024-04-04 18:44:26,138,138,138,Davinder’s Apple Watch
2024-04-04 18:44:30,140,140,140,Davinder’s Apple Watch
2024-04-04 18:44:35,142,142,142,Davinder’s Apple Watch
2024-04-04 18:44:40,144,144,144,Davinder’s Apple Watch
2024-04-04 18:44:44,144,144,144,Davinder’s Apple Watch
2024-04-04 18:44:53,150,150,150,Davinder’s Apple Watch
2024-04-04 18:44:56,151,151,151,Davinder’s Apple Watch
2024-04-04 18:44:59,151,151,151,Davinder’s Apple Watch
2024-04-04 18:45:08,151,151,151,Davinder’s Apple Watch
2024-04-04 18:45:10,151,151,151,Davinder’s Apple Watch
2024-04-04 18:45:14,151,151,151,Davinder’s Apple Watch
2024-04-04 18:45:23,150,150,150,Davinder’s Apple Watch
2024-04-04 18:45:27,149,149,149,Davinder’s Apple Watch
2024-04-04 18:45:32,150,150,150,Davinder’s Apple Watch
2024-04-04 18:45:36,152,152,152,Davinder’s Apple Watch
2024-04-04 18:45:43,152,152,152,Davinder’s Apple Watch
2024-04-04 18:45:47,153,153,153,Davinder’s Apple Watch
2024-04-04 18:45:50,152,152,152,Davinder’s Apple Watch
2024-04-04 18:45:58,152,152,152,Davinder’s Apple Watch
2024-04-04 18:45:59,151,151,151,Davinder’s Apple Watch
2024-04-04 18:46:04,150,150,150,Davinder’s Apple Watch
2024-04-04 18:46:13,148,148,148,Davinder’s Apple Watch
2024-04-04 18:46:14,147,147,147,Davinder’s Apple Watch
2024-04-04 18:46:19,147,147,147,Davinder’s Apple Watch
2024-04-04 18:46:28,146,146,146,Davinder’s Apple Watch
2024-04-04 18:46:31,147,147,147,Davinder’s Apple Watch
2024-04-04 18:46:38,148,148,148,Davinder’s Apple Watch
2024-04-04 18:46:39,148,148,148,Davinder’s Apple Watch
2024-04-04 18:46:48,146,146,146,Davinder’s Apple Watch
2024-04-04 18:46:51,146,146,146,Davinder’s Apple Watch
2024-04-04 18:46:55,148,148,148,Davinder’s Apple Watch
2024-04-04 18:47:03,148,148,148,Davinder’s Apple Watch
2024-04-04 18:47:08,148,148,148,Davinder’s Apple Watch
2024-04-04 18:47:13,148,148,148,Davinder’s Apple Watch
2024-04-04 18:47:14,149,149,149,Davinder’s Apple Watch
2024-04-04 18:47:22,150,150,150,Davinder’s Apple Watch
2024-04-04 18:47:25,150,150,150,Davinder’s Apple Watch
2024-04-04 18:47:30,150,150,150,Davinder’s Apple Watch
2024-04-04 18:47:36,150,150,150,Davinder’s Apple Watch
2024-04-04 18:47:41,150,150,150,Davinder’s Apple Watch
2024-04-04 18:47:48,149,149,149,Davinder’s Apple Watch
2024-04-04 18:47:53,148,148,148,Davinder’s Apple Watch
2024-04-04 18:47:55,148,148,148,Davinder’s Apple Watch
2024-04-04 18:48:00,149,149,149,Davinder’s Apple Watch
2024-04-04 18:48:06,149,149,149,Davinder’s Apple Watch
2024-04-04 18:48:12,151,151,151,Davinder’s Apple Watch
2024-04-04 18:48:18,151,151,151,Davinder’s Apple Watch
2024-04-04 18:48:23,151,151,151,Davinder’s Apple Watch
2024-04-04 18:48:28,150,150,150,Davinder’s Apple Watch
2024-04-04 18:48:32,150,150,150,Davinder’s Apple Watch
2024-04-04 18:48:34,150,150,150,Davinder’s Apple Watch
2024-04-04 18:48:41,151,151,151,Davinder’s Apple Watch
2024-04-04 18:48:44,151,151,151,Davinder’s Apple Watch
2024-04-04 18:48:52,151,151,151,Davinder’s Apple Watch
2024-04-04 18:48:54,151,151,151,Davinder’s Apple Watch
2024-04-04 18:49:03,153,153,153,Davinder’s Apple Watch
2024-04-04 18:49:06,153,153,153,Davinder’s Apple Watch
2024-04-04 18:49:12,155,155,155,Davinder’s Apple Watch
2024-04-04 18:49:16,154,154,154,Davinder’s Apple Watch
2024-04-04 18:49:19,153,153,153,Davinder’s Apple Watch
2024-04-04 18:49:27,151,151,151,Davinder’s Apple Watch
2024-04-04 18:49:31,148,148,148,Davinder’s Apple Watch
2024-04-04 18:49:37,150,150,150,Davinder’s Apple Watch
2024-04-04 18:49:42,150,150,150,Davinder’s Apple Watch
2024-04-04 18:49:46,152,152,152,Davinder’s Apple Watch
2024-04-04 18:49:54,154,154,154,Davinder’s Apple Watch
2024-04-04 18:49:59,155,155,155,Davinder’s Apple Watch
2024-04-04 18:50:00,155,155,155,Davinder’s Apple Watch
2024-04-04 18:50:05,154,154,154,Davinder’s Apple Watch
2024-04-04 18:50:14,154,154,154,Davinder’s Apple Watch
2024-04-04 18:50:16,152,152,152,Davinder’s Apple Watch
2024-04-04 18:50:21,154,154,154,Davinder’s Apple Watch
2024-04-04 18:50:25,153,153,153,Davinder’s Apple Watch
2024-04-04 18:50:31,151,151,151,Davinder’s Apple Watch
2024-04-04 18:50:35,150,150,150,Davinder’s Apple Watch
2024-04-04 18:50:44,148,148,148,Davinder’s Apple Watch
2024-04-04 18:50:49,149,149,149,Davinder’s Apple Watch
2024-04-04 18:50:52,148,148,148,Davinder’s Apple Watch
2024-04-04 18:50:55,148,148,148,Davinder’s Apple Watch
2024-04-04 18:51:01,149,149,149,Davinder’s Apple Watch
2024-04-04 18:51:07,148,148,148,Davinder’s Apple Watch
2024-04-04 18:51:11,149,149,149,Davinder’s Apple Watch
2024-04-04 18:51:15,149,149,149,Davinder’s Apple Watch
2024-04-04 18:51:20,149,149,149,Davinder’s Apple Watch
2024-04-04 18:51:29,147,147,147,Davinder’s Apple Watch
2024-04-04 18:51:47,146,146,146,Davinder’s Apple Watch
2024-04-04 18:51:50,147,147,147,Davinder’s Apple Watch
2024-04-04 18:51:59,152,152,152,Davinder’s Apple Watch
2024-04-04 18:52:04,153,153,153,Davinder’s Apple Watch
2024-04-04 18:52:09,155,155,155,Davinder’s Apple Watch
2024-04-04 18:52:13,156,156,156,Davinder’s Apple Watch
2024-04-04 18:52:15,155,155,155,Davinder’s Apple Watch
2024-04-04 18:52:20,155,155,155,Davinder’s Apple Watch
2024-04-04 18:52:26,154,154,154,Davinder’s Apple Watch
2024-04-04 18:52:30,154,154,154,Davinder’s Apple Watch
2024-04-04 18:52:37,156,156,156,Davinder’s Apple Watch
2024-04-04 18:52:44,155,155,155,Davinder’s Apple Watch
2024-04-04 18:52:46,156,156,156,Davinder’s Apple Watch
2024-04-04 18:52:50,157,157,157,Davinder’s Apple Watch
2024-04-04 18:52:57,158,158,158,Davinder’s Apple Watch
2024-04-04 18:53:03,158,158,158,Davinder’s Apple Watch
2024-04-04 18:53:06,158,158,158,Davinder’s Apple Watch
2024-04-04 18:53:10,157,157,157,Davinder’s Apple Watch
2024-04-04 18:53:19,151,151,151,Davinder’s Apple Watch
2024-04-04 18:53:21,150,150,150,Davinder’s Apple Watch
2024-04-04 18:53:25,150,150,150,Davinder’s Apple Watch
2024-04-04 18:53:31,150,150,150,Davinder’s Apple Watch
2024-04-04 18:53:36,148,148,148,Davinder’s Apple Watch
2024-04-04 18:53:40,149,149,149,Davinder’s Apple Watch
2024-04-04 18:53:49,146,146,146,Davinder’s Apple Watch
2024-04-04 18:53:54,144,144,144,Davinder’s Apple Watch
2024-04-04 18:53:55,144,144,144,Davinder’s Apple Watch
2024-04-04 18:54:04,146,146,146,Davinder’s Apple Watch
2024-04-04 18:54:05,145,145,145,Davinder’s Apple Watch
2024-04-04 18:54:10,146,146,146,Davinder’s Apple Watch
2024-04-04 18:54:15,147,147,147,Davinder’s Apple Watch
2024-04-04 18:54:24,147,147,147,Davinder’s Apple Watch
2024-04-04 18:54:28,147,147,147,Davinder’s Apple Watch
2024-04-04 18:54:33,147,147,147,Davinder’s Apple Watch
2024-04-04 18:54:39,150,150,150,Davinder’s Apple Watch
2024-04-04 18:54:40,150,150,150,Davinder’s Apple Watch
2024-04-04 18:54:55,153,153,153,Davinder’s Apple Watch
2024-04-04 18:55:04,152,152,152,Davinder’s Apple Watch
2024-04-04 18:55:24,152,152,152,Davinder’s Apple Watch
2024-04-04 18:55:28,153,153,153,Davinder’s Apple Watch
2024-04-04 18:55:34,154,154,154,Davinder’s Apple Watch
2024-04-04 18:55:35,153,153,153,Davinder’s Apple Watch
2024-04-04 18:55:44,156,156,156,Davinder’s Apple Watch
2024-04-04 18:55:48,157,157,157,Davinder’s Apple Watch
2024-04-04 18:55:50,158,158,158,Davinder’s Apple Watch
2024-04-04 18:55:59,157,157,157,Davinder’s Apple Watch
2024-04-04 18:56:00,158,158,158,Davinder’s Apple Watch
2024-04-04 18:56:06,161,161,161,Davinder’s Apple Watch
2024-04-04 18:56:21,160,160,160,Davinder’s Apple Watch
2024-04-04 18:56:25,161,161,161,Davinder’s Apple Watch
2024-04-04 18:56:34,163,163,163,Davinder’s Apple Watch
2024-04-04 18:56:39,160,160,160,Davinder’s Apple Watch
2024-04-04 18:56:44,162,162,162,Davinder’s Apple Watch
2024-04-04 18:56:45,161,161,161,Davinder’s Apple Watch
2024-04-04 18:56:51,161,161,161,Davinder’s Apple Watch
2024-04-04 18:56:55,163,163,163,Davinder’s Apple Watch
2024-04-04 18:57:00,162,162,162,Davinder’s Apple Watch
2024-04-04 18:57:06,162,162,162,Davinder’s Apple Watch
2024-04-04 18:57:12,162,162,162,Davinder’s Apple Watch
2024-04-04 18:57:16,163,163,163,Davinder’s Apple Watch
2024-04-04 18:57:23,163,163,163,Davinder’s Apple Watch
2024-04-04 18:57:29,163,163,163,Davinder’s Apple Watch
2024-04-04 18:57:31,163,163,163,Davinder’s Apple Watch
2024-04-04 18:57:35,163,163,163,Davinder’s Apple Watch
2024-04-04 18:57:44,162,162,162,Davinder’s Apple Watch
2024-04-04 18:57:47,162,162,162,Davinder’s Apple Watch
2024-04-04 18:57:50,163,163,163,Davinder’s Apple Watch
2024-04-04 18:57:59,162,162,162,Davinder’s Apple Watch
2024-04-04 18:58:05,160,160,160,Davinder’s Apple Watch
2024-04-04 18:58:14,162,162,162,Davinder’s Apple Watch
2024-04-04 18:58:16,161,161,161,Davinder’s Apple Watch
2024-04-04 18:58:23,161,161,161,Davinder’s Apple Watch
2024-04-04 18:58:27,161,161,161,Davinder’s Apple Watch
2024-04-04 18:58:34,161,161,161,Davinder’s Apple Watch
2024-04-04 18:58:43,161,161,161,Davinder’s Apple Watch
2024-04-04 18:58:48,161,161,161,Davinder’s Apple Watch
2024-04-04 18:58:53,162,162,162,Davinder’s Apple Watch
2024-04-04 18:58:55,162,162,162,Davinder’s Apple Watch
2024-04-04 18:59:04,160,160,160,Davinder’s Apple Watch
2024-04-04 18:59:07,160,160,160,Davinder’s Apple Watch
2024-04-04 18:59:11,160,160,160,Davinder’s Apple Watch
2024-04-04 18:59:15,160,160,160,Davinder’s Apple Watch
2024-04-04 18:59:24,158,158,158,Davinder’s Apple Watch
2024-04-04 18:59:28,155,155,155,Davinder’s Apple Watch
2024-04-04 18:59:34,154,154,154,Davinder’s Apple Watch
2024-04-04 18:59:38,154,154,154,Davinder’s Apple Watch
2024-04-04 18:59:43,156,156,156,Davinder’s Apple Watch
2024-04-04 18:59:48,156,156,156,Davinder’s Apple Watch
2024-04-04 18:59:50,156,156,156,Davinder’s Apple Watch
2024-04-04 18:59:55,157,157,157,Davinder’s Apple Watch
2024-04-04 19:00:04,154,154,154,Davinder’s Apple Watch
2024-04-04 19:00:09,157,157,157,Davinder’s Apple Watch
2024-04-04 19:00:12,158,158,158,Davinder’s Apple Watch
2024-04-04 19:00:15,158,158,158,Davinder’s Apple Watch
2024-04-04 19:00:22,159,159,159,Davinder’s Apple Watch
2024-04-04 19:00:29,159,159,159,Davinder’s Apple Watch
2024-04-04 19:00:30,159,159,159,Davinder’s Apple Watch
2024-04-04 19:00:49,162,162,162,Davinder’s Apple Watch
2024-04-04 19:00:52,162,162,162,Davinder’s Apple Watch
2024-04-04 19:00:59,164,164,164,Davinder’s Apple Watch
2024-04-04 19:01:10,167,167,167,Davinder’s Apple Watch
2024-04-04 19:01:18,167,167,167,Davinder’s Apple Watch
2024-04-04 19:01:31,168,168,168,Davinder’s Apple Watch
2024-04-04 19:01:39,168,168,168,Davinder’s Apple Watch
2024-04-04 19:01:42,167,167,167,Davinder’s Apple Watch
2024-04-04 19:01:45,166,166,166,Davinder’s Apple Watch
2024-04-04 19:02:04,169,169,169,Davinder’s Apple Watch
2024-04-04 19:02:09,167,167,167,Davinder’s Apple Watch
2024-04-04 19:02:14,166,166,166,Davinder’s Apple Watch
2024-04-04 19:02:19,167,167,167,Davinder’s Apple Watch
2024-04-04 19:02:24,167,167,167,Davinder’s Apple Watch
2024-04-04 19:02:29,167,167,167,Davinder’s Apple Watch
2024-04-04 19:02:30,168,168,168,Davinder’s Apple Watch
2024-04-04 19:02:36,167,167,167,Davinder’s Apple Watch
2024-04-04 19:02:44,164,164,164,Davinder’s Apple Watch
2024-04-04 19:02:45,164,164,164,Davinder’s Apple Watch
2024-04-04 19:02:50,163,163,163,Davinder’s Apple Watch
2024-04-04 19:02:58,162,162,162,Davinder’s Apple Watch
2024-04-04 19:03:04,163,163,163,Davinder’s Apple Watch
2024-04-04 19:03:06,163,163,163,Davinder’s Apple Watch
2024-04-04 19:03:11,163,163,163,Davinder’s Apple Watch
2024-04-04 19:03:19,162,162,162,Davinder’s Apple Watch
2024-04-04 19:03:20,162,162,162,Davinder’s Apple Watch
2024-04-04 19:03:29,157,157,157,Davinder’s Apple Watch
2024-04-04 19:03:34,155,155,155,Davinder’s Apple Watch
2024-04-04 19:03:36,155,155,155,Davinder’s Apple Watch
2024-04-04 19:03:40,157,157,157,Davinder’s Apple Watch
2024-04-04 19:03:47,158,158,158,Davinder’s Apple Watch
2024-04-04 19:03:50,158,158,158,Davinder’s Apple Watch
2024-04-04 19:03:56,158,158,158,Davinder’s Apple Watch
2024-04-04 19:04:06,159,159,159,Davinder’s Apple Watch
2024-04-04 19:04:11,160,160,160,Davinder’s Apple Watch
2024-04-04 19:04:18,164,164,164,Davinder’s Apple Watch
2024-04-04 19:04:20,164,164,164,Davinder’s Apple Watch
2024-04-04 19:04:29,161,161,161,Davinder’s Apple Watch
2024-04-04 19:04:34,162,162,162,Davinder’s Apple Watch
2024-04-04 19:04:35,162,162,162,Davinder’s Apple Watch
2024-04-04 19:04:43,161,161,161,Davinder’s Apple Watch
2024-04-04 19:04:49,161,161,161,Davinder’s Apple Watch
2024-04-04 19:04:54,161,161,161,Davinder’s Apple Watch
2024-04-04 19:04:55,160,160,160,Davinder’s Apple Watch
2024-04-04 19:05:04,162,162,162,Davinder’s Apple Watch
2024-04-04 19:05:09,163,163,163,Davinder’s Apple Watch
2024-04-04 19:05:11,163,163,163,Davinder’s Apple Watch
2024-04-04 19:05:18,163,163,163,Davinder’s Apple Watch
2024-04-04 19:05:22,162,162,162,Davinder’s Apple Watch
2024-04-04 19:05:27,164,164,164,Davinder’s Apple Watch
2024-04-04 19:05:34,165,165,165,Davinder’s Apple Watch
2024-04-04 19:05:37,165,165,165,Davinder’s Apple Watch
2024-04-04 19:05:42,163,163,163,Davinder’s Apple Watch
2024-04-04 19:05:49,162,162,162,Davinder’s Apple Watch
2024-04-04 19:05:53,163,163,163,Davinder’s Apple Watch
2024-04-04 19:05:59,162,162,162,Davinder’s Apple Watch
2024-04-04 19:06:01,162,162,162,Davinder’s Apple Watch
2024-04-04 19:06:07,161,161,161,Davinder’s Apple Watch
2024-04-04 19:06:14,159,159,159,Davinder’s Apple Watch
2024-04-04 19:06:17,158,158,158,Davinder’s Apple Watch
2024-04-04 19:06:21,157,157,157,Davinder’s Apple Watch
2024-04-04 19:06:26,157,157,157,Davinder’s Apple Watch
2024-04-04 19:06:34,161,161,161,Davinder’s Apple Watch
2024-04-04 19:06:39,160,160,160,Davinder’s Apple Watch
2024-04-04 19:06:44,158,158,158,Davinder’s Apple Watch
2024-04-04 19:06:48,157,157,157,Davinder’s Apple Watch
2024-04-04 19:06:50,157,157,157,Davinder’s Apple Watch
2024-04-04 19:06:59,157,157,157,Davinder’s Apple Watch
2024-04-04 19:07:03,157,157,157,Davinder’s Apple Watch
2024-04-04 19:07:09,156,156,156,Davinder’s Apple Watch
2024-04-04 19:07:12,155,155,155,Davinder’s Apple Watch
2024-04-04 19:07:16,151,151,151,Davinder’s Apple Watch
2024-04-04 19:07:24,150,150,150,Davinder’s Apple Watch
2024-04-04 19:07:25,150,150,150,Davinder’s Apple Watch
2024-04-04 19:07:30,150,150,150,Davinder’s Apple Watch
2024-04-04 19:07:39,150,150,150,Davinder’s Apple Watch
2024-04-04 19:07:40,150,150,150,Davinder’s Apple Watch
2024-04-04 19:07:45,148,148,148,Davinder’s Apple Watch
2024-04-04 19:07:54,148,148,148,Davinder’s Apple Watch
2024-04-04 19:07:59,146,146,146,Davinder’s Apple Watch
2024-04-04 19:08:03,143,143,143,Davinder’s Apple Watch
2024-04-04 19:08:07,143,143,143,Davinder’s Apple Watch
2024-04-04 19:08:14,143,143,143,Davinder’s Apple Watch
2024-04-04 19:08:15,143,143,143,Davinder’s Apple Watch
2024-04-04 19:08:22,142,142,142,Davinder’s Apple Watch
2024-04-04 19:08:26,143,143,143,Davinder’s Apple Watch
2024-04-04 19:08:34,143,143,143,Davinder’s Apple Watch
2024-04-04 19:08:35,144,144,144,Davinder’s Apple Watch
2024-04-04 19:08:41,141,141,141,Davinder’s Apple Watch
2024-04-04 19:08:47,142,142,142,Davinder’s Apple Watch
2024-04-04 19:08:53,142,142,142,Davinder’s Apple Watch
2024-04-04 19:08:55,143,143,143,Davinder’s Apple Watch
2024-04-04 19:09:02,144,144,144,Davinder’s Apple Watch
2024-04-04 19:09:09,142,142,142,Davinder’s Apple Watch
2024-04-04 19:09:11,141,141,141,Davinder’s Apple Watch
2024-04-04 19:09:15,141,141,141,Davinder’s Apple Watch
2024-04-04 19:09:20,142,142,142,Davinder’s Apple Watch
2024-04-04 19:09:28,148,148,148,Davinder’s Apple Watch
2024-04-04 19:09:32,149,149,149,Davinder’s Apple Watch
2024-04-04 19:09:38,151,151,151,Davinder’s Apple Watch
2024-04-04 19:09:43,150,150,150,Davinder’s Apple Watch
2024-04-04 19:09:49,150,150,150,Davinder’s Apple Watch
2024-04-04 19:09:53,150,150,150,Davinder’s Apple Watch
2024-04-04 19:09:58,148,148,148,Davinder’s Apple Watch
2024-04-04 19:10:02,149,149,149,Davinder’s Apple Watch
2024-04-04 19:10:08,149,149,149,Davinder’s Apple Watch
2024-04-04 19:10:10,148,148,148,Davinder’s Apple Watch
2024-04-04 19:10:17,148,148,148,Davinder’s Apple Watch
2024-04-04 19:10:24,149,149,149,Davinder’s Apple Watch
2024-04-04 19:10:25,149,149,149,Davinder’s Apple Watch
2024-04-04 19:10:30,149,149,149,Davinder’s Apple Watch
2024-04-04 19:10:38,151,151,151,Davinder’s Apple Watch
2024-04-04 19:10:44,151,151,151,Davinder’s Apple Watch
2024-04-04 19:10:48,150,150,150,Davinder’s Apple Watch
2024-04-04 19:10:54,148,148,148,Davinder’s Apple Watch
2024-04-04 19:10:57,148,148,148,Davinder’s Apple Watch
2024-04-04 19:11:04,147,147,147,Davinder’s Apple Watch
2024-04-04 19:11:07,147,147,147,Davinder’s Apple Watch
2024-04-04 19:11:14,147,147,147,Davinder’s Apple Watch
2024-04-04 19:11:17,148,148,148,Davinder’s Apple Watch
2024-04-04 19:11:24,144,144,144,Davinder’s Apple Watch
2024-04-04 19:11:28,142,142,142,Davinder’s Apple Watch
2024-04-04 19:11:30,142,142,142,Davinder’s Apple Watch
2024-04-04 19:11:39,139,139,139,Davinder’s Apple Watch
2024-04-04 19:11:43,140,140,140,Davinder’s Apple Watch
2024-04-04 19:11:46,140,140,140,Davinder’s Apple Watch
2024-04-04 19:11:50,143,143,143,Davinder’s Apple Watch
2024-04-04 19:11:57,143,143,143,Davinder’s Apple Watch
2024-04-04 19:12:04,142,142,142,Davinder’s Apple Watch
2024-04-04 19:12:05,142,142,142,Davinder’s Apple Watch
2024-04-04 19:12:12,142,142,142,Davinder’s Apple Watch
2024-04-04 19:12:17,141,141,141,Davinder’s Apple Watch
2024-04-04 19:12:21,141,141,141,Davinder’s Apple Watch
2024-04-04 19:12:27,143,143,143,Davinder’s Apple Watch
2024-04-04 19:12:34,145,145,145,Davinder’s Apple Watch
2024-04-04 19:12:38,143,143,143,Davinder’s Apple Watch
2024-04-04 19:12:44,142,142,142,Davinder’s Apple Watch
2024-04-04 19:12:49,140,140,140,Davinder’s Apple Watch
2024-04-04 19:12:53,140,140,140,Davinder’s Apple Watch
2024-04-04 19:12:56,139,139,139,Davinder’s Apple Watch
2024-04-04 19:13:04,138,138,138,Davinder’s Apple Watch
2024-04-04 19:13:06,139,139,139,Davinder’s Apple Watch
2024-04-04 19:13:13,139,139,139,Davinder’s Apple Watch
2024-04-04 19:13:16,139,139,139,Davinder’s Apple Watch
2024-04-04 19:13:22,140,140,140,Davinder’s Apple Watch
2024-04-04 19:13:27,140,140,140,Davinder’s Apple Watch
